galaxy,n_points,rho_Dstruct_nfw_radius,rho_Dstruct_rar_radius,rho_Dstruct_radius
CamB,9,0.7525121326622725,-0.19802950859533489,0.8218224606706397
D564-8,6,0.2571428571428572,-0.3142857142857143,0.2571428571428572
D631-7,16,0.06470588235294117,-0.3382352941176471,0.43529411764705883
DDO064,14,0.2043956043956044,-0.8593406593406594,-0.221978021978022
DDO154,12,-0.5034965034965035,-0.06993006993006995,-0.41958041958041964
DDO161,31,-0.28709677419354845,0.09435483870967742,0.09677419354838711
DDO168,10,-0.13939393939393938,-0.4545454545454545,0.04242424242424241
DDO170,8,0.4285714285714286,-0.880952380952381,-0.9047619047619048
ESO079-G014,15,-0.4035714285714285,0.05714285714285713,0.25357142857142856
ESO116-G012,15,0.35357142857142854,-0.27499999999999997,-0.3
ESO444-G084,7,0.5714285714285715,-0.25,-0.42857142857142866
ESO563-G021,30,0.17471624254899773,0.047852219296859254,0.2250167149261614
F561-1,6,0.7714285714285715,-0.942857142857143,-0.942857142857143
F563-1,17,0.4387254901960785,0.44117647058823534,-0.5465686274509804
F563-V1,6,0.8857142857142858,-0.8285714285714287,-0.8285714285714287
F563-V2,10,0.7696969696969697,-0.35757575757575755,-0.5151515151515151
F565-V2,7,0.4642857142857144,-0.642857142857143,-0.6071428571428572
F567-2,5,0.7,-0.7999999999999999,-0.9999999999999999
F568-1,12,-0.2447552447552448,-0.08391608391608392,0.0979020979020979
F568-3,18,-0.36429308565531476,-0.4757481940144479,0.3457172342621259
F568-V1,15,-0.15357142857142855,-0.035714285714285705,-0.35
F571-8,13,0.9137376515901295,-0.09750249330992238,0.9137376515901295
F571-V1,7,0.3571428571428572,-0.42857142857142866,-0.8571428571428573
F574-1,14,0.4241758241758242,0.14725274725274726,0.07692307692307693
F574-2,5,0.49999999999999994,0.39999999999999997,0.39999999999999997
F579-V1,14,0.5648351648351648,0.7406593406593407,-0.7362637362637363
F583-1,25,-0.18461538461538463,0.32923076923076927,0.6269230769230768
F583-4,12,0.3706293706293707,-0.6783216783216784,-0.6993006993006995
IC2574,34,-0.2571428571428571,0.20794499618029028,-0.6293353705118411
IC4202,32,0.17455080014821467,-0.12504584632466642,0.1334800236427524
KK98-251,15,0.4928571428571427,-0.3214285714285714,-0.2285714285714285
NGC0024,29,-0.2389162561576354,0.2532019704433497,-0.13743842364532016
NGC0055,21,-0.09480519480519481,-0.26233766233766237,-0.1064935064935065
NGC0100,21,-0.31428571428571433,-0.31428571428571433,0.17922077922077922
NGC0247,26,0.24649572649572649,0.3716239316239316,-0.6519658119658119
NGC0289,28,-0.21565407772304324,0.37055281882868085,0.26655719759168034
NGC0300,25,0.15000000000000002,-0.26615384615384613,-0.5138461538461538
NGC0801,13,0.5804682245141696,0.6382399435416463,0.6519951147386644
NGC0891,18,0.864119507203826,-0.5093429508248243,0.845447056868089
NGC1003,36,0.17889317889317893,0.2733590733590734,-0.15546975546975547
NGC1090,24,0.5953468285987569,-0.08175690560742607,0.30658839602784776
NGC1705,14,-0.2175824175824176,0.3010989010989011,-0.8549450549450549
NGC2366,26,-0.1569230769230769,0.08512820512820513,-0.18974358974358974
NGC2403,73,-0.4533197581142787,0.39648895470813283,0.15515858324077503
NGC2683,11,0.03636363636363637,0.0,-0.5
NGC2841,50,-0.04403361344537814,0.3072749099639856,0.2670348139255702
NGC2903,34,0.8209650009635381,-0.46228057183799603,0.8151501510033118
NGC2915,30,0.4650127962916518,0.36711536549340934,0.1481811111627943
NGC2955,24,0.670145699686402,-0.49575995953439217,0.31789520212249184
NGC2976,27,-0.06902872393641588,-0.08735493383103954,0.1240073536202869
NGC2998,13,0.24175824175824176,0.34065934065934067,-0.24725274725274726
NGC3109,25,-0.1453846153846154,-0.3869230769230769,-0.5684615384615384
NGC3198,43,-0.3748678490120836,0.2720132941461574,0.518501742811637
NGC3521,41,0.30766550522648095,0.6621951219512197,0.055400696864111504
NGC3726,12,-0.04195804195804196,-0.013986013986013986,0.5034965034965035
NGC3741,21,-0.24545454545454545,0.05714285714285714,-0.06623376623376624
NGC3769,12,0.06293706293706294,-0.4055944055944056,0.034965034965034975
NGC3877,13,0.7895468267088467,-0.6767544228932972,-0.10178826685793495
NGC3893,10,0.6969696969696969,0.2606060606060606,-0.10303030303030303
NGC3917,17,0.17156862745098042,-0.2132352941176471,0.029411764705882353
NGC3949,7,0.642857142857143,-0.9642857142857145,0.7142857142857144
NGC3953,8,0.023809523809523815,-0.04761904761904763,-0.6190476190476191
NGC3972,10,0.18787878787878787,0.18787878787878787,0.2121212121212121
NGC3992,9,-0.03333333333333333,0.8333333333333333,-0.7333333333333334
NGC4010,12,-0.35664335664335667,-0.9230769230769231,0.23076923076923078
NGC4013,36,-0.3045045045045045,-0.21081081081081082,0.5230373230373231
NGC4051,7,0.5357142857142858,-0.28571428571428575,0.0
NGC4068,6,-0.48571428571428577,0.08571428571428573,0.942857142857143
NGC4085,7,0.9189562119494703,-0.9549937104572924,0.8108437164260032
NGC4088,12,0.9296005160692783,0.02816971260815995,0.9084732316131584
NGC4100,24,-0.2226086956521739,0.17304347826086955,-0.3078260869565217
NGC4138,7,-0.42857142857142866,0.0,0.21428571428571433
NGC4157,17,0.8890253050520981,-0.30533420821789303,0.8792153706515233
NGC4183,23,0.14031620553359686,-0.2806324110671937,-0.4535573122529644
NGC4214,14,0.1824175824175824,0.2879120879120879,-0.2879120879120879
NGC4217,19,0.956984523380828,-0.9442247297357503,0.956984523380828
NGC4389,6,0.6546536707079772,-0.6546536707079772,0.6546536707079772
NGC4559,32,-0.13013196480938416,0.44758064516129026,0.20307917888563048
NGC5005,18,0.9791981798470976,-0.4431940643610399,0.972941322467883
NGC5033,22,0.7720983081114483,0.4032759268409467,0.7105337758626202
NGC5055,28,0.9506503588678943,-0.03547408050157893,0.9523003161005258
NGC5371,19,0.5,-0.7228070175438598,-0.5263157894736842
NGC5585,24,-0.508695652173913,-0.33739130434782605,0.37739130434782603
NGC5907,19,0.03684210526315789,0.019298245614035085,-0.612280701754386
NGC5985,33,0.3542780748663102,-0.06417112299465241,-0.5755347593582888
NGC6015,44,-0.24186046511627904,0.3680056377730796,-0.3069767441860465
NGC6195,23,0.9050449531147362,0.10682497807255903,0.7645898893526678
NGC6503,31,-0.03951612903225807,0.1641129032258065,0.2830645161290323
NGC6674,15,-0.1857142857142857,0.6035714285714285,-0.6857142857142856
NGC6946,58,0.7290429767389954,-0.19094348945605064,0.7488540943819302
NGC7331,36,0.8227347178784218,-0.10779144699476649,0.8227347178784218
NGC7793,46,0.1990129644333534,-0.2196792208143743,0.24583591545781566
NGC7814,18,0.9994838709333603,0.6360351905939565,0.9994838709333603
PGC51017,6,0.5428571428571429,-0.3142857142857143,-0.2
UGC00128,22,-0.20045172219085267,0.1485036702428007,-0.6849237718802937
UGC00191,9,-0.09999999999999999,-0.5,-0.016666666666666666
UGC00731,12,0.0979020979020979,-0.07692307692307693,-0.8321678321678322
UGC00891,5,0.3,-0.7,-0.09999999999999999
UGC01230,11,0.08181818181818183,0.22727272727272727,0.15454545454545454
UGC01281,25,-0.4646153846153846,-0.01923076923076923,0.18923076923076923
UGC02023,5,0.6,-0.8999999999999998,0.7
UGC02259,8,-0.2142857142857143,0.5952380952380953,-0.9047619047619048
UGC02455,8,0.5773502691896258,-0.4123930494211612,0.5773502691896258
UGC02487,17,-0.29656862745098045,0.08333333333333334,-0.47794117647058826
UGC02885,19,0.30701754385964913,-0.6684210526315789,0.763157894736842
UGC02916,43,0.9054680294619118,-0.6784157536583951,0.6275536073684055
UGC02953,115,0.793433329266257,0.7379716071116932,0.7616653725746221
UGC03205,48,0.19089749511738835,0.23632860214418785,0.6409748421499115
UGC03546,30,0.930406276601434,0.26511704533876795,0.930406276601434
UGC03580,47,0.9346055558792562,-0.3441228031082681,0.8981123059663738
UGC04278,25,0.22384615384615386,0.04923076923076923,-0.08076923076923077
UGC04305,22,0.8557775685706495,-0.7683258462349627,-0.6502092342490999
UGC04325,8,0.8571428571428572,0.523809523809524,-0.8095238095238096
UGC04483,8,0.6190476190476191,-0.38095238095238104,-0.5000000000000001
UGC04499,9,-0.25,-0.3,0.19999999999999998
UGC05005,11,-0.3181818181818182,-0.27272727272727276,-0.4727272727272727
UGC05253,73,0.4072874244107121,0.5340923114895718,0.8171664815500432
UGC05414,6,0.3714285714285715,-0.942857142857143,0.08571428571428573
UGC05716,12,0.34965034965034975,-0.3636363636363637,-0.7062937062937064
UGC05721,23,0.3181818181818182,-0.28952569169960474,-0.17588932806324112
UGC05750,11,0.43636363636363645,-0.3454545454545455,0.9
UGC05764,10,0.16363636363636364,0.12727272727272726,-0.6727272727272726
UGC05829,11,0.26363636363636367,-0.6727272727272727,-0.7272727272727273
UGC05918,8,0.28571428571428575,-0.7619047619047621,-0.4285714285714286
UGC05986,15,-0.09285714285714285,0.06428571428571428,0.0
UGC05999,5,0.6,-0.3,-0.6
UGC06399,9,0.65,0.21666666666666667,-0.65
UGC06446,17,0.08578431372549021,0.25000000000000006,-0.6593137254901962
UGC06614,13,0.8516483516483516,-0.7527472527472527,0.8516483516483516
UGC06628,7,0.8829187134416479,-0.9549937104572924,-0.9549937104572924
UGC06667,9,0.45,-0.03333333333333333,-0.6
UGC06786,45,-0.5421607378129117,0.6379446640316205,0.8067193675889326
UGC06787,71,0.9403358610032891,0.7974330062097619,0.9316510639512869
UGC06818,8,0.7142857142857144,-0.7142857142857144,0.8333333333333335
UGC06917,11,0.7363636363636363,0.6454545454545455,-0.7272727272727273
UGC06923,6,-0.6,-0.7714285714285715,0.6
UGC06930,10,0.06666666666666665,-0.6848484848484848,-0.4545454545454545
UGC06973,9,0.8529805141829194,-0.8529805141829194,0.8529805141829194
UGC06983,17,0.014705882352941176,0.3602941176470589,-0.1985294117647059
UGC07089,12,0.034965034965034975,-0.3846153846153847,-0.034965034965034975
UGC07125,13,0.054945054945054944,-0.6208791208791209,-0.532967032967033
UGC07151,11,0.07272727272727274,-0.3272727272727273,0.009090909090909092
UGC07261,7,0.6071428571428572,0.10714285714285716,-0.8571428571428573
UGC07323,10,0.406060606060606,-0.28484848484848485,-0.2727272727272727
UGC07399,10,0.38181818181818183,0.309090909090909,-0.6
UGC07524,31,0.13911290322580647,-0.3213709677419355,-0.36250000000000004
UGC07559,7,-0.10714285714285716,-0.25,-0.03571428571428572
UGC07577,9,0.7833333333333333,-0.19999999999999998,-0.16666666666666669
UGC07603,12,-0.18181818181818185,0.4265734265734266,0.3916083916083916
UGC07608,8,-0.2142857142857143,-0.14285714285714288,-0.09523809523809526
UGC07690,7,0.42857142857142866,0.21428571428571433,0.3214285714285715
UGC07866,7,0.6071428571428572,-0.7857142857142859,-0.8214285714285715
UGC08286,17,0.482843137254902,0.5073529411764706,-0.6715686274509804
UGC08490,30,0.3232480533926585,0.33303670745272523,-0.43003337041156836
UGC08550,11,0.20000000000000004,0.05454545454545456,-0.6727272727272727
UGC08699,41,0.9298475828240446,0.1308932586130942,0.8890632652268888
UGC08837,8,-0.261904761904762,-0.2380952380952381,0.4761904761904762
UGC09037,22,0.2752969537851605,-0.12266825250796677,0.1961561457155045
UGC09133,68,0.7599686991797572,0.5597740009078606,0.8164309338754352
UGC09992,5,-0.7,-0.9999999999999999,-0.9999999999999999
UGC10310,7,0.7500000000000002,-0.8571428571428573,-0.9642857142857145
UGC11455,36,0.7399588298808747,-0.5507209245355571,0.5777549110134595
UGC11557,12,0.9353967811175282,0.3190500648772964,0.8846388162506855
UGC11820,10,0.8303030303030302,-0.6969696969696969,-0.6484848484848483
UGC11914,65,0.40424392751459837,0.2829357838431995,-0.05107136223384238
UGC12506,31,-0.06653225806451614,0.5786290322580646,-0.7096774193548387
UGC12632,15,0.6249999999999999,-0.4964285714285714,-0.7499999999999999
UGC12732,16,0.17058823529411765,-0.12352941176470587,-0.6941176470588235
UGCA281,7,0.42857142857142866,-0.9642857142857145,0.03571428571428572
UGCA442,8,0.9523809523809524,-0.14285714285714288,-0.7619047619047621
UGCA444,36,0.24453024453024458,-0.06306306306306307,-0.8761904761904763
