case,t,shock_time_inviscid,energy,dissipation,equation_residual_defect,energy_balance_defect,enstrophy,max_gradient,activity_pressure,low_mode_fraction,high_mode_fraction,H,B,S_eff,V,R_resp,R_rob,MAAT_warning
burgers_shock_warning,0.005,1.3334230027831278,0.2656236962208697,0.00031157013518737367,0.0058712877737101075,0.16309107716293178,0.6231402703747473,1.488818128379984,0.9970244325980007,1.0,0.0,0.9941629830326452,0.8597778967054314,0.999993062196647,1.0,0.9490329433509481,0.9490329433509481,0.05089117220100385
burgers_shock_warning,0.01,1.3334230027831278,0.2656223966194976,0.00031065933202590137,0.005861927697325487,0.16332700233727965,0.6213186640518027,1.4778019032079168,0.994109862481294,1.0,0.0,0.9941722342441721,0.8596035319311476,0.9999727353872638,1.0,0.9489717272608144,0.9489717272608144,0.05087776901808359
burgers_shock_warning,0.015,1.3334230027831278,0.2656211011117786,0.0003097672807300219,0.005852887981248803,0.16356064671844092,0.6195345614600437,1.4669476675488626,0.9912552983344841,1.0,0.0,0.9941811689848646,0.8594309225052199,0.999939733131625,1.0,0.9489110474270792,0.9489110474270792,0.05086508325634081
burgers_shock_warning,0.02,1.3334230027831278,0.26561980961501663,0.0003088936808119052,0.005844164642155927,0.16379204689224292,0.6177873616238104,1.4562518714119324,0.9884597785965153,1.0,0.0,0.9941897911748238,0.8592600393432586,0.9998947477041178,1.0,0.9488508946756014,0.9488508946756014,0.05085311289180494
burgers_shock_warning,0.025,1.3334230027831278,0.26561852204788194,0.0003080382407841985,0.005835753842654106,0.16402123825193488,0.616076481568397,1.4457110678662604,0.9857223705078583,0.9999999999999998,2.220446049250313e-16,0.994198104590775,0.8590908543058431,0.9998384507052759,0.9999999999999998,0.9487912601254775,0.9487912601254775,0.050841855900800335
burgers_shock_warning,0.03,1.3334230027831278,0.26561723833036976,0.0003072006778752129,0.005827651887101238,0.16424825499762152,0.6144013557504259,1.4353219093252845,0.9830421691991087,0.999999999999999,9.992007221626409e-16,0.9942061128701646,0.8589233401960675,0.9997714936533671,0.999999999999999,0.9487321351898446,0.9487321351898446,0.05083131025365609
burgers_shock_warning,0.035,1.3334230027831278,0.2656159583837626,0.0003063807177559725,0.005819855217857778,0.16447313176639258,0.6127614355119451,1.4250811439908018,0.9804182968175437,0.9999999999999967,3.3306690738754696e-15,0.9942138195148302,0.8587574695545763,0.9996945085566756,0.9999999999999967,0.9486735111337272,0.9486735111337272,0.050821474347243385
burgers_shock_warning,0.04,1.3334230027831278,0.2656146821305904,0.00030557809427856833,0.005812360410850665,0.16469590136264176,0.6111561885571366,1.4149856124485458,0.9778499016898542,0.9999999999999919,8.104628079763643e-15,0.9942212278953537,0.8585932163323019,0.9996081084670972,0.9999999999999919,0.9486153796915555,0.9486153796915555,0.05081234638641521
burgers_shock_warning,0.045,1.3334230027831278,0.26561340949459356,0.0003047925492253053,0.005805164172393421,0.16491659594557084,0.6095850984506106,1.40503224440828,0.9753361575194166,0.999999999999982,1.7985612998927536e-14,0.994228341254173,0.8584305550117887,0.9995128880156433,0.999999999999982,0.9485577327449992,0.9485577327449992,0.050803924698555755
burgers_shock_warning,0.05,1.3334230027831278,0.26561214040068815,0.0003040238320681478,0.00579826333561652,0.16513524771925295,0.6080476641362955,1.3952180555809812,0.9728762626165164,0.9999999999999649,3.5083047578154947e-14,0.9942351627090831,0.8582694600970107,0.9994094239304309,0.9999999999999649,0.9485005621364103,0.9485005621364103,0.0507962079120867
burgers_shock_warning,0.055,1.3334230027831278,0.2656108747749311,0.0003032716997379967,0.00579165485699009,0.16535188812541166,0.6065433994759933,1.3855401446862587,0.9704694391600368,0.9999999999999379,6.206146707654625e-14,0.9942416952566449,0.8581099067068941,0.999298275537712,0.9999999999999379,0.9484438598887185,0.9484438598887185,0.05078919473343736
burgers_shock_warning,0.06,1.3334230027831278,0.26560961254448456,0.0003025359164033575,0.005785335812922868,0.16556654668560944,0.605071832806715,1.3759956905845772,0.9681149324891951,0.9999999999998977,1.0225154056797692e-13,0.9942479417755211,0.8579518714256065,0.9991799852464798,0.9999999999998977,0.9483876185200742,0.9483876185200742,0.05078288363266395
burgers_shock_warning,0.065,1.3334230027831278,0.2656083536375861,0.0003018162532579887,0.0057793033973451615,0.1657792543054296,0.6036325065159773,1.3665819495268026,0.9658120104240187,0.9999999999998439,1.56097357262297e-13,0.994253905028843,0.8577953298678309,0.999055079017168,0.9999999999998439,0.9483318301478342,0.9483318301478342,0.05077727372126535
burgers_shock_warning,0.07,1.3334230027831278,0.26560709798351395,0.0003011124883171239,0.0057735549180065685,0.16599003913073815,0.6022249766342478,1.3572962525170944,0.9635599626132549,0.9999999999997768,2.2315482794965646e-13,0.9942595876678453,0.8576402597277023,0.9989240668149422,0.9999999999997768,0.948276487613335,0.948276487613335,0.05077236364028503
burgers_shock_warning,0.075,1.3334230027831278,0.26560584551255945,0.000300424406221905,0.005768087794523002,0.16619893098123825,0.6008488124438099,1.348136002782348,0.9613580999085579,0.9999999999996995,3.005373727660299e-13,0.9942649922337748,0.8574866375144088,0.9987874430480638,0.9999999999996995,0.948221583279816,0.948221583279816,0.05076815273783681
burgers_shock_warning,0.08,1.3334230027831278,0.2656045961559943,0.0002997517980516607,0.005762899554887129,0.16640595712860404,0.5995035961033214,1.3390986733443717,0.9592057537637797,0.9999999999996182,3.8180569816859133e-13,0.9942701211613219,0.8573344416567853,0.9986456869917906,0.9999999999996182,0.9481671101778657,0.9481671101778657,0.050764639939545504
burgers_shock_warning,0.085,1.3334230027831278,0.2656033498460433,0.0002990944611437042,0.005757987833704268,0.1666111454642788,0.5981889222874084,1.3301818046888116,0.9571022756583223,0.9999999999995415,4.585221091701897e-13,0.9942749767803423,0.8571836501716497,0.9984992631982608,0.9999999999995415,0.9481130611468372,0.9481130611468372,0.050761824587354884
burgers_shock_warning,0.09,1.3334230027831278,0.26560210651585514,0.0002984521989203207,0.005753350369251329,0.16681452274725775,0.5969043978406414,1.3213830025274793,0.9550470365434984,0.9999999999994769,5.231370892033738e-13,0.9942795613187477,0.8570342419509024,0.9983486218927923,0.9999999999994769,0.9480594293103817,0.9480594293103817,0.05075970596912179
burgers_shock_warning,0.095,1.3334230027831278,0.26560086609947603,0.00029782482072265013,0.005748985001510161,0.1670161157578339,0.5956496414453003,1.3126999356489135,0.9530394263109558,0.9999999999994292,5.70765656959793e-13,0.994283876904433,0.8568861959122327,0.9981941993570125,0.9999999999994292,0.9480062077641516,0.9480062077641516,0.050758283620536686
burgers_shock_warning,0.1,1.3334230027831278,0.2655996285318213,0.0002972121416511725,0.00574488966967609,0.16721594972228404,0.594424283302345,1.3041303338534809,0.9510788532822304,0.9999999999993918,6.081801728896608e-13,0.9942879255677223,0.8567394921547553,0.998036418299219,0.9999999999993918,0.9479533900029049,0.9479533900029049,0.050757556904186
burgers_shock_warning,0.105,1.3334230027831278,0.26559839374865235,0.0002966139824125268,0.0057410624106757225,0.16741405126682882,0.5932279648250536,1.2956719859691272,0.9491647437185673,0.9999999999993366,6.63358257213531e-13,0.9942917092428195,0.8565941097889321,0.9978756882123583,0.9999999999993366,0.9479009691208451,0.9479009691208451,0.05075752578651884
burgers_shock_warning,0.11,1.3334230027831278,0.2655971616865479,0.00029603016917239975,0.0057375013562656185,0.16761044407544598,0.5920603383447994,1.2873227379441747,0.9472965413501636,0.9999999999992,8.000267115448878e-13,0.9942952297706623,0.8564500301227044,0.9977124057199936,0.9999999999992,0.947848938987792,0.947848938987792,0.05075818968721188
burgers_shock_warning,0.115,1.3334230027831278,0.2655959322828827,0.000295460533414245,0.00573420473212404,0.1678051536451969,0.59092106682849,1.279080491013599,0.9454737069240714,0.9999999999988651,1.134869975771835e-12,0.994298488899807,0.8563072331703551,0.9975469549106212,0.9999999999988651,0.9477972929619594,0.9477972929619594,0.05075954873076349
burgers_shock_warning,0.12,1.3334230027831278,0.2655947054758014,0.00029490491180359245,0.005731170855395507,0.16799820345579042,0.5898098236071849,1.270943199935393,0.9436957177699862,0.9999999999981363,1.8637313914382503e-12,0.9943014882888426,0.8561657004619279,0.9973797076606798,0.9999999999981363,0.9477460249271757,0.9477460249271757,0.050761602732890314
burgers_shock_warning,0.125,1.3334230027831278,0.265593481204196,0.0002943631460577315,0.005728398133324916,0.1681896170711294,0.588726292115463,1.2629088712943135,0.9419620673832338,0.9999999999967113,3.2887026435446387e-12,0.9943042295077308,0.8560254135002395,0.9972110239465879,0.9999999999967113,0.9476951287242884,0.9476951287242884,0.05076435175134855
burgers_shock_warning,0.13,1.3334230027831278,0.26559225940768405,0.0002938350828205544,0.005725885061636643,0.1683794180892684,0.5876701656411087,1.2549755618695482,0.9402722650242697,0.9999999999941461,5.853872941941063e-12,0.9943067140393969,0.8558863537970989,0.9970412521461268,0.9999999999941461,0.9476445981650996,0.9476445981650996,0.050767796068915905
burgers_shock_warning,0.135,1.3334230027831278,0.2655910400265852,0.0002933205735423595,0.005723630222840528,0.16856762893369145,0.586641147084719,1.247141377063873,0.9386258353340489,0.999999999989812,1.0187961585472749e-11,0.994308943281394,0.8557485037579655,0.9968707293294801,0.999999999989812,0.9475944273594977,0.9475944273594977,0.05077193587319442
burgers_shock_warning,0.14,1.3334230027831278,0.2655898230018999,0.0002928194743644249,0.005721632284886262,0.1687542717320903,0.5856389487288498,1.239404469391338,0.9370223179646606,0.999999999982855,1.7144952124681367e-11,0.9943109185472252,0.8556118460367235,0.9966997815402256,0.999999999982855,0.9475446104779341,0.9475446104779341,0.050776771484793794
burgers_shock_warning,0.145,1.3334230027831278,0.2655886082752895,0.00029233164600817355,0.0057198900000672665,0.16893936880111188,0.5846632920163471,1.2317630370212547,0.9354612672246589,0.9999999999721396,2.7860380669153528e-11,0.994312641067418,0.8554763631800857,0.9965287240665676,0.9999999999721396,0.947495141620586,0.947495141620586,0.050782303481242234
burgers_shock_warning,0.15,1.3334230027831278,0.2655873957890546,0.0002918569536687531,0.005718402203308434,0.16912294155196336,0.5837139073375062,1.2242153223756316,0.9339422517385157,0.999999999956199,4.3800962856721526e-11,0.9943141119912089,0.8553420384280036,0.9963578617030814,0.999999999956199,0.9474460151134585,0.9474460151134585,0.050788532407815556
burgers_shock_warning,0.155,1.3334230027831278,0.26558618548611457,0.00029139526691287024,0.005717167811206105,0.16930501054152527,0.5827905338257404,1.2167596107782188,0.9324648541196929,0.9999999999331771,6.682288056225616e-11,0.9943153323874857,0.8552088556747762,0.9961874890032393,0.9999999999331771,0.947397225494508,0.947397225494508,0.05079545878922461
burgers_shock_warning,0.16,1.3334230027831278,0.26558497730999064,0.00029094645958072655,0.005716185821134646,0.16948559778865607,0.581892919161453,1.2093942291527797,0.9310286706568354,0.9999999999007705,9.922951349494724e-11,0.994316303245664,0.8550767977740547,0.9960178905229694,0.9999999999007705,0.9473487668881251,0.9473487668881251,0.050803083731484476
burgers_shock_warning,0.165,1.3334230027831278,0.2655837712047839,0.0002905104096919011,0.0057154553095607515,0.1696647229329834,0.5810208193838022,1.202117544768342,0.9296333110125964,0.9999999998561738,1.4382617319341762e-10,0.9943170254773487,0.8549458493477158,0.9958493410554935,0.9999999998561738,0.947300634042945,0.947300634042945,0.050811407917403795
burgers_shock_warning,0.17,1.3334230027831278,0.26558256711515776,0.0002900869993550461,0.005714975431659198,0.16984240614504534,0.5801739987100921,1.1949279640297972,0.9282783979346624,0.9999999997960257,2.0397428190932487e-10,0.9943174999167071,0.8548159946563032,0.9956821058576801,0.9999999997960257,0.9472528215457308,0.9472528215457308,0.050820432364017155
burgers_shock_warning,0.17500000000000002,1.3334230027831278,0.26558136498632,0.00028967611468125966,0.005714745420144485,0.17001866727979228,0.5793522293625193,1.1878239313115468,0.9269635669785479,0.999999999716362,2.836380019743956e-10,0.9943177273216203,0.8546872182175749,0.9955164408681393,0.999999999716362,0.9472053240502181,0.9472053240502181,0.050830158199544624
burgers_shock_warning,0.18,1.3334230027831278,0.26558016476400415,0.0002892776457010071,0.005714764584321145,0.17019352545587213,0.5785552914020142,1.1808039278329021,0.9256884662417418,0.9999999996125785,3.8742153929405276e-10,0.9943177083746173,0.8545595051129941,0.9953525929172741,0.9999999996125785,0.9471581363907398,0.9471581363907398,0.05084058655229412
burgers_shock_warning,0.185,1.3334230027831278,0.265578966394453,0.0002888914862844735,0.005715032309613174,0.17036700014116424,0.5777829725689471,1.173866470572999,0.9244527561088364,0.9999999994794017,5.205983422129634e-10,0.9943174436833379,0.8544328401940458,0.9951907999295022,0.9999999994794017,0.9471112532892654,0.9471112532892654,0.050851718831032566
burgers_shock_warning,0.19,1.3334230027831278,0.2655777698244004,0.00028851753406523037,0.005715548056467213,0.17053910964074193,0.5770350681304607,1.1670101112240185,0.9232561090072601,0.9999999993108805,6.891195392100258e-10,0.994316933781612,0.8543072091857885,0.995031291117844,0.9999999993108805,0.9470646697635454,0.9470646697635454,0.05086355633066427
burgers_shock_warning,0.195,1.3334230027831278,0.265576575001056,0.0002881556903671079,0.005716311360018092,0.17070987305080007,0.5763113807342157,1.1602334351809471,0.92209820917327,0.9999999991003863,8.996137168537643e-10,0.9943161791297906,0.8541825972596093,0.9948742871710717,0.9999999991003863,0.947018380599972,0.947018380599972,0.050876100737652925
burgers_shock_warning,0.2,1.3334230027831278,0.26557538187208746,0.0002878058601341706,0.005717321829242318,0.17087930810952343,0.5756117202683412,1.1535350605662846,0.9209787524278725,0.9999999988406428,1.15935716582527e-09,0.9943151801155782,0.8540589906013272,0.9947200004336039,0.9999999988406428,0.9469723809333711,0.9469723809333711,0.0508893535713302
burgers_shock_warning,0.20500000000000002,1.3334230027831278,0.26557419038560526,0.00028746795186369644,0.005718579146557179,0.17104743305818146,0.5749359037273929,1.1469136372886841,0.919897445962357,0.9999999985237732,1.4762268074619556e-09,0.9943139370544293,0.8539363750522962,0.994568635078322,0.9999999985237732,0.9469266657450822,0.9469266657450822,0.05090331666483014
burgers_shock_warning,0.21,1.3334230027831278,0.2655730004901461,0.0002871418775420657,0.005720083067213327,0.17121426508359155,0.5742837550841313,1.1403678461336986,0.9188540081331401,0.9999999981413756,1.8586243655249746e-09,0.994312450190148,0.8538147372450491,0.9944203872724778,0.9999999981413756,0.9468812302829693,0.9468812302829693,0.050917991760658074
burgers_shock_warning,0.215,1.3334230027831278,0.26557181213465897,0.0002868275525834756,0.005721833419081548,0.17137982228113385,0.5736551051669512,1.1338963978857695,0.9178481682656535,0.9999999976846229,2.315377112260819e-09,0.9943107196950975,0.8536940631712518,0.9942754453368565,0.9999999976846229,0.9468360695322752,0.9468360695322752,0.050933381017068374
burgers_shock_warning,0.22,1.3334230027831278,0.2655706252684871,0.0002865248957713877,0.005723830101830284,0.17154412044702605,0.5730497915427754,1.1274980324797261,0.9168796664669737,0.999999997144397,2.855602976303828e-09,0.9943087456710151,0.853574340519442,0.9941339898983466,0.999999997144397,0.9467911790802023,0.9467911790802023,0.0509494861783171
burgers_shock_warning,0.225,1.3334230027831278,0.2655694398413565,0.0002862338292026403,0.005726073087346371,0.17170717746111422,0.5724676584052806,1.121171518181409,0.9159482534469836,0.9999999965114476,3.488552446917481e-09,0.9943065281485955,0.8534555554800186,0.99399619403607,0.9999999965114476,0.9467465539347478,0.9467465539347478,0.05096630970550314
burgers_shock_warning,0.23,1.3334230027831278,0.2655682558033594,0.0002859542782341387,0.005728562418753789,0.17186900978432934,0.5719085564682773,1.114915650795201,0.9150536903477798,0.999999995776583,4.223416949500347e-09,0.994304067088463,0.8533376952975656,0.9938622234212097,0.999999995776583,0.9467021894687181,0.9467021894687181,0.05098385387111096
burgers_shock_warning,0.23500000000000001,1.3334230027831278,0.2655670731049393,0.0002856861714320582,0.00573129821047132,0.17202963306229335,0.5713723428641164,1.1087292528986263,0.9141957485811237,0.9999999949308908,5.069109243471814e-09,0.9943013623811159,0.853220747829718,0.9937322364506727,0.9999999949308908,0.9466580812568538,0.9466580812568538,0.051002120914694776
burgers_shock_warning,0.24,1.3334230027831278,0.26556589169687916,0.00028542944052349395,0.005734280648412529,0.17218906441314155,0.5708588810469879,1.1026111731018229,0.9133742096737194,0.9999999939659808,6.034019173206673e-09,0.9942984138467313,0.8531046998810312,0.9936063843747179,0.9999999939659808,0.9466142244597346,0.9466142244597346,0.05102111363128366
burgers_shock_warning,0.245,1.3334230027831278,0.26556471153028394,0.00028518402035048384,0.005737509989049769,0.1723473183115457,0.5703680407009677,1.0965602853318046,0.9125888651200884,0.9999999928742587,7.125741330327173e-09,0.9942952212360935,0.8529895401989179,0.9934848114186687,0.9999999928742587,0.9465706149322319,0.9465706149322319,0.05104083431085399
burgers_shock_warning,0.25,1.3334230027831278,0.26556353255657117,0.0002849498488263598,0.005740986560410969,0.17250441192646232,0.5698996976527195,1.0905754881400553,0.9118395162428925,0.9999999916492096,8.350790392519514e-09,0.9942917842296107,0.8528752555881371,0.9933676548988314,0.9999999916492096,0.9465272477862539,0.9465272477862539,0.051061286111527805
burgers_shock_warning,0.255,1.3334230027831278,0.2655623547274536,0.0002847268668943522,0.005744710761189853,0.1726603595356645,0.5694537337887045,1.0846557040327836,0.9111259740604695,0.9999999902857029,9.714297144469697e-09,0.9942881024382002,0.8527618349749349,0.9932550453327265,0.9999999902857029,0.9464841188944454,0.9464841188944454,0.05108247162222116
burgers_shock_warning,0.26,1.3334230027831278,0.26556117799492795,0.0002845150184884089,0.005748683061241715,0.17281517667589064,0.5690300369768178,1.0787998788230744,0.9104480591614519,0.9999999887802956,1.1219704387777085e-08,0.9942841754028013,0.8526492663867971,0.9931471065437407,0.9999999887802956,0.9464412237730174,0.9464412237730174,0.051104393929566554
burgers_shock_warning,0.265,1.3334230027831278,0.26556000231126187,0.00028431425049617055,0.005752904001809647,0.17296887869587055,0.5686285009923411,1.0730069810036589,0.9098056015862902,0.9999999871315401,1.286845985326579e-08,0.9942800025941568,0.8525375380051169,0.9930439557603001,0.9999999871315401,0.9463985579711848,0.9463985579711848,0.05112705624540121
burgers_shock_warning,0.27,1.3334230027831278,0.265558827628979,0.00028412451272405285,0.005757374195138388,0.17312147938744887,0.5682490254481057,1.067276001139993,0.9091984407155147,0.9999999853402741,1.4659725877663732e-08,0.9942755834132007,0.8524266391594456,0.9929457037096536,0.9999999853402741,0.9463561174393763,0.9463561174393763,0.05115046155543379
burgers_shock_warning,0.275,1.3334230027831278,0.26555765390084884,0.0002839457578644014,0.0057620943254103225,0.17327299423180542,0.5678915157288028,1.0616059512828648,0.9086264251646309,0.9999999834098864,1.6590113616210544e-08,0.994270917190138,0.8523165579676066,0.9928524547063643,0.9999999834098864,0.946313897655859,0.946313897655859,0.05117461345216357
burgers_shock_warning,0.28,1.3334230027831278,0.2655564810798727,0.00028377794146466385,0.00576706514845972,0.17342343736550064,0.5675558829293277,1.055995864399469,0.9080894126854715,0.999999981346547,1.8653453004446874e-08,0.9942660031847349,0.852207283540492,0.992764306735583,0.999999981346547,0.9462718944427971,0.9462718944427971,0.05119951535638269
burgers_shock_warning,0.28500000000000003,1.3334230027831278,0.2655553091192714,0.0002836210218985504,0.005772287492434259,0.17357282312149586,0.5672420437971009,1.0504447938225974,0.9075872700739094,0.9999999791593858,2.0840614234352017e-08,0.9942608405856702,0.8520988048617018,0.9926813515311893,0.9999999791593858,0.94623010355158,0.94623010355158,0.0512251709126793
burgers_shock_warning,0.29,1.3334230027831278,0.2655541379724725,0.0002834749603391429,0.005777762257809313,0.17372116511429905,0.5669499206782858,1.0449518127169508,0.907119873083806,0.9999999768606013,2.3139398730442906e-08,0.99425542851053,0.8519911114516011,0.9926036746488703,0.9999999768606013,0.9461885209086911,0.9461885209086911,0.05125158375521647
burgers_shock_warning,0.295,1.3334230027831278,0.26555296759309943,0.0002833397207339175,0.005783490418174781,0.17386847779685458,0.566679441467835,1.039516013562489,0.9066871063470855,0.9999999744654886,2.553451139419849e-08,0.9942497660050373,0.8518841922366164,0.9925313555342065,0.9999999744654886,0.9461471421969774,0.9461471421969774,0.05127875790679609
burgers_shock_warning,0.3,1.3334230027831278,0.26555179793495753,0.00028321526978165455,0.005789473020576122,0.1740147742251158,0.5664305395633091,1.034136507653523,0.9062888632998447,0.9999999719923653,2.8007634655935476e-08,0.994243852042725,0.8517780371716612,0.9924644675858281,0.9999999719923653,0.946105963456161,0.946105963456161,0.05130669720713965
burgers_shock_warning,0.305,1.3334230027831278,0.2655506289520233,0.0002831015769111995,0.005795711185857673,0.1741600680187525,0.5662031538223989,1.0288124246135457,0.9059250461143891,0.9999999694623755,3.0537624540194486e-08,0.9942376855246037,0.8516726358164899,0.9924030782137006,0.9999999694623755,0.94606498055571,0.94606498055571,0.051335405815315455
burgers_shock_warning,0.31,1.3334230027831278,0.2655494605984332,0.0002829986142620586,0.005802206109910035,0.17430437317470446,0.5659972285241172,1.0235429119249568,0.9055955656371387,0.9999999668991605,3.310083951379994e-08,0.9942312652779407,0.8515679774712269,0.9923472488925944,0.9999999668991605,0.9460241892445039,0.9460241892445039,0.05136488816273041
burgers_shock_warning,0.315,1.3334230027831278,0.26554829282846915,0.0002829063566667935,0.005808959063073808,0.17444770157022085,0.5658127133335871,1.0183271344729796,0.905300341332291,0.999999964328368,3.5671631981593066e-08,0.9942245900568583,0.8514640529867898,0.9922970352107852,0.999999964328368,0.945983585821322,0.945983585821322,0.05139514831562512
burgers_shock_warning,0.32,1.3334230027831278,0.26554712559655047,0.0002828247816352079,0.005815971392408377,0.17459006753267067,0.5656495632704157,1.0131642741039117,0.9050393012312172,0.9999999617769879,3.822301208877832e-08,0.9942176585401035,0.8513608514505726,0.9922524869140344,0.9999999617769879,0.9459431659066725,0.9459431659066725,0.051426191144521856
burgers_shock_warning,0.325,1.3334230027831278,0.2655459588572202,0.00028275386934029193,0.005823244521211418,0.17473148370601846,0.5655077386805838,1.0080535291963706,0.9048123818874866,0.9999999592724935,4.072750647843293e-08,0.9942104693315341,0.851258363183747,0.9922136479448853,0.9999999592724935,0.9459029255526274,0.9459029255526274,0.05145802126880647
burgers_shock_warning,0.33,1.3334230027831278,0.26554479256513286,0.00028269360260591757,0.005830779950224783,0.17487196209997288,0.5653872052118352,1.002994114245753,0.904619528337489,0.9999999568417703,4.3158229656725666e-08,0.9942030209589396,0.8511565789795463,0.9921805564773111,0.9999999568417703,0.9458628609601579,0.9458628609601579,0.05149064332670702
burgers_shock_warning,0.335,1.3334230027831278,0.2655436266750452,0.00028264396689626847,0.005838579258784173,0.17501151620700173,0.565287933792537,1.0009980166526766,0.9044606940666121,0.9999999545098178,4.5490182176699534e-08,0.9941953118729182,0.8510554885692118,0.99215324494675,0.9999999545098178,0.9458229679101681,0.9458229679101681,0.051524062517410124
burgers_shock_warning,0.34,1.3334230027831278,0.26554246114180324,0.00028260495030698875,0.005846644105357988,0.17515015813741355,0.5652099006139775,1.0059191669581615,0.9043358409809172,0.9999999522982059,4.77017940703206e-08,0.9941873404463578,0.8509550826976677,0.9921317400755494,0.9999999522982059,0.9457832425317119,0.9457832425317119,0.051558283871414624
burgers_shock_warning,0.34500000000000003,1.3334230027831278,0.26554129592033093,0.0002825765435580416,0.0058549762287242926,0.17528790003956585,0.5651530871160833,1.0108336279543932,0.9042449393842866,0.999999950223279,4.977672096728725e-08,0.994179104973287,0.8508553520940146,0.9921160628938421,0.999999950223279,0.945743680919789,0.945743680919789,0.0515933126152917
burgers_shock_warning,0.35000000000000003,1.3334230027831278,0.26554013096562035,0.0002825587399882729,0.005863577449091377,0.1754247548585615,0.5651174799765457,1.0160232279206016,0.9041879679610266,0.999999948294088,5.1705911996435816e-08,0.994170603667784,0.8507562869222792,0.9921062287558762,0.999999948294088,0.9457042789308523,0.9457042789308523,0.051629154367420126
burgers_shock_warning,0.355,1.3334230027831278,0.2655389662327174,0.00028255153555166543,0.00587244966879837,0.17556073332800703,0.5651030711033308,1.0213350911172683,0.9041649137638829,0.9999999465100535,5.348994647214056e-08,0.9941618346632995,0.850657878958754,0.9921022473518043,0.9999999465100535,0.94566503298864,0.94566503298864,0.05166581437314291
burgers_shock_warning,0.36,1.3334230027831278,0.26553780167671454,0.0002825549288152935,0.005881594874372508,0.17569584886444356,0.5651098576305871,1.0266509492713605,0.9041757722074928,0.999999944858345,5.5141655019852465e-08,0.9941527960106408,0.8505601180491188,0.9921041227149524,0.999999944858345,0.9456259387700005,0.9456259387700005,0.05170329875596105
burgers_shock_warning,0.365,1.3334230027831278,0.2655366372527367,0.0002825689209589582,0.005891015136689997,0.17583011268316598,0.5651378419179164,1.0319680045494957,0.9042205470672197,0.9999999433109817,5.668901825739425e-08,0.9941434856778302,0.8504629956431942,0.9921118532245603,0.9999999433109817,0.9455869925137306,0.9455869925137306,0.05174161327464698
burgers_shock_warning,0.37,1.3334230027831278,0.26553547291593066,0.000282593515776519,0.005900712613026609,0.17596353638485068,0.5651870315530381,1.0372832733335002,0.9042992504834142,0.9999999418216564,5.817834358712304e-08,0.9941339015480978,0.8503665029225327,0.9921254316040033,0.9999999418216564,0.9455481903251817,0.9455481903251817,0.051780763986277505
burgers_shock_warning,0.375,1.3334230027831278,0.26553430862145533,0.0002826287196789172,0.005910689548363601,0.17609613238588223,0.5652574393578343,1.0425935770284724,0.9044119029710881,0.9999999403222892,5.967771077308726e-08,0.99412404141861,0.8502706304894944,0.9921448449144883,0.9999999403222892,0.9455095280595041,0.9455095280595041,0.0518207573592004
burgers_shock_warning,0.38,1.3334230027831278,0.2655331443244681,0.0002826745416988928,0.005920948276337612,0.17622791136818985,0.5653490833977856,1.0478955325869497,0.9045585334350098,0.9999999387193217,6.128067830957207e-08,0.9941139029995516,0.8501753702110322,0.9921700745442125,0.9999999387193217,0.9454710020036177,0.9454710020036177,0.05186159962656252
burgers_shock_warning,0.385,1.3334230027831278,0.2655319799801157,0.0002827309934974096,0.005931491221422436,0.17635888523423532,0.5654619869948192,1.0532530120188879,0.9047391791902634,0.9999999368897713,6.311022870963967e-08,0.9941034839119907,0.8500807130817745,0.9922010961929776,0.9999999368897713,0.9454326080822755,0.9454326080822755,0.05190329754349324
burgers_shock_warning,0.39,1.3334230027831278,0.2655308155435222,0.000282798089371789,0.005942320900260603,0.17648906543133303,0.565596178743578,1.0590055906247953,0.9049538859882771,0.9999999346770674,6.532293261862776e-08,0.9940927816865855,0.8499866504355251,0.9922378798522371,0.9999999346770674,0.9453943423054099,0.9453943423054099,0.05194585796401411
burgers_shock_warning,0.395,1.3334230027831278,0.2655296509697771,0.00028287584626556764,0.005953439922960103,0.17661846257831568,0.5657516925311352,1.0647625254037387,0.9052027080483682,0.9999999318866956,6.811330444111974e-08,0.9940817937623275,0.8498931742144409,0.9922803897805581,0.9999999318866956,0.94535620086623,0.94535620086623,0.05198928775010279
burgers_shock_warning,0.4,1.3334230027831278,0.26552848621392655,0.00028296428378009244,0.0059648509956929645,0.1767470891586491,0.5659285675601848,1.070520505614223,0.9054857080948472,0.9999999282816849,7.17183150644729e-08,0.9940705174839967,0.8498002750233954,0.9923285844744694,0.9999999282816849,0.9453181794176503,0.9453181794176503,0.052033594462645265
burgers_shock_warning,0.405,1.3334230027831278,0.26552732123095835,0.0002830634241878628,0.005976556921587909,0.1768749548398199,0.5661268483757256,1.076275992362209,0.9058029573997118,0.9999999235779764,7.64220235982549e-08,0.9940589501013056,0.84970794551075,0.9923824166346652,0.9999999235779764,0.9452802743240845,0.9452802743240845,0.05207878517315558
burgers_shock_warning,0.41000000000000003,1.3334230027831278,0.26552615597579393,0.0002831732924476462,0.005988560603331439,0.1770020716093938,0.5663465848952923,1.082025206984939,0.906154535831018,0.9999999174397218,8.256027816955225e-08,0.9940470887663575,0.8496161766585788,0.9924418331275318,0.9999999174397218,0.945242481283666,0.945242481283666,0.052124867777520345
burgers_shock_warning,0.41500000000000004,1.3334230027831278,0.26552499040327593,0.00028329391622137855,0.006000865044899092,0.17712845059654936,0.5665878324427571,1.0877641190816534,0.9065405319069612,0.9999999094745531,9.052544691634523e-08,0.9940349305319621,0.849524960078245,0.9925067749419523,0.9999999094745531,0.9452047961774067,0.9452047961774067,0.05217185019102148
burgers_shock_warning,0.42,1.3334230027831278,0.2655238244681546,0.00028342532589287385,0.006013473353421614,0.1772541013742289,0.5668506517857477,1.0934884342109743,0.9069610428557453,0.9999998992288947,1.0077110534911782e-07,0.9940224723498221,0.8494342885131451,0.9925771771413479,0.9999998992288947,0.9451672152537125,0.9451672152537125,0.0522197401754955
burgers_shock_warning,0.425,1.3334230027831278,0.2655226581250803,0.00028356755458837325,0.0060263887420549,0.17737903628075655,0.5671351091767465,1.099516333526222,0.9074161746813427,0.9999998861833642,1.138166357828041e-07,0.9940097110677283,0.8493441527198562,0.992652968810908,0.9999998861833642,0.9451297339693439,0.9451297339693439,0.05226854644613714
burgers_shock_warning,0.43,1.3334230027831278,0.2655214913285885,0.00028372063819894833,0.006039614531408724,0.1775032651074323,0.5674412763978967,1.1057732823827848,0.9079060422351822,0.999999869748343,1.3025165701563424e-07,0.9939966434281796,0.8492545453016326,0.9927340729999484,0.999999869748343,0.945092348409392,0.945092348409392,0.052318277322701924
burgers_shock_warning,0.435,1.3334230027831278,0.26552032403309,0.0002838846154048016,0.006053154152530256,0.17762679903819423,0.5677692308096032,1.1120312027826822,0.9084307692939118,0.9999998492597747,1.5074022530203735e-07,0.9939832660654703,0.8491654578655412,0.9928204066593461,0.9999998492597747,0.9450550542306502,0.9450550542306502,0.05236894173917275
burgers_shock_warning,0.44,1.3334230027831278,0.26551915619285843,0.0002840595277014834,0.006067011149177156,0.1777496485235675,0.5681190554029668,1.118285874327091,0.9089904886432927,0.9999998239752791,1.760247209103838e-07,0.9939695755034775,0.8490768825561568,0.9929118805739797,0.9999998239752791,0.9450178472285831,0.9450178472285831,0.05242054870725401
burgers_shock_warning,0.445,1.3334230027831278,0.26551798776201807,0.00028424541942806923,0.006081189180210953,0.1778718238629247,0.5684908388561385,1.1245327794360223,0.9095853421683664,0.9999997930706561,2.0692934388222284e-07,0.9939555681533354,0.8489888116352254,0.9930083992901121,0.9999997930706561,0.9449807231796202,0.9449807231796202,0.05247310747015163
burgers_shock_warning,0.45,1.3334230027831278,0.2655168186945336,0.00028444233779732926,0.006095692022719646,0.17799333641500306,0.5688846755946585,1.1307670880825456,0.9102154809499975,0.9999997556368591,2.44363140944337e-07,0.9939412403103878,0.8489012366091206,0.9931098610376355,0.9999997556368591,0.9449436775155147,0.9449436775155147,0.05252662781692947
burgers_shock_warning,0.455,1.3334230027831278,0.26551564894419644,0.00028465033292793084,0.006110523574392896,0.1781141964548014,0.5693006658558617,1.1369836421164883,0.9108810653679215,0.9999997106775323,2.8932246765034364e-07,0.9939265881518822,0.8488141497736083,0.9932161576471042,0.9999997106775323,0.9449067058949826,0.9449067058949826,0.05258111954126316
burgers_shock_warning,0.46,1.3334230027831278,0.26551447846461157,0.00028486945787871464,0.006125687856393896,0.17823441342306812,0.5697389157574293,1.1431914523170805,0.9115822652104285,0.9999996571071885,3.4289281147792394e-07,0.9939116077341738,0.8487275440332352,0.9933271744614637,0.9999996571071885,0.944869804135331,0.944869804135331,0.05263659251016556
burgers_shock_warning,0.465,1.3334230027831278,0.26551330720918853,0.0002850997686850987,0.006141189017005413,0.17835399914088132,0.5701995373701974,1.1500184156747104,0.9123192597908563,0.9999995937501179,4.0624988206783286e-07,0.9938962949891702,0.8486414105855148,0.993442790242394,0.9999995937501179,0.9448329673516409,0.9448329673516409,0.052693057489780655
burgers_shock_warning,0.47000000000000003,1.3334230027831278,0.2655121351311258,0.000285341324397645,0.006157031334052802,0.1784729631550535,0.5706826487952901,1.1568464253646817,0.9130922380710034,0.9999995193401189,4.806598811191165e-07,0.9938806457219811,0.8485557422741047,0.9935628770711626,0.9999995193401189,0.944796191200254,0.944796191200254,0.05275052496249632
burgers_shock_warning,0.47500000000000003,1.3334230027831278,0.26551096218339976,0.00028559418712285244,0.006173219218632746,0.17859131604354261,0.5711883742457049,1.163670419201684,0.9139013987916658,0.9999994325211282,5.674788717824342e-07,0.9938646556072852,0.8484705312074906,0.9936873002438898,0.9999994325211282,0.9447594709941737,0.9447594709941737,0.05280900597556331
burgers_shock_warning,0.48,1.3334230027831278,0.26550978831875094,0.0002858584220662237,0.006189757218228854,0.17870906777790802,0.5717168441324474,1.1704849635114378,0.9147469506104524,0.999999331848836,6.681511639516913e-07,0.9938483201863023,0.8483857699382862,0.9938159181611168,0.999999331848836,0.9447228021402854,0.9447228021402854,0.052868511727738265
burgers_shock_warning,0.485,1.3334230027831278,0.2655086134896726,0.0002861340975776689,0.006206650020719657,0.17882622924418703,0.5722681951553378,1.1772842334504845,0.9156291122470757,0.9999992157933656,7.842066344077026e-07,0.9938316348628864,0.8483014503682678,0.9939485822115635,0.9999992157933656,0.944686179732572,0.944686179732572,0.05292905396247668
burgers_shock_warning,0.49,1.3334230027831278,0.265507437648396,0.00028642128519930534,0.006223902457576642,0.17894281031185083,0.5728425703986106,1.1840619928200882,0.9165481126363108,0.9999990827430887,9.172569113147233e-07,0.9938145949004238,0.8482175651382806,0.9940851366499549,0.9999990827430887,0.9446495990682493,0.9446495990682493,0.05299064447873959
burgers_shock_warning,0.495,1.3334230027831278,0.26550626074687855,0.0002867200597157191,0.0062415195080272505,0.17905882167742576,0.5734401194314381,1.1908115734377962,0.9175041910888332,0.9999989310096383,1.0689903616745156e-06,0.9937971954177772,0.8481341063012598,0.9942254184687901,0.9999989310096383,0.9446130551555162,0.9446130551555162,0.05305329560628118
burgers_shock_warning,0.5,1.3334230027831278,0.26550508273678886,0.0002870304992067573,0.006259506302944268,0.17917427322262708,0.5740609984135145,1.1978846090032593,0.9184975974601539,0.9999987588341867,1.2411658133482106e-06,0.9937794313855061,0.8480510665035522,0.994369257263919,0.9999987588341867,0.9445765431528776,0.9445765431528776,0.05311701978964024
burgers_shock_warning,0.505,1.3334230027831278,0.26550390356949405,0.0002873526851029267,0.006277868129039076,0.17928917540407383,0.5747053702058533,1.2053667243754467,0.9195285923278943,0.9999985643950281,1.4356049718999842e-06,0.9937612976217878,0.8479684379849906,0.9945164750937894,0.9999985643950281,0.9445400579990526,0.9445400579990526,0.05318182994700062
burgers_shock_warning,0.51,1.3334230027831278,0.2655027231960448,0.0002876867022434725,0.006296610433133844,0.1794035379785592,0.5753734044869451,1.212844113604136,0.9205974471776394,0.9999983458165093,1.654183490740202e-06,0.9937427887882643,0.8478862134956384,0.9946668863322154,0.9999983458165093,0.9445035947548426,0.9445035947548426,0.053247739147169425
burgers_shock_warning,0.515,1.3334230027831278,0.2655015415671631,0.0002880326389372232,0.006315738826962208,0.17951737209834978,0.5760652778744464,1.2203101991194292,0.9217044445976397,0.9999981011793319,1.8988206681447295e-06,0.9937238993853716,0.847804384789187,0.9948202975145146,0.9999981011793319,0.9444671480455046,0.9444671480455046,0.05331476114904189
burgers_shock_warning,0.52,1.3334230027831278,0.2655003586332254,0.0002883905870262815,0.006335259091426262,0.17963068712518715,0.576781174052563,1.2277579089989068,0.9228498784826245,0.999997828532238,2.171467762046575e-06,0.9937046237482068,0.8477229449134159,0.9949765071768499,0.999997828532238,0.9444307129136114,0.9444307129136114,0.05338290958807736
burgers_shock_warning,0.525,1.3334230027831278,0.2654991743442499,0.0002887606419526595,0.006355177181870222,0.17974349385850294,0.577521283905319,1.2351796506666963,0.9240340542470321,0.9999975259050822,2.4740949178259086e-06,0.9936849560413981,0.8476418858894244,0.9951353056886107,0.9999975259050822,0.9443942839598017,0.9443942839598017,0.053452198805597866
burgers_shock_warning,0.53,1.3334230027831278,0.2654979886498807,0.00028914290282794656,0.006375499232901697,0.1798558024488407,0.5782858056558932,1.2425672840668747,0.9252572890479488,0.9999971913232614,2.808676738630389e-06,0.9936648902544216,0.8475612002114646,0.9952964750776521,0.9999971913232614,0.9443578559027828,0.9443578559027828,0.05352264331610911
burgers_shock_warning,0.535,1.3334230027831278,0.2654968014993722,0.00028953747250611743,0.006396231563826255,0.17996762275190148,0.5790749450122349,1.2499120944401474,0.9265199120180936,0.9999968228234739,3.1771765260923956e-06,0.9936444201963205,0.8474808805921438,0.9954597888482104,0.9999968228234739,0.9443214234880383,0.9443214234880383,0.05359425789952301
burgers_shock_warning,0.54,1.3334230027831278,0.2654956128415755,0.00028994445765958215,0.00641738068429836,0.1800789660292259,0.5798889153191643,1.2580572626469333,0.9278222645091786,0.9999964184707578,3.581529242180359e-06,0.9936235394902113,0.8474009187409192,0.9956250117913007,0.9999964184707578,0.944284981037763,0.944284981037763,0.05366705803937644
burgers_shock_warning,0.545,1.3334230027831278,0.2654944226249194,0.0002903639688585899,0.0064389532996202035,0.18018984125242515,0.5807279377171798,1.2662896690690937,0.9291647003460012,0.9999959763767222,4.023623277782384e-06,0.9936022415681447,0.8473213080183722,0.9957918997873912,0.9999959763767222,0.9442485234408444,0.9442485234408444,0.053741058974895665
burgers_shock_warning,0.55,1.3334230027831278,0.265493230797398,0.0002907961206541092,0.006460956317294074,0.18030026011566277,0.5815922413082184,1.2745087992256758,0.9305475860916608,0.9999954947188845,4.505281115507742e-06,0.9935805196647317,0.8472420398365461,0.9959601996011487,0.9999954947188845,0.944212044819885,0.944212044819885,0.05381627698989181
burgers_shock_warning,0.555,1.3334230027831278,0.2654920373065513,0.000291241031664303,0.006483396852700118,0.1804102321785645,0.582482063328606,1.2827060052925854,0.9319713013242786,0.9999949717610079,5.028238992066392e-06,0.9935583668116396,0.8471631071465726,0.9961296486680292,0.9999949717610079,0.9441755398313362,0.9441755398313362,0.053892728165516546
burgers_shock_warning,0.56,1.3334230027831278,0.26549084209945006,0.00029169882466473105,0.0065062822360300015,0.18051976828444863,0.583397649329462,1.2908719735403023,0.933436238925646,0.9999944058742817,5.594125718322296e-06,0.9935357758308514,0.8470845019844242,0.9962999748724877,0.9999944058742817,0.9441390027583738,0.9441390027583738,0.053970429260034744
burgers_shock_warning,0.5650000000000001,1.3334230027831278,0.26548964512267775,0.00029216962668241907,0.006529620018738744,0.18062887863767327,0.5843392533648382,1.2989966889946258,0.9349428053822454,0.9999937955592121,6.2044407879158214e-06,0.9935127393284092,0.8470062168510558,0.996470896317564,0.9999937955592121,0.9441024280284984,0.9441024280284984,0.054049397215229444
burgers_shock_warning,0.5700000000000001,1.3334230027831278,0.26548844632231405,0.0002926535690939372,0.00655341798077698,0.1807375742486277,0.5853071381878744,1.3070693996844078,0.9364914210991009,0.9999931394680134,6.860531986618845e-06,0.99348924968739,0.8469282436754487,0.9966421210855977,0.9999931394680134,0.9440658098331068,0.9440658098331068,0.05412964952969243
burgers_shock_warning,0.5750000000000001,1.3334230027831278,0.2654872456439147,0.00029315078772763935,0.006577684137538804,0.18084586462652227,0.5863015754552787,1.315460429393999,0.9380825207269452,0.9999924364273285,7.563572671509533e-06,0.99346529906117,0.846850575469712,0.9968133469898075,0.9999924364273285,0.9440291427474596,0.9440291427474596,0.054211203665230974
burgers_shock_warning,0.58,1.3334230027831278,0.2654860430324951,0.00029366142297022657,0.006602426748104796,0.18095376076257907,0.5873228459404531,1.3245717949997933,0.9397165535032217,0.9999916854610273,8.314538972653551e-06,0.9934408793654169,0.8467732041890179,0.9969842613164667,0.9999916854610273,0.943992420940165,0.943992420940165,0.05429407781780477
burgers_shock_warning,0.585,1.3334230027831278,0.26548483843251275,0.000294185619877803,0.006627654322901219,0.18106127432085023,0.5883712397556059,1.3336679082266236,0.9413939836074634,0.9999908858128507,9.114187149328323e-06,0.9934159822706647,0.8466961213126165,0.9971545405573888,0.9999908858128507,0.9439556383937614,0.9439556383937614,0.05437829071170691
burgers_shock_warning,0.59,1.3334230027831278,0.2654836317878445,0.0002947235282915955,0.006653375631692605,0.18116841492813765,0.5894470565831911,1.3427381129196672,0.9431152905315969,0.9999900369686314,9.963031368576125e-06,0.9933905991945663,0.8466193197867047,0.9973238501324289,0.9999900369686314,0.9439187896312555,0.9439187896312555,0.05446386090167811
burgers_shock_warning,0.595,1.3334230027831278,0.2654824230417695,0.0002952753029585339,0.006679599712725268,0.18127519382412324,0.5905506059170679,1.3517708914554705,0.944880969465797,0.9999891386777975,1.0861322202515566e-05,0.9933647212930197,0.8465427914072385,0.9974918441016929,0.9999891386777975,0.9438818687475016,0.9438818687475016,0.05455080771931405
burgers_shock_warning,0.6,1.3334230027831278,0.26548121213694825,0.00029584110365688134,0.006706335881474907,0.181381621967908,0.5916822073137626,1.3607538175070168,0.9466915317005057,0.9999881909738612,1.1809026138842604e-05,0.9933383394516904,0.8464665281776025,0.9976581648671351,0.9999881909738612,0.9438448699174605,0.9438448699174605,0.054639150788133355
burgers_shock_warning,0.605,1.3334230027831278,0.2654799990154011,0.00029642109532712445,0.006733593740101993,0.18148770975304981,0.5928421906542489,1.369673508423286,0.9485475050452808,0.9999871941935609,1.2805806439142309e-05,0.9933114442768457,0.8463905225125162,0.99782244286321,0.9999871941935609,0.943807787475119,0.943807787475119,0.05472890995451618
burgers_shock_warning,0.61,1.3334230027831278,0.2654787836184891,0.0002970154482083435,0.006761383187444055,0.18159346913327015,0.594030896416687,1.3785155776254845,0.9504494342651788,0.9999861489943207,1.3851005679299533e-05,0.9932840260856677,0.8463147657150867,0.9979842962362301,0.9999861489943207,0.9437706153498312,0.9437706153498312,0.05482010584515638
burgers_shock_warning,0.615,1.3334230027831278,0.26547756588689003,0.0002976243379802872,0.006789714428895198,0.18169891062735383,0.5952486759605744,1.3883540828777967,0.9523978815353954,0.9999850563696758,1.4943630324171231e-05,0.9932560748966862,0.8462392501226125,0.9981433305120697,0.9999850563696758,0.9437333478656963,0.9437333478656963,0.05491275909819342
burgers_shock_warning,0.62,1.3334230027831278,0.2654763457605772,0.00029824794591140006,0.006818597987446909,0.1818040456251676,0.5964958918228002,1.3984800320592359,0.9543934269149534,0.9999839176622882,1.6082337711775807e-05,0.9932275804190778,0.8461639674545247,0.9982991382518368,0.9999839176622882,0.9436959791281805,0.9436959791281805,0.05500689097042516
burgers_shock_warning,0.625,1.3334230027831278,0.26547512317879624,0.00029888645901305445,0.006848044714716903,0.18190888545016698,0.5977729180261089,1.4085757339695237,0.9564366688402441,0.9999827345741907,1.7265425809265267e-05,0.9931985320419852,0.8460889094840156,0.9984512986951224,0.9999827345741907,0.9436585032735755,0.9436585032735755,0.05510252310508111
burgers_shock_warning,0.63,1.3334230027831278,0.26547389808004207,0.0002995400702002572,0.006878065802626087,0.18201344197046704,0.5990801404005144,1.4186268217336593,0.9585282246392895,0.9999815091738691,1.8490826130923566e-05,0.9931689188232109,0.8460140676005825,0.9985993773904183,0.9999815091738691,0.9436209143049872,0.9436209143049872,0.0551996777036568
burgers_shock_warning,0.635,1.3334230027831278,0.26547267040203226,0.00030020897845911104,0.0069086727953605815,0.18211772544617796,0.6004179569182221,1.428617735748754,0.9606687310676185,0.9999802438997962,1.975610020377161e-05,0.9931387294776388,0.8459394343508051,0.9987429258122789,0.9999802438997962,0.9435832066625995,0.9435832066625995,0.055298376979928454
burgers_shock_warning,0.64,1.3334230027831278,0.2654714400816869,0.0003008933890213401,0.006939877602781404,0.18222174950881675,0.6017867780426802,1.4385316592235848,0.962858844866748,0.9999789415600374,2.1058439962584607e-05,0.9931079523642433,0.8458649998745791,0.9988814809647878,0.9999789415600374,0.9435453738944135,0.9435453738944135,0.055398644475079785
burgers_shock_warning,0.645,1.3334230027831278,0.26547020705509816,0.00030159351354617765,0.006971692512694252,0.1823255247540771,0.6031870270923553,1.4483504541085508,0.9650992433462245,0.999977605327541,2.2394672459014053e-05,0.9930765754742341,0.8457907564906875,0.9990145649708645,0.999977605327541,0.9435074103558931,0.9435074103558931,0.05550050340704103
burgers_shock_warning,0.65,1.3334230027831278,0.2654689712575061,0.0003023095703099645,0.007004130205632,0.1824290632404749,0.604619140619929,1.458419658492387,0.9673906249903389,0.9999762387307337,2.3761269266286966e-05,0.9930445864167391,0.8457166954772546,0.9991416846469372,0.9999762387307337,0.9434693100054152,0.9434693100054152,0.05560397786586727
burgers_shock_warning,0.655,1.3334230027831278,0.2654677326232713,0.0003030417844038023,0.007037203768880021,0.1825323770480378,0.6060835688076046,1.4697660039175326,0.969733710090616,0.9999748456390622,2.5154360937751363e-05,0.9930119724052469,0.8456428081033228,0.9992623310624827,0.9999748456390622,0.9434310667789346,0.9434310667789346,0.05570909246333593
burgers_shock_warning,0.66,1.3334230027831278,0.2654664910858463,0.00030379038793963096,0.007070926711964864,0.1826354781584064,0.6075807758792618,1.4810776253869935,0.9721292414052638,0.999973430243117,2.6569756882977025e-05,0.9929787202426238,0.8455690857145557,0.9993759790839145,0.999973430243117,0.9433926746108358,0.9433926746108358,0.055815872329999384
burgers_shock_warning,0.665,1.3334230027831278,0.26546524657774995,0.0003045556202651256,0.007105312982593742,0.18273838047419358,0.6091112405302511,1.492336434957906,0.9745779848468427,0.9999719970290136,2.8002970986373832e-05,0.9929448163057039,0.8454955182895743,0.9994820869022808,0.9999719970290136,0.9433541268840583,0.9433541268840583,0.0559243436767969
burgers_shock_warning,0.67,1.3334230027831278,0.2654639990305323,0.00030533772818781775,0.007140376982704245,0.18284109470487303,0.6106754563756355,1.503522756812464,0.9770807301994536,0.9999705507467114,2.944925328862702e-05,0.9929102465297874,0.8454220980963693,0.999580095544212,0.9999705507467114,0.9433154177750175,0.9433154177750175,0.0560345324891122
burgers_shock_warning,0.675,1.3334230027831278,0.2654627483747486,0.0003061369662088905,0.00717613358675295,0.18294363459873944,0.6122739324177809,1.5146152383644775,0.9796382918668823,0.9999690963719862,3.090362801383417e-05,0.9928749963909518,0.8453488152368351,0.9996694283655334,0.9999690963719862,0.9432765405790142,0.9432765405790142,0.056146466200779975
burgers_shock_warning,0.68,1.3334230027831278,0.26546149453992485,0.00030695359676709435,0.007212598159209767,0.18304601225368847,0.6139071935341887,1.5255907624743597,0.9822515096531305,0.9999676390618044,3.236093819558583e-05,0.9928390508891652,0.8452756609990274,0.9997494905269372,0.9999676390618044,0.9432374889375693,0.9432374889375693,0.05626017250628607
burgers_shock_warning,0.685,1.3334230027831278,0.2654602374545283,0.0003077878904932837,0.00724978657435759,0.1831482418255715,0.6155757809865674,1.5364243621027365,0.9849212495769322,0.9999661841028661,3.381589713391531e-05,0.9928023945291525,0.8452026252069835,0.9998196684510813,0.9999661841028661,0.943198255830446,0.943198255830446,0.056375680383464716
burgers_shock_warning,0.6900000000000001,1.3334230027831278,0.2654589770459315,0.00030864012647607934,0.007287715235635249,0.1832503361908818,0.6172802529521587,1.5485033790067257,0.9876484047218739,0.999964736853153,3.5263146846986615e-05,0.9927650113017308,0.8451296986056214,0.9998793292604585,0.999964736853153,0.9431588344383955,0.9431588344383955,0.05649301926671509
burgers_shock_warning,0.6950000000000001,1.3334230027831278,0.2654577132403787,0.0003095105925392079,0.007326401097079222,0.18335230896699858,0.6190211850784157,1.5612716024571358,0.9904338961238807,0.9999633026763234,3.669732367661549e-05,0.9927268846631041,0.845056871417224,0.9999278201953516,0.9999633026763234,0.9431192175790238,0.9431192175790238,0.056612219635036196
burgers_shock_warning,0.7000000000000001,1.3334230027831278,0.26545644596294893,0.00031039958553109534,0.00736586168507086,0.1834541734185689,0.6207991710621906,1.573977955102322,0.993278673697916,0.9999618868688813,3.8113131118677757e-05,0.9926879975138827,0.8449841341227127,0.9999644680111646,0.9999618868688813,0.9430793979678485,0.9430793979678485,0.0567333127840828
burgers_shock_warning,0.705,1.3334230027831278,0.26545517513752076,0.0003113074116273241,0.0074061151216040805,0.18355594398306657,0.6226148232546482,1.5865972902425844,0.9961837172058435,0.9999604945800645,3.950541993547052e-05,0.9926483321766316,0.8449114763723474,0.9999885783543885,0.9999604945800645,0.9430393677807408,0.9430393677807408,0.05685633129522091
burgers_shock_warning,0.71,1.3334230027831278,0.2654539006867326,0.0003122343866466009,0.007447180148353305,0.18365763439061877,0.6244687732932018,1.5991021884778378,0.9991500372675245,0.9999591307244812,4.086927551882891e-05,0.9926078703726614,0.8448388883284049,0.9999994351164333,0.9999591307244812,0.942999119118597,0.942999119118597,0.05698130860846987
burgers_shock_warning,0.715,1.3334230027831278,0.2654526225319452,0.0003131808363809232,0.007489076152244434,0.1837592599294699,0.6263616727618464,1.611462834880081,1.002178676417351,0.9999577998875564,4.220011244360222e-05,0.9925665931973712,0.8447663590480224,0.999996299764525,0.9999577998875564,0.9429586433681313,0.9429586433681313,0.057108279698535575
burgers_shock_warning,0.72,1.3334230027831278,0.26545134059319825,0.0003141470969406646,0.007531823191819739,0.18386083440739406,0.6282941938813292,1.6236469008920822,1.0052707102085185,0.9999565062239397,4.3493776060277156e-05,0.992524481094841,0.8446938786521903,0.9999784106488335,0.9999565062239397,0.9429179319688769,0.9429179319688769,0.05723728034874092
burgers_shock_warning,0.725,1.3334230027831278,0.26545005478917055,0.00031513351511536024,0.0075754420255766146,0.18396237344389646,0.6302670302307205,1.6358612898059905,1.0084272483675396,0.9999552533490602,4.474665093978647e-05,0.9924815138305203,0.8446214359762222,0.9999449822849669,0.9999552533490602,0.9428769754962534,0.9428769754962534,0.05736834811120629
burgers_shock_warning,0.73,1.3334230027831278,0.26544876503713505,0.0003161404487509991,0.007619954141240634,0.18406389215888244,0.6322808975019982,1.6503943498423854,1.0116494360015786,0.9999540442241129,4.595577588706323e-05,0.9924376704630319,0.8445490202194393,0.999895204610928,0.9999540442241129,0.9428357642302857,0.9428357642302857,0.05750152178348713
burgers_shock_warning,0.735,1.3334230027831278,0.26544747125291357,0.0003171682671446968,0.007665381786625365,0.18416540592351385,0.6343365342893936,1.6648560961557783,1.0149384548614062,0.9999528810348062,4.711896519382641e-05,0.9923929293144571,0.844476620409388,0.9998282422175981,0.9999528810348062,0.9427942879087403,0.9427942879087403,0.05763684170385807
burgers_shock_warning,0.74,1.3334230027831278,0.2654461733508302,0.0003182173514576678,0.0077117480023145965,0.18426693054941148,0.6364347029153355,1.6792140208557877,1.0182955246629077,0.9999517650642918,4.8234935708157956e-05,0.9923472679388701,0.8444042252670811,0.9997432335517705,0.9999517650642918,0.9427525356270812,0.9427525356270812,0.05777434990317949
burgers_shock_warning,0.745,1.3334230027831278,0.265444871243663,0.00031928809514747604,0.0077590766557880594,0.18436848231327116,0.638576190294952,1.6934324795976536,1.0217219044702888,0.9999506965607535,4.930343924647307e-05,0.9923006630894993,0.844331823189715,0.9996392900907196,0.9999506965607535,0.9427104957800293,0.9427104957800293,0.05791409021816358
burgers_shock_warning,0.75,1.3334230027831278,0.2654435648425938,0.0003203809044206024,0.007807392477392232,0.1844700778924245,0.6407618088412048,1.7074725153871748,1.0252188941442877,0.9999496746002229,5.032539977711803e-05,0.9922530906841236,0.8442594022968825,0.9995154954872512,0.9999496746002229,0.9426681560247041,0.9426681560247041,0.05805610838591183
burgers_shock_warning,0.755,1.3334230027831278,0.2654422540571557,0.0003214961987064341,0.007856721098251878,0.18457173411258876,0.6429923974128682,1.7212916912676826,1.0287878358589433,0.9999486969452552,5.130305474476682e-05,0.9922045257686127,0.8441869506105858,0.9993709046841357,0.9999486969452552,0.9426255032916908,0.9426255032916908,0.05820045209280774
burgers_shock_warning,0.76,1.3334230027831278,0.2654409387951784,0.00032263441115385074,0.007907089090049977,0.18467346768747236,0.6452688223077014,1.7348439366601336,1.0324301156906706,0.9999477599001748,5.224009982518485e-05,0.9921549424786877,0.8441144562408729,0.999204542996783,0.9999477599001748,0.9425825237965864,0.9425825237965864,0.058347171025433846
burgers_shock_warning,0.765,1.3334230027831278,0.26543961896273366,0.00032379598915166106,0.007958524007283113,0.18477529687399816,0.6475919783033222,1.749940853982173,1.0361471652836578,0.9999468581636769,5.3141836323100655e-05,0.9921043139993074,0.8440419062065833,0.9990154051629727,0.9999468581636769,0.9425392025419342,0.9425392025419342,0.05849631744280915
burgers_shock_warning,0.77,1.3334230027831278,0.2654382944640764,0.0003249813948742174,0.008011054431351234,0.1848772397026616,0.6499627897484347,1.7665591278480375,1.0399404635958318,0.9999459846796447,5.40153203553162e-05,0.9920526125223196,0.843969287696795,0.9988024543584053,0.9999459846796447,0.9424955237264991,0.9424955237264991,0.05864794583148328
burgers_shock_warning,0.775,1.3334230027831278,0.2654369652015829,0.0003261911058536261,0.008064710017192044,0.18497931391013375,0.6523822117072522,1.7830548546366778,1.0438115387299336,0.9999451304871064,5.486951289357389e-05,0.9919998092016786,0.8438965881187002,0.9985646211767917,0.9999451304871064,0.9424514707018582,0.9424514707018582,0.058802113021464604
burgers_shock_warning,0.78,1.3334230027831278,0.2654356310756899,0.0003274256155800702,0.008119521542794113,0.1850815388746757,0.6548512311601404,1.799381077822255,1.0477619698545484,0.9999442845703397,5.571542966031906e-05,0.9919458741059114,0.8438237937193548,0.9983008025731475,0.9999442845703397,0.9424070253972715,0.9424070253972715,0.05895887884974625
burgers_shock_warning,0.785,1.3334230027831278,0.2654342919848288,0.00032868543413184994,0.008175520960926549,0.18518393396509636,0.6573708682636998,1.8154861634939716,1.0517933892202371,0.9999434337101774,5.6566289822646e-05,0.991890776168485,0.843750890762117,0.9980098607689064,0.9999434337101774,0.9423621686952433,0.9423621686952433,0.05911830585832498
burgers_shock_warning,0.79,1.3334230027831278,0.2654329478253571,0.00032997108883686324,0.008232741454011299,0.18528651865084156,0.6599421776737264,1.8313135563939364,1.055907484276273,0.9999425623376441,5.743766235588588e-05,0.9918344831351752,0.8436778654483097,0.9976906221174117,0.9999425623376441,0.9423168803398217,0.9423168803398217,0.05928045947104189
burgers_shock_warning,0.795,1.3334230027831278,0.265431598491488,0.0003312831249673587,0.008291217492197675,0.18538931305796844,0.6625662499347174,1.8468015610916508,1.0601059998938518,0.9999416523911133,5.834760888667745e-05,0.9917769615083831,0.8436047035216502,0.9973418759282902,0.9999416523911133,0.942271138726932,0.942271138726932,0.05944540829598683
burgers_shock_warning,0.8,1.3334230027831278,0.26543024387521874,0.00033262210646992454,0.008350984894575248,0.1854923386959247,0.665244212939849,1.861883158483935,1.0643907407020556,0.9999406831782054,5.931682179460829e-05,0.991718176488469,0.8435313897515597,0.9969623732491533,0.9999406831782054,0.9422249206501344,0.9422249206501344,0.059613224479557185
burgers_shock_warning,0.805,1.3334230027831278,0.2654288838662508,0.0003339886167327996,0.008412080893634037,0.18559561569768854,0.6679772334655992,1.8810306954528166,1.068763573543249,0.9999396312437224,6.036875627757343e-05,0.9916580919120094,0.8434579098974898,0.9965508256030123,0.9999396312437224,0.9421782019710737,0.9421782019710737,0.05978398311087424
burgers_shock_warning,0.81,1.3334230027831278,0.26542751835191464,0.0003353832593927535,0.008474544204126607,0.1856991672386578,0.670766518785507,1.9001947996349058,1.0732264300550942,0.999938470244932,6.152975506801273e-05,0.9915966701858454,0.843384247564981,0.9961059036797293,0.999938470244932,0.9421309563889589,0.9421309563889589,0.05995776359048425
burgers_shock_warning,0.8150000000000001,1.3334230027831278,0.2654261472170828,0.00033680665918392087,0.008538415095106298,0.18580301464857718,0.6736133183678418,1.9191542364995138,1.0777813093868227,0.9999371708355591,6.282916444089182e-05,0.9915338722181435,0.8433103876838756,0.9956262359797662,0.9999371708355591,0.9420831566775054,0.9420831566775054,0.0601346484563799
burgers_shock_warning,0.8200000000000001,1.3334230027831278,0.26542477034408696,0.0003382594628311599,0.008603735466906728,0.18590718187449254,0.6765189256623197,1.9378394923828823,1.08243028105798,0.9999357005598599,6.429944014008093e-05,0.9914696573447412,0.8432363133338646,0.9951104074084258,0.9999357005598599,0.942034773446469,0.942034773446469,0.060314724772972395
burgers_shock_warning,0.8250000000000001,1.3334230027831278,0.2654233876126253,0.00033974233999067204,0.008670548932105298,0.18601169190083583,0.6794846799813441,1.956173922445036,1.0871754879684112,0.9999340237581797,6.597624182025363e-05,0.9914039832517317,0.8431620082912399,0.9945569578187128,0.9999340237581797,0.9419857760359347,0.9419857760359347,0.06049808331609102
burgers_shock_warning,0.8300000000000001,1.3334230027831278,0.26542199889967,0.00034125598424083087,0.008738900901747997,0.1861165691690804,0.6825119684816617,1.974073428701169,1.0920191495689118,0.9999321014853909,6.789851460908825e-05,0.9913368058930453,0.8430874553084928,0.9939643805008708,0.9999321014853909,0.9419361318241226,0.9419361318241226,0.06068481940759792
burgers_shock_warning,0.835,1.3334230027831278,0.2654206040793695,0.00034280111412636596,0.008808838676639544,0.18622183888289687,0.6856022282527319,1.9914462039884469,1.0969635652026162,0.9999298914436214,7.01085563785675e-05,0.9912680794032345,0.8430126366091287,0.9933311206165871,0.9999298914436214,0.9418858063630418,0.9418858063630418,0.06087503289617812
burgers_shock_warning,0.84,1.3334230027831278,0.2654192030229466,0.0003443784742592896,0.008880411544048535,0.18632752707382144,0.6887569485185792,2.0106583358381456,1.1020111176279637,0.9999273479306562,7.265206934381485e-05,0.9911977560051369,0.8429375338415908,0.9926555735757787,0.9999273479306562,0.9418347633160324,0.9418347633160324,0.06106882834824365
burgers_shock_warning,0.845,1.3334230027831278,0.26541779559859013,0.00034598883648019244,0.00895367088034908,0.18643365971119366,0.6919776729603848,2.033209266992099,1.1071642767348444,0.9999244218053853,7.55781946146783e-05,0.9911257859119174,0.8428621287122146,0.9919360833538025,0.9999244218053853,0.9417829646517881,0.9417829646517881,0.06126631497396575
burgers_shock_warning,0.85,1.3334230027831278,0.2654163816713454,0.0003476330010838151,0.009028670260308815,0.18654026444232505,0.6952660021676301,2.055516378971763,1.1124256034664286,0.999921060471635,7.89395283650185e-05,0.9910521172228143,0.8427864017492915,0.9911709407468566,0.999921060471635,0.9417303701461006,0.9417303701461006,0.06146760728497905
burgers_shock_warning,0.855,1.3334230027831278,0.2654149611029961,0.000349311798113085,0.009105465572763741,0.1866473689734218,0.69862359622617,2.077484478641284,1.1177977539600836,0.9999172078816712,8.279211832884492e-05,0.9909766958128647,0.8427103334540809,0.9903583815632665,0.9999172078816712,0.941676937776864,0.941676937776864,0.061672824819509496
burgers_shock_warning,0.86,1.3334230027831278,0.2654135337519442,0.0003510260887261306,0.009184115144013209,0.1867550027283341,0.7020521774522612,2.099007747727454,1.1232834839218209,0.9999128045606177,8.719543938229268e-05,0.9908994652153212,0.8426339031232337,0.98949658474827,0.9999128045606177,0.9416226232560285,0.9416226232560285,0.06188209278111907
burgers_shock_warning,0.865,1.3334230027831278,0.2654120994730813,0.0003527767666411275,0.009264679868541771,0.18686319539122428,0.705553533282255,2.1199692493535016,1.128885653249802,0.9999077876529553,9.221234704470671e-05,0.9908203664971724,0.8425570898846275,0.9885836704398415,0.9999077876529553,0.9415673803907073,0.9415673803907073,0.062095541808632526
burgers_shock_warning,0.87,1.3334230027831278,0.2654106581176568,0.00035456475966420733,0.009347223348960217,0.18697197836921478,0.7091295193284146,2.14024056049052,1.1346072309236483,0.9999020909922042,9.790900779582667e-05,0.9907393381259358,0.8424798716595684,0.9876176979530183,0.9999020909922042,0.9415111606763952,0.9415111606763952,0.06231330856379598
burgers_shock_warning,0.875,1.3334230027831278,0.26540920953313574,0.00035639103130606344,0.009431812044660171,0.18708138266865967,0.7127820626121268,2.1596815739161643,1.1404513001775785,0.9998956451947848,0.00010435480521520102,0.9906563158282524,0.8424022266711951,0.9865966636901142,0.9998956451947848,0.9414539138436152,0.9414539138436152,0.06253553531278354
burgers_shock_warning,0.88,1.3334230027831278,0.2654077535630546,0.0003582565824933388,0.009518515430903703,0.1871914414451163,0.7165131649866776,2.185308349809029,1.1464210639768502,0.9998883777789661,0.0001116222210338913,0.9905712324386237,0.8423241316352008,0.9855184989741336,0.9998883777789661,0.9413955871734334,0.9413955871734334,0.06276237082316713
burgers_shock_warning,0.885,1.3334230027831278,0.2654062900468681,0.00036016245338135543,0.009607406168328966,0.18730218893518275,0.7203249067627109,2.2119559743466395,1.1525198508184937,0.9998802133096896,0.00011978669031043054,0.9904840177383494,0.842245562519208,0.9843810678026216,0.9998802133096896,0.941336125774788,0.941336125774788,0.0629939702459807
burgers_shock_warning,0.89,1.3334230027831278,0.2654048188197871,0.00036210972527527484,0.00969856028326149,0.1874136598709526,0.7242194505505497,2.2381880037855324,1.1587511208790258,0.9998710735699363,0.00012892643006368054,0.9903945982843229,0.8421664949590351,0.9831821645191231,0.9998710735699363,0.9412754727391256,0.9412754727391256,0.06323049513218681
burgers_shock_warning,0.895,1.3334230027831278,0.2654033397126111,0.0003640995226673578,0.009792057359130062,0.18752589065837352,0.7281990453347156,2.263855290308333,1.165118472533681,0.9998608777591648,0.00013912224083523217,0.9903028972274361,0.842086903423716,0.9819195113993445,0.9998608777591648,0.9412135688340496,0.9412135688340496,0.06347211395154106
burgers_shock_warning,0.9,1.3334230027831278,0.2654018525515517,0.00036613301539861244,0.009887980739211601,0.18763891929856355,0.7322660307972249,2.288791545968837,1.1716256492736854,0.99984954271921,0.0001504572807899951,0.9902088341204202,0.8420067612727059,0.9805907561490594,0.99984954271921,0.941150352534553,0.941150352534553,0.0637190022593663
burgers_shock_warning,0.905,1.3334230027831278,0.2654003571580445,0.0003682114209538074,0.009986417741199238,0.18775278384661315,0.7364228419076149,2.312812798379719,1.1782765470502987,0.9998369831878653,0.00016301681213470864,0.9901123247146892,0.8419260418497495,0.9791934693107407,0.9998369831878653,0.9410857604456611,0.9410857604456611,0.06397134244648135
burgers_shock_warning,0.91,1.3334230027831278,0.26539885334855645,0.0003703360068995892,0.010087459888095318,0.18786752518340452,0.7406720137991785,2.3357171839237894,1.1850752220767897,0.9998231120802179,0.00017688791978209828,0.990013280741835,0.8418447165188743,0.9777251415758389,0.9998231120802179,0.9410197265895576,0.9410197265895576,0.06422932472710648
burgers_shock_warning,0.915,1.3334230027831278,0.265397340934379,0.0003725080934762399,0.010191203159077249,0.18798318486049917,0.7450161869524797,2.3604955246284502,1.1920258991220605,0.9998078407976123,0.00019215920238768724,0.9899116096762601,0.8417627561937475,0.9761831809996091,0.9998078407976123,0.9409521829968929,0.9409521829968929,0.06449314672588215
burgers_shock_warning,0.92,1.3334230027831278,0.265395819721412,0.00037472905635454166,0.010297748270065634,0.1880998059125971,0.7494581127090834,2.392896265650159,1.199132980332615,0.9997910795639627,0.00020892043603726318,0.9898072144694982,0.8416801307629919,0.9745649101153309,0.9997910795639627,0.9408830595137128,0.9408830595137128,0.06476301392382929
burgers_shock_warning,0.925,1.3334230027831278,0.2653942895099374,0.00037700032957017763,0.01040720098942898,0.18821743348148426,0.7540006591403552,2.4247976671776077,1.2064010546226382,0.9997727377889079,0.0002272622110921496,0.9896999932510003,0.8415968086497384,0.9728675629447725,0.9997727377889079,0.9408122836560926,0.9408122836560926,0.06503914006745606
burgers_shock_warning,0.93,1.3334230027831278,0.2653927500943784,0.00037932340864919,0.010519672488549878,0.1883361138218879,0.75864681729838,2.455984667287439,1.2138349076754662,0.9997527244571349,0.00024727554286507747,0.9895898389957677,0.8415127575175954,0.9710882819017388,0.9997527244571349,0.9407397808895674,0.9407397808895674,0.06532174712550762
burgers_shock_warning,0.935,1.3334230027831278,0.26539120126304827,0.000381699853939211,0.010635279713929639,0.1884558953367222,0.763399707878422,2.486214759161151,1.2214395326035212,0.9997309485429751,0.00026905145702493805,0.9894766391720066,0.8414279435390175,0.9692241145855635,0.9997309485429751,0.9406654743743863,0.9406654743743863,0.06561106584473597
burgers_shock_warning,0.9400000000000001,1.3334230027831278,0.2653896427978837,0.00038413129416248003,0.010754145748276683,0.18857682817697544,0.7682625883249601,2.515217147524611,1.2292201413179698,0.9997073194491723,0.0002926805508276509,0.9893602754007847,0.8413423316806433,0.9672720104614528,0.9997073194491723,0.9405892851009924,0.9405892851009924,0.06590733589338237
burgers_shock_warning,0.9450000000000001,1.3334230027831278,0.26538807447416424,0.00038661943020812346,0.010876400120065365,0.18869896448467488,0.7732388604162469,2.5426926023147614,1.2371821766640159,0.9996817474685161,0.0003182525314838758,0.9892406231674085,0.8412558855332396,0.9652288174246465,0.9996817474685161,0.940511131879266,0.940511131879266,0.06621080618126902
burgers_shock_warning,0.9500000000000001,1.3334230027831278,0.2653864960602161,0.00038916603918276563,0.011002179034582232,0.18882235849030815,0.7783320783655312,2.568314215236433,1.2453313253828577,0.9996541442668034,0.00034585573319656504,0.989117551610929,0.8411685672449039,0.9630912782454499,0.9996541442668034,0.9404309313975829,0.9404309313975829,0.06652173512034305
burgers_shock_warning,0.9550000000000001,1.3334230027831278,0.26538490731709863,0.00039177297874032937,0.01113162555575099,0.188947066484113,0.7835459574806587,2.603942440000678,1.2536735319670482,0.9996244233853923,0.00037557661460774217,0.9889909233630857,0.8410803375436582,0.9608560268923072,0.9996244233853923,0.940348598336885,0.940348598336885,0.06684039084207806
burgers_shock_warning,0.96,1.3334230027831278,0.26538330799827425,0.00039444219171383925,0.011264889866776191,0.18907314738771056,0.7888843834276785,2.643579179246622,1.2622150134822663,0.9995925007613812,0.00040749923861882476,0.9888605943114862,0.8409911553354916,0.9585195847302348,0.9995925007613812,0.9402640453079335,0.9402640453079335,0.06716705163262936
burgers_shock_warning,0.965,1.3334230027831278,0.2653816978492569,0.0003971757110741937,0.011402129848001943,0.18920066187810403,0.7943514221483874,2.682323634279707,1.2709622754353866,0.9995582952632399,0.0004417047367600846,0.9887264130542066,0.8409009783266522,0.9560783565921572,0.9995582952632399,0.940177183077182,0.940177183077182,0.06750200606725604
burgers_shock_warning,0.97,1.3334230027831278,0.26538007660724294,0.00039997566524321317,0.011543512260898833,0.1893296738778131,0.7999513304864263,2.7198125380500677,1.2799221287762346,0.9995217292394976,0.00047827076050244166,0.9885882197641721,0.8408097619724705,0.9535286267209926,0.9995217292394976,0.9400879199858304,0.9400879199858304,0.06784555407859665
burgers_shock_warning,0.975,1.3334230027831278,0.2653784440007183,0.0004028442837908005,0.011689214708536516,0.18946024989020152,0.805688567581601,2.7556356159006024,1.2891017081284992,0.9994827290778968,0.0005172709221031857,0.9884458442982372,0.8407174599506873,0.9508665545807916,0.9994827290778968,0.9399961617006586,0.9399961617006586,0.06819800769004934
burgers_shock_warning,0.98,1.3334230027831278,0.26537679974904227,0.0004057839035488223,0.011839428171352421,0.18959245913688955,0.8115678070976445,2.789335689269877,1.298508491354154,0.9994412257722066,0.0005587742277933794,0.9882991037493475,0.8406240240674956,0.9480881705358206,0.9994412257722066,0.9399018105789892,0.9399018105789892,0.06855969222679373
burgers_shock_warning,0.985,1.3334230027831278,0.2653751435620061,0.00040879697517740655,0.011994359309794289,0.1897263738750716,0.8175939503548131,2.8204106716836908,1.3081503205656082,0.9993971554936952,0.0006028445063047672,0.9881478002328248,0.8405294040367353,0.9451893713971987,0.9993971554936952,0.9398047650616648,0.9398047650616648,0.06893094754553618
burgers_shock_warning,0.99,1.3334230027831278,0.2653734751393647,0.00041188607022293406,0.012154231098531261,0.1898620696626919,0.8237721404458681,2.8521669084470895,1.3180354247112804,0.999350460164086,0.0006495398359139815,0.9879917203079419,0.840433547296356,0.9421659158374129,0.999350460164086,0.9397049195984202,0.9397049195984202,0.06931212870673553
burgers_shock_warning,0.995,1.3334230027831278,0.26537179417033874,0.0004150538887112677,0.012319280168362791,0.18999962528054287,0.8301077774225354,2.902657710031338,1.3281724438739317,0.9993010880266189,0.0006989119733811222,0.9878306376163123,0.8403363990675624,0.9390134196736063,0.9993010880266189,0.9396021656827429,0.9394549445831754,0.0698735095402336
burgers_shock_warning,1.0,1.3334230027831278,0.2653701003330859,0.0004183032673248932,0.01248975006260302,0.19013912340180525,0.8366065346497864,2.952062908292034,1.3385704554375168,0.9992489942117059,0.0007510057882941235,0.9876643195036484,0.8402379018863562,0.9357273510207972,0.9992489942117059,0.9394963939514573,0.9385527123424591,0.07119920771863383
burgers_shock_warning,1.0050000000000001,1.3334230027831278,0.26536839329413775,0.0004216371882186283,0.01266588187847465,0.1902806503841043,0.8432743764372566,2.99982137655919,1.349239002297452,0.9991941412934828,0.0008058587065171707,0.987492536180858,0.8401379957552862,0.9323030253161887,0.9991941412934828,0.939387497318305,0.937611348277669,0.0725854276897481
burgers_shock_warning,1.01,1.3334230027831278,0.26536667270779957,0.0004250587885350465,0.01284790721390821,0.19042429633549146,0.8501175770700931,3.045291214123808,1.3601881233099729,0.9991364998334433,0.0008635001665566744,0.9873150676203205,0.8400366181018998,0.9287356002158726,0.9991364998334433,0.9392753733140853,0.9366292692137903,0.07403508586707892
burgers_shock_warning,1.0150000000000001,1.3334230027831278,0.2653649382155125,0.00042857137068708594,0.01303605164646445,0.19057015626241097,0.8571427413741719,3.0877509281901316,1.371428386196481,0.9990760489072131,0.0009239510927868677,0.9871317001746608,0.8399337029741507,0.9250200703664062,0.9990760489072131,0.9391599228784917,0.9356048244256268,0.07555125657584097
burgers_shock_warning,1.02,1.3334230027831278,0.26536318944517134,0.00043217841348052523,0.013230557634587158,0.19071832948904344,0.8643568269610504,3.126404657288438,1.3829709231354683,0.9990127766104097,0.0009872233895903415,0.9869422042842112,0.839829181456471,0.9211512620572045,0.9990127766104097,0.9390410436020967,0.9345362865047407,0.07713718891692888
burgers_shock_warning,1.025,1.3334230027831278,0.2653614260103963,0.000435883584152592,0.013431730830423184,0.19086892000304723,0.871767168305184,3.1603922570925276,1.394827469286063,0.9989466805394565,0.0010533194605435447,0.9867462894422923,0.8397229814322816,0.9171238277664713,0.9989466805394565,0.93891861550067,0.9334218363995354,0.07879633123374268
burgers_shock_warning,1.03,1.3334230027831278,0.26535964750975605,0.0004396907514054571,0.013640001621942722,0.19102203740722032,0.8793815028109141,3.212467404699012,1.4070104044952116,0.9988777682431462,0.0011222317568537754,0.9865435444535366,0.8396150269200198,0.9129322406233724,0.9988777682431462,0.9387924819499042,0.9322595446127665,0.08053236109845457
burgers_shock_warning,1.035,1.3334230027831278,0.26535785352593466,0.0004436039995173068,0.013855976110941129,0.19117779628073903,0.8872079990346136,3.277442925815184,1.4195327984531108,0.9988060576407043,0.0011939423592957077,0.9863333881365562,0.8395052385314258,0.9085707888198905,0.9988060576407043,0.9386624343315941,0.9310473549368788,0.0823492134237217
burgers_shock_warning,1.04,1.3334230027831278,0.26535604362484166,0.0004476276436237303,0.014080434880676538,0.19133631725600161,0.8952552872474606,3.340288510393922,1.4324084595936455,0.998731577402079,0.0012684225979210373,0.986115070958515,0.8393935327207136,0.9040335700120652,0.998731577402079,0.9385282123657754,0.9297830795942721,0.08425109605906422
burgers_shock_warning,1.045,1.3334230027831278,0.2653542173546583,0.0004517662462839659,0.014314236153589162,0.1914977272702979,0.9035324925679318,3.39996263724516,1.445651988106378,0.998654367286187,0.0013456327138130497,0.9858877696443752,0.8392798216166001,0.8993144857451612,0.998654367286187,0.9383895341418973,0.928464416064679,0.08624248012003459
burgers_shock_warning,1.05,1.3334230027831278,0.26535237424481456,0.00045602463548381067,0.014558105768926511,0.19166215976492676,0.9120492709676213,3.4552825998358783,1.4592788335458595,0.998574478432855,0.0014255215671450383,0.9856507915257421,0.8391640128920976,0.8944072359154609,0.998574478432855,0.9382461609813167,0.9270889891634331,0.0883280599220941
burgers_shock_warning,1.055,1.3334230027831278,0.2653505138048907,0.0004604079242770799,0.014812356125704163,0.19182975500685623,0.9208158485541598,3.504937607649739,1.4733053576842987,0.9984919736042532,0.0015080263957467643,0.9854038472863555,0.8390460095487777,0.8893053132449396,0.9984919736042532,0.9380979839894971,0.9256544083181009,0.09051269371964003
burgers_shock_warning,1.06,1.3334230027831278,0.2653486355234399,0.00046492153231736735,0.015076658586832095,0.19200066195445384,0.9298430646347347,3.547512385805587,1.4877489034131954,0.9984069273716945,0.0015930726283055474,0.9851472709383137,0.8389257086152607,0.884001997709257,0.9984069273716945,0.9379450934923663,0.9241583110763484,0.09280135998966836
burgers_shock_warning,1.065,1.3334230027831278,0.26534673886671656,0.0004695712095574589,0.01535006347767582,0.19217503726772428,0.9391424191149178,3.5853919005634403,1.5026278705814646,0.9983194262437557,0.001680573756244308,0.9848819988003937,0.8388030018577147,0.8784903508546911,0.9983194262437557,0.9377877727646992,0.922598349582434,0.09519918297675269
burgers_shock_warning,1.07,1.3334230027831278,0.26534482327730863,0.000474363062366447,0.0156314644081159,0.19235304733222527,0.948726124732894,3.6737097356589365,1.517961799570202,0.9982295687318388,0.0017704312681612322,0.9846091176219856,0.8386777743701024,0.8727632100043993,0.9982295687318388,0.9376263541920214,0.9209720749254824,0.09771158577677279
burgers_shock_warning,1.075,1.3334230027831278,0.2653428881726564,0.00047930358221634256,0.015920586590810446,0.19253486725285807,0.9586071644326851,3.7594024599968483,1.5337714630898425,0.9981374653494175,0.0018625346505825036,0.9843289064116357,0.8385499052984635,0.8668131825166581,0.9981374653494175,0.9374609153932605,0.9192767039712272,0.1003445949584435
burgers_shock_warning,1.08,1.3334230027831278,0.26534093294345407,0.0004843996769351864,0.016219322927362077,0.19272068236870882,0.9687993538703727,3.840753627874683,1.5500789661901166,0.9980432385414303,0.0019567614585697113,0.9840395448488027,0.8384192667926482,0.8606326405055569,0.9980432385414303,0.9372908685990503,0.9175088094144925,0.10310525190579956
burgers_shock_warning,1.085,1.3334230027831278,0.26533895695191845,0.0004896587043783118,0.0165328933637094,0.19291068700916209,0.9793174087566234,3.915791176241206,1.5669078540080907,0.9979470225404767,0.002052977459523264,0.9837359976527645,0.8382857248996375,0.8542137166887864,0.9979470225404767,0.9371146062984965,0.915664053961312,0.10600198364272195
burgers_shock_warning,1.09,1.3334230027831278,0.2653369595299197,0.0004950885083529806,0.016869998903785623,0.19310508484415312,0.990177016705961,3.9823156166159235,1.584283226727003,0.9978489631466945,0.0021510368533055324,0.9834098764621121,0.8381491393363921,0.8475483021347519,0.9978489631466945,0.9369294565293036,0.9137371540655608,0.1090446978853009
burgers_shock_warning,1.095,1.3334230027831278,0.2653349399769668,0.0005006974568854644,0.01724111149816412,0.1933040896774591,1.0013949137709288,4.037949631879286,1.6022318620309228,0.9977492174284441,0.002250782571555865,0.9830511062684324,0.8380093629531532,0.8406280464540705,0.9977492174284441,0.9367322109309097,0.9117222626952232,0.11224435087593489
burgers_shock_warning,1.1,1.3334230027831278,0.26533289755803613,0.0005064944835347409,0.017654545596371394,0.19350792634043448,1.0129889670694818,4.080211060406355,1.620782347308578,0.9976479533411727,0.002352046658827267,0.9826517302234173,0.8378662411285582,0.8334443602900109,0.9976479533411727,0.9365203322075205,0.9096138427165873,0.11561187472278307
burgers_shock_warning,1.105,1.3334230027831278,0.26533083150123454,0.0005124891333739893,0.018111095684477763,0.19371683494910472,1.0249782667479788,4.160608440292863,1.6399652267941425,0.9975453492621066,0.0024546507378934157,0.9822110811273483,0.8377196088070886,0.8259884188756236,0.9975453492621066,0.9362935960731578,0.9074078442133396,0.11915667653821571
burgers_shock_warning,1.11,1.3334230027831278,0.26532874099526693,0.0005186916161843533,0.018599461113060753,0.1939310745142682,1.0373832323687064,4.281324397711382,1.659813171787275,0.9974415934387606,0.0025584065612394014,0.9817401620331349,0.8375692879983327,0.818251164325597,0.9974415934387606,0.9360554844326469,0.9051026826923082,0.12288534028086746
burgers_shock_warning,1.115,1.3334230027831278,0.26532662518667366,0.0005251128697966397,0.019095602619584987,0.19415092794703798,1.0502257395932793,4.395992173353516,1.6803611833465586,0.9973368833496574,0.0026631166503425785,0.9812622068327056,0.8374150843052824,0.8102233039317905,0.9973368833496574,0.9358133665697672,0.9026993207272767,0.12680144650058928
burgers_shock_warning,1.12,1.3334230027831278,0.26532448317678403,0.0005317646357348512,0.019568784480061222,0.19437670478436547,1.0635292714697022,4.501285801385976,1.7016468343488014,0.9972314249761379,0.0027685750238620743,0.9808068030544497,0.8372567850614112,0.8018953028884724,0.9972314249761379,0.9355766343835747,0.9001998632287997,0.13090733209241268
burgers_shock_warning,1.125,1.3334230027831278,0.26532231401832435,0.0005386595469304694,0.019995209327644183,0.1946087382948719,1.0773190938609387,4.593504664596162,1.7237105501747443,0.9971254319847442,0.002874568015255763,0.9803967615290816,0.837094161413345,0.7932573731560952,0.9971254319847442,0.9353525286831791,0.8976045034896778,0.13520809512102988
burgers_shock_warning,1.1300000000000001,1.3334230027831278,0.26532011671163497,0.0005458112234945871,0.020377261054443825,0.1948473773465183,1.0916224469891742,4.668680123135151,1.7465959151798847,0.9970191248202209,0.0029808751797790745,0.9800296793821274,0.8369269740715927,0.7842994652840479,0.9970191248202209,0.93514027299588,0.8949072991877222,0.13971731826508219
burgers_shock_warning,1.135,1.3334230027831278,0.26531789020047725,0.0005532343685613881,0.020762542468699796,0.19509297136163867,1.1064687371227762,4.722724333302512,1.7703499793936097,0.9969127297097041,0.0030872702902958737,0.9796597723712649,0.8367549838910374,0.7750112753098475,0.9969127297097041,0.9349252908857941,0.8920920853811155,0.14446285345184048
burgers_shock_warning,1.1400000000000001,1.3334230027831278,0.2653156333674651,0.0005609448542868465,0.021251902514848726,0.195345854100609,1.121889708573693,4.762633708853592,1.795023533715037,0.9968064775789582,0.003193522421041761,0.9791903423019183,0.8365779632476416,0.7653822813415965,0.9968064775789582,0.934676803058671,0.8891308913690462,0.14948949224482397
burgers_shock_warning,1.145,1.3334230027831278,0.2653133450292104,0.0005689597909065047,0.0219816940359905,0.19560633553695733,1.1379195818130095,4.940185390787601,1.8206713308979023,0.9967006028815486,0.003299397118451397,0.9784911078502974,0.836395701726431,0.7554018205984333,0.9967006028815486,0.9343533180490117,0.8859880330129482,0.15485406883658964
burgers_shock_warning,1.1500000000000001,1.3334230027831278,0.2653110239312889,0.0005772975812548834,0.023071285123756457,0.19587471078262308,1.1545951625097668,5.109470588470467,1.8473522600126715,0.9965953423416192,0.0034046576583808275,0.9774489955301936,0.8362079998711273,0.745059205245729,0.9965953423416192,0.9339187441105963,0.8826316877006908,0.16061013343713162
burgers_shock_warning,1.155,1.3334230027831278,0.26530866874308934,0.0005859779787957231,0.024550962817274573,0.19615129380883448,1.1719559575914462,5.264621815165001,1.8751295321433141,0.9964909336107205,0.0035090663892795027,0.9760373434721439,0.8360146456187482,0.7343438555162277,0.9964909336107205,0.9333643820984328,0.8790494048384998,0.16678651619475054
burgers_shock_warning,1.16,1.3334230027831278,0.2653062780524703,0.0005950221845773216,0.026311799225145604,0.19643647515237733,1.1900443691546432,5.399114720628386,1.904070990644383,0.996387613839327,0.0036123861606730534,0.9743627626175488,0.8358153740445273,0.7232454077706455,0.996387613839327,0.932723927162165,0.8752583438487095,0.17337220490898633
burgers_shock_warning,1.165,1.3334230027831278,0.26530385035992854,0.0006044530290935115,0.02811152617477798,0.19673078770153965,1.208906058187023,5.506006255218681,1.9342496930961424,0.9962856181647299,0.003714381835270064,0.9726571238050695,0.8356098215878744,0.7117537447620642,0.9962856181647299,0.93207113001185,0.8713030463153478,0.18031791701505875
burgers_shock_warning,1.17,1.3334230027831278,0.2653013840717334,0.000614295278213006,0.029633767030138085,0.19703494929250226,1.228590556426012,5.578255002264861,1.9657448902784744,0.9961851781192712,0.0038148218807287915,0.9712191188954367,0.8353974966153175,0.6998589085878458,0.9961851781192712,0.9315013517232296,0.8672418773020547,0.18755369123437368
burgers_shock_warning,1.175,1.3334230027831278,0.2652988774913392,0.0006245760700356168,0.030579542597456134,0.19734984560338784,1.2491521400712335,5.609115728353688,1.9986434241107762,0.9960865199661981,0.003913480033801875,0.9703278191216721,0.8351777917472933,0.6875509020083708,0.9960865199661981,0.9311039327444818,0.863127263412835,0.19501615155771046
burgers_shock_warning,1.18,1.3334230027831278,0.2652963288084651,0.0006353254322928037,0.03078340635855668,0.19767642045359207,1.2706508645856074,5.746842094041291,2.0330413833337193,0.9959898629740418,0.004010137025958205,0.9701359119979386,0.8349500607361655,0.6748194566157746,0.9959898629740418,0.9309278008540683,0.858981675143916,0.20268328193372812
burgers_shock_warning,1.185,1.3334230027831278,0.26529373608568607,0.0006465767623003245,0.03036485013034786,0.19801547745307954,1.293153524600649,6.004548605426601,2.069045639357728,0.9958954176427293,0.004104582357270736,0.9705300019439652,0.8347137568923145,0.6616539240277529,0.9958954176427293,0.9309365681257349,0.8547670860882541,0.21062054255172868
burgers_shock_warning,1.19,1.3334230027831278,0.265291097243134,0.0006583671031386583,0.029910318653614834,0.19836743345937258,1.3167342062773166,6.243389749380292,2.1067747300403363,0.9958033838938798,0.00419661610612021,0.9709583270388861,0.8344686046025652,0.6480434892226976,0.9958033838938798,0.9309536593636548,0.8503487653140701,0.21903790492583688
burgers_shock_warning,1.195,1.3334230027831278,0.2652884100428556,0.0006707370588699544,0.030546653447332518,0.1987321279288988,1.3414741177399088,6.4523745898823375,2.14635858838042,0.9957139492324882,0.004286050767511762,0.9703587864313088,0.834214731299263,0.6339778687318645,0.9957139492324882,0.9306397453367753,0.8454826920959921,0.22831540956003035
burgers_shock_warning,1.2,1.3334230027831278,0.2652856720750295,0.000683730289690251,0.0335136844354547,0.19910880990575397,1.367460579380502,6.619698472656709,2.187936927005303,0.9956272868776527,0.004372713122347327,0.9675730617405796,0.8339526753027499,0.619448513084384,0.9956272868776527,0.9296239882862838,0.8399081493397148,0.23887362641984114
