case,t,energy,enstrophy,palinstrophy,equation_residual_defect,enstrophy_balance_defect,activity_pressure,low_mode_fraction,high_mode_fraction,H,B,S_eff,V,R_resp,R_rob,MAAT_warning
2d_navier_stokes_regular_control,0.04,0.1245509726721756,0.4992860633163884,4.791341176915138,0.049674935362885336,0.068714995605173,0.9975152010235276,0.9988890399783803,0.0011109600216197002,0.9526758868966304,0.9357031613781538,0.9999961792648995,0.9988890399783803,0.962055601487833,0.962055601487833,0.037939329393999945
2d_navier_stokes_regular_control,0.08,0.12447487385813845,0.4985736789056822,4.782492550584866,0.0495454967904456,0.0690204909181684,0.9956729946460837,0.9988714867780516,0.0011285132219484018,0.9527933787130164,0.9354357643239489,0.9999883924671497,0.9988714867780516,0.9619978592489258,0.9619978592489258,0.03796262691965827
2d_navier_stokes_regular_control,0.12,0.12439887910893363,0.497862367992582,4.77667314681523,0.049429169640930797,0.06929089132719125,0.9944614458319283,0.9988075967717811,0.0011924032282188968,0.9528989939760838,0.9351992129651565,0.9999809592259771,0.9988075967717811,0.9619317938831671,0.9619317938831671,0.03800790510231318
2d_navier_stokes_regular_control,0.16,0.12432298746228079,0.49715166030128644,4.773828570046206,0.04932618533650891,0.06952606164246977,0.9938692299026491,0.9986972416654938,0.0013027583345062155,0.9529925146005095,0.9349935788047103,0.9999766557802141,0.9986972416654938,0.961857323553656,0.961857323553656,0.038075112833704954
2d_navier_stokes_regular_control,0.2,0.1242471980473355,0.4964410936545198,4.773906927203047,0.049236839236354024,0.06972598962865312,0.9938855431753159,0.9985400147876423,0.001459985212357684,0.9530736651677336,0.9348188318273375,0.9999767802267788,0.9985400147876423,0.9617742199486425,0.9617742199486425,0.03816437411175411
2d_navier_stokes_regular_control,0.24,0.12417151008624108,0.49573021365010383,4.776858417839659,0.04916148167577159,0.06989078616510869,0.9945000176339255,0.9983353507564177,0.001664649243582339,0.953142121080114,0.9346748405829127,0.9999812242364899,0.9983353507564177,0.9616821494019681,0.9616821494019681,0.03827594168729837
2d_navier_stokes_regular_control,0.28,0.12409592289555038,0.49501857339871025,4.782634941747705,0.04910051187685017,0.07002068412060675,0.9957026392370613,0.9980827323378845,0.0019172676621155293,0.9531975141361728,0.9345613732895705,0.9999885513099406,0.9980827323378845,0.9615807414973067,0.9615807414973067,0.038410120476785665
2d_navier_stokes_regular_control,0.32,0.12402043588748843,0.49430573332010475,4.7911897215469565,0.049054375844080046,0.07011603584267213,0.9974836693445136,0.997781962101127,0.002218037898872982,0.9532394345101413,0.9344781000431801,0.9999960815570547,0.997781962101127,0.9614696777193856,0.9614696777193856,0.038567168352639694
2d_navier_stokes_regular_control,0.36,0.12394504857102911,0.49359126099559325,4.802476937223846,0.0490235696517392,0.07017730921249965,0.9998335686314137,0.9974334555404183,0.00256654445958171,0.9532674278538715,0.9344245961782348,0.9999999828987587,0.9974334555404183,0.961348785903048,0.961348785903048,0.038747189379936445
2d_navier_stokes_regular_control,0.4,0.1238697605527618,0.4928747310748718,4.816451369143252,0.04900865021860997,0.07020508226925123,1.0027429227664184,0.9970384983531518,0.0029615016468481636,0.9532809856158986,0.934400346781769,0.9999953685043438,0.9970384983531518,0.9612181215051931,0.9612181215051931,0.03895003992599182
2d_navier_stokes_regular_control,0.44,0.1237945715375316,0.49215572523605405,4.833068045780111,0.04901025700273714,0.07020003648572005,1.0062023690725217,0.9965994075042812,0.0034005924957187794,0.953279525461676,0.934404752296365,0.9999764001983754,0.9965994075042812,0.9610780152704196,0.9610780152704196,0.03917527004252526
2d_navier_stokes_regular_control,0.48,0.12371948132883887,0.49143383219824366,4.852281892337336,0.04902915015148681,0.0701629488060987,1.0102025233723884,0.9961195451640478,0.0038804548359522295,0.9532623567758755,0.9344371351256608,0.9999363974991314,0.9961195451640478,0.9609290691818225,0.9609290691818225,0.039422120505849464
2d_navier_stokes_regular_control,0.52,0.12364448982899198,0.4907086477866253,4.87404737654782,0.04906627288801323,0.07009468261624757,1.0147339062474383,0.995603155382404,0.004396844617596041,0.9532286242003217,0.9344967471057095,0.999867951886934,0.995603155382404,0.9607720884845183,0.9607720884845183,0.03968959001306487
2d_navier_stokes_regular_control,0.56,0.12356959703901006,0.489979775050623,4.898318148300056,0.04912284657116384,0.06999617784874548,1.0197868680110622,0.9950550217701499,0.004944978229850072,0.9531772215887667,0.9345827776791927,0.9997630458437813,0.9950550217701499,0.9606079464286325,0.9606079464286325,0.03997657782380044
2d_navier_stokes_regular_control,0.6,0.12349480305827568,0.48924682443616935,4.925046670280961,0.049200504156678204,0.06986844043621046,1.0253515118116963,0.9944799751788456,0.0055200248211544345,0.9531066712589656,0.9346943626005797,0.9996131761520889,0.9944799751788456,0.9604373890583422,0.9604373890583422,0.040282095728606845
2d_navier_stokes_regular_control,0.64,0.12342010808394058,0.48850941401353937,4.954183837616049,0.04930146238802966,0.06971253136368048,1.0314176144452452,0.9938823076767457,0.00611769232325432,0.9530149683811285,0.934830592967991,0.9994094808854049,0.9938823076767457,0.9602607978260931,0.9602607978260931,0.040605531709537325
2d_navier_stokes_regular_control,0.68,0.12334551241008725,0.4877671697624517,4.985678585543853,0.04942872931144981,0.06952955556215927,1.0379745446763367,0.9932651680772204,0.006734831922779572,0.9528993938026827,0.9349905243847014,0.99914286946169,0.9932651680772204,0.9600779351418326,0.9600779351418326,0.04094693908028877
2d_navier_stokes_regular_control,0.72,0.12327101642664945,0.48701972591621867,5.019477485513423,0.04958634613354422,0.06932065091312563,1.0450111791493648,0.9926300217099179,0.007369978290082124,0.9527562965007977,0.935173186028035,0.99880415505329,0.9926300217099179,0.9598876997430523,0.9598876997430523,0.0413073219472365
2d_navier_stokes_regular_control,0.76,0.12319662061809185,0.48626672536656934,5.055524331715846,0.049779667763369624,0.06908697762546925,1.0525158163079786,0.9919762520873875,0.008023747912612511,0.9525808421595469,0.9353775894091263,0.9983841885504514,0.9919762520873875,0.9596879156824599,0.9596879156824599,0.041688890094911515
2d_navier_stokes_regular_control,0.8,0.1231223255618491,0.4855078201303576,5.09375972188014,0.05001567853151325,0.06882970824742753,1.060476089120466,0.991300965867758,0.008699034132242045,0.9523667317030331,0.9356027366040485,0.9978739931522548,0.991300965867758,0.9594751760434422,0.9594751760434422,0.04209525864420393
2d_navier_stokes_regular_control,0.84,0.12304813192652048,0.484742671878664,5.134120638137873,0.05030329756705481,0.06855001856040376,1.0688788778194431,0.9905990380405576,0.0094009619594424,0.9521059319878569,0.9358476277481542,0.997264898507491,0.9905990380405576,0.9592447675423404,0.9592447675423404,0.042531562354980214
2d_navier_stokes_regular_control,0.88,0.12297404046981569,0.48397095252779826,5.1765400359918,0.0506535505510512,0.06824907961834087,1.077710224328731,0.9898634055612513,0.010136594438748703,0.9517885315054765,0.9361112675681176,0.9965486731457762,0.9898634055612513,0.9589907166509711,0.9589907166509711,0.04300443895272515
2d_navier_stokes_regular_control,0.92,0.12290005203624532,0.48319234489032586,5.220946452186897,0.051079415971262955,0.06792805120973794,1.0869552506255449,0.9890855889191847,0.010914411080815256,0.9514028957326099,0.9363926707114868,0.9957176537203208,0.9890855889191847,0.9587060093551157,0.9587060093551157,0.043521822672865584
2d_navier_stokes_regular_control,0.96,0.12282616755454988,0.4824065433823956,5.26726364580568,0.051595184349844316,0.0675880770669199,1.096598084019687,0.988256396028685,0.01174360397131502,0.9509362679501586,0.9366908655887103,0.9947648693198493,0.988256396028685,0.9583830189305581,0.9583830189305581,0.04409250591710495
2d_navier_stokes_regular_control,1.0,0.12275238803486241,0.4816132547812032,5.315410290893277,0.052215373711818856,0.0672302821169548,1.106621793160785,0.9873667440917762,0.01263325590822384,0.9503757738041568,0.9370048964656466,0.9936841587993511,0.9873667440917762,0.9580141072067269,0.9580141072067269,0.044725498295126655
2d_navier_stokes_regular_control,1.04,0.12267871456560024,0.48081219902341715,5.365299742073164,0.052953581925240405,0.06685577193028025,1.117008339241542,0.98640852421381,0.013591475786190022,0.9497094811829985,0.9373338236626709,0.9924702787621593,0.98640852421381,0.9575922583908942,0.9575922583908942,0.04542932691291983
2d_navier_stokes_regular_control,1.08,0.12260514831008727,0.48000311003210716,5.416839894821473,0.05382190163417002,0.0664656342273668,1.1277385469080756,0.9853754309241575,0.01462456907584253,0.9489269471903098,0.9376767219737747,0.9911189995858497,0.9853754309241575,0.9571115297858717,0.9571115297858717,0.04621150820419227
2d_navier_stokes_regular_control,1.12,0.122531690502912,0.47918573655676533,5.469933157622232,0.05483135425042647,0.06606094193596164,1.1387920984628812,0.9842636837697823,0.01573631623021765,0.9480188429842512,0.9380326777416726,0.9896271868415286,0.9842636837697823,0.9565671583897806,0.9565671583897806,0.047078373171151586
2d_navier_stokes_regular_control,1.16,0.12245834244603021,0.4783598430091043,5.524476544834035,0.05599306568233983,0.06564275709979224,1.1501475531988588,0.9830725795431534,0.016927420456846587,0.9469759153710358,0.9384007851951787,0.987992865687415,0.9830725795431534,0.9559553900613273,0.9559553900613273,0.04803518923564032
2d_navier_stokes_regular_control,1.2,0.12238510550462862,0.4775252102767653,5.580361891081308,0.05731892231960786,0.06521213517138737,1.1617823920336943,0.9818048298246198,0.018195170175380193,0.9457884266424947,0.9387801424540707,0.9862152662568207,0.9818048298246198,0.9552733998499313,0.9552733998499313,0.04908618892534382
2d_navier_stokes_regular_control,1.24,0.12231198110276884,0.47668163649725853,5.637476186719821,0.05881999920601889,0.064770129875923,1.173673087350835,0.9804666575640865,0.019533342435913537,0.9444475933113027,0.9391698470321753,0.9842948484677696,0.9804666575640865,0.9545198069896588,0.9545198069896588,0.050233947289224166
2d_navier_stokes_regular_control,1.28,0.12223897071883563,0.4758289377739369,5.695702043046287,0.060501924616674294,0.06431779954455272,1.1857951998520484,0.9790676466205487,0.02093235337945132,0.9429497267168628,0.9395689900403095,0.9822333047806536,0.9790676466205487,0.9536960218327741,0.9536960218327741,0.051477816268220254
2d_navier_stokes_regular_control,1.32,0.12216607588081878,0.474966948813144,5.75491831087226,0.06235851312788114,0.06385621585735743,1.1981235073390806,0.9776203578674347,0.02237964213256527,0.9413018182117445,0.9399766482485643,0.9800335391940126,0.9776203578674347,0.9528080102944767,0.9528080102944767,0.05281183723564017
2d_navier_stokes_regular_control,1.36,0.12209329816146205,0.47409552345695694,5.815000883168043,0.0643671627165084,0.06338647480690643,1.2106321718170767,0.9761397431835824,0.02386025681641757,0.9395254147523411,0.9403918741599414,0.9776996206413773,0.9761397431835824,0.9518674263887977,0.9518674263887977,0.05422329119198388
2d_navier_stokes_regular_control,1.4000000000000001,0.12202063917332016,0.47321453508172895,5.875823696176064,0.06648972035396544,0.06290970765953842,1.2232949479176038,0.9746424031310387,0.02535759686896133,0.937655545023071,0.9408136860485904,0.9752367097222454,0.9746424031310387,0.9508910321439125,0.9508910321439125,0.05569314599362234
2d_navier_stokes_regular_control,1.44,0.12194810056376953,0.47232387683316135,5.937259899596803,0.068679872881262,0.062427087966764584,1.2360854265210954,0.9731457443829894,0.026854255617010603,0.9357339137527736,0.9412410614584052,0.9726509599182803,0.9731457443829894,0.9498981478398627,0.9498981478398627,0.05719878865413512
2d_navier_stokes_regular_control,1.48,0.12187568401002224,0.4714234616771616,5.999183112016823,0.07089406237699782,0.061939830817723425,1.2489772961259538,0.9716670983401907,0.028332901659809284,0.9337991825077089,0.9416729375617938,0.9699493977276314,0.9716670983401907,0.948907091085236,0.948907091085236,0.05871805111910231
2d_navier_stokes_regular_control,1.52,0.12180339121419226,0.4705132222614613,6.061468645192975,0.07310048533023158,0.061449183168869916,1.2619445977337824,0.9702228625749676,0.029777137425032407,0.9318791796951468,0.942108219457649,0.9671397890262357,0.9702228625749676,0.9479322567497568,0.9479322567497568,0.06023267410754936
2d_navier_stokes_regular_control,1.56,0.12173122389845789,0.4695931106001504,6.12399459664705,0.07528201383153285,0.06095640803522247,1.2749619523180065,0.9688277219065632,0.03117227809343681,0.9299885863771851,0.9425457939896822,0.9642304997059475,0.9688277219065632,0.9469830634493144,0.9469830634493144,0.06172974327848937
2d_navier_stokes_regular_control,1.6,0.12165918380035862,0.46866309760427133,6.186642771010886,0.07743305290655342,0.060462768030551006,1.2880047526398435,0.9674939966146654,0.0325060033853346,0.9281319125140397,0.9429845442449243,0.9612303566504159,0.9674939966146654,0.9460647322597331,0.9460647322597331,0.06320103015892749
2d_navier_stokes_regular_control,1.6400000000000001,0.12158727266825908,0.46772317248202455,6.249299459827487,0.07955403267842535,0.05996951309171104,1.301049325596053,0.9662311525153189,0.03376884748468112,0.926308428971315,0.9434233604353465,0.9581485116988232,0.9662311525153189,0.9451797875252417,0.9451797875252417,0.06464144200923248
2d_navier_stokes_regular_control,1.68,0.12151549225701021,0.46677334202427695,6.311856142255559,0.08164716480234543,0.05947787352200185,1.3140730780994763,0.965045492652988,0.034954507347012,0.9245158981050303,0.9438611461282521,0.9549943087922411,0.965045492652988,0.9443292163203648,0.9443292163203648,0.0660477996874736
2d_navier_stokes_regular_control,1.72,0.1214438443238352,0.46581362978217267,6.37421015031955,0.08371328914781381,0.05898905562976966,1.3270546355782573,0.9639400347059692,0.03605996529403077,0.9227532872521639,0.9442968222228798,0.9517771544217952,0.9639400347059692,0.9435133490428086,0.9435133490428086,0.0674178844801708
2d_navier_stokes_regular_control,1.76,0.12137233062446655,0.4648440751396981,6.436265301624429,0.08574609520604735,0.0585042363074733,1.3399739737015104,0.9629145634161757,0.03708543658382435,0.9210256471705064,0.94472933191882,0.9485063928971902,0.9629145634161757,0.9427335423773439,0.9427335423773439,0.0687484698910873
2d_navier_stokes_regular_control,1.8,0.12130095290955528,0.4638647322848919,6.497932485887451,0.0877213993901036,0.05802455537248953,1.352812540490087,0.9619658348786826,0.03803416512131741,0.9193530627977993,0.9451576477333634,0.9451911885144196,0.9619658348786826,0.9419953145920565,0.9419953145920565,0.07003151696295061
2d_navier_stokes_regular_control,1.84,0.12122971292137276,0.4628756690841715,6.559130211019035,0.08958587954157415,0.05755110728980698,1.3655533700058258,0.9610879005086581,0.03891209949134189,0.9177798820417294,0.9455807791291585,0.9418404154375165,0.9610879005086581,0.9413116341137067,0.9413116341137067,0.07125004789756857
2d_navier_stokes_regular_control,1.8800000000000001,0.12115861239082287,0.4618769658629283,6.619785125000278,0.09125606190956653,0.0570849332841631,1.3781811910018709,0.9602725136458085,0.039727486354191544,0.9163752073460381,0.9459977798502802,0.9384625551754935,0.9602725136458085,0.940703259093852,0.9401425820521291,0.07306184974999283
2d_navier_stokes_regular_control,1.92,0.12108765303478622,0.4608687140986356,6.679832470386415,0.09263709159073157,0.05662701051557531,1.3906825215463068,0.9595095812271497,0.04049041877285031,0.9152169624263218,0.9464077579391573,0.9350656045446378,0.9595095812271497,0.9401934530318881,0.9389088605867749,0.07496012616716095
2d_navier_stokes_regular_control,1.96,0.12101683655381532,0.45985101505146553,6.739216298937007,0.09366014352637807,0.056178231609758364,1.403045713706279,0.9587876263913678,0.04121237360863217,0.9143608331337907,0.9468098944586889,0.9316570045453024,0.9587876263913678,0.9397974761163925,0.937755714094028,0.07676702670794965
2d_navier_stokes_regular_control,2.0,0.12094616463018626,0.4588239783945694,6.797889173616908,0.094323662762443,0.055739371196686316,1.415260891507212,0.9580942344596459,0.04190576554035408,0.9138064304263163,0.9472034739658279,0.9282436072464848,0.9580942344596459,0.9395110799826553,0.9366814540161946,0.07848336721495856
2d_navier_stokes_regular_control,2.04,0.12087563892628952,0.45778772094506603,6.855811151250003,0.09471636826213793,0.05531104685854979,1.4273197391302395,0.9574164633513549,0.042583536648645115,0.9134786224010698,0.9475879201461979,0.9248316949602456,0.9574164633513549,0.9393042017340162,0.9356649800219108,0.08013439064861912
2d_navier_stokes_regular_control,2.08,0.12080526108331052,0.4567423656062507,6.912948116858253,0.09500465650803917,0.054893692652384064,1.4392151541362075,0.9567412088676895,0.04325879113231046,0.9132381255701613,0.9479628202967435,0.921427049726945,0.9567412088676895,0.9391247211590334,0.9346686885045588,0.08176666623317758
2d_navier_stokes_regular_control,2.12,0.12073503272013508,0.4556880405885605,6.969269898424819,0.09538295365968855,0.054487563745127476,1.4509408549758935,0.9560555241245025,0.043944475875497546,0.9129227332404499,0.9483279219039731,0.9180350482929223,0.9560555241245025,0.9389127247814412,0.9336492102027945,0.0834350157176942
2d_navier_stokes_regular_control,2.16,0.12066495543242116,0.4546248788903221,7.024748780800495,0.09600588546668709,0.054092776646417734,1.4624910715983641,0.9553468995644392,0.04465310043556081,0.912403859559744,0.9486830971192942,0.9146607435775437,0.9553468995644392,0.9386199735991646,0.9325719611011898,0.08518423703730015
2d_navier_stokes_regular_control,2.2,0.1205950307918039,0.45355301793271174,7.079358883728448,0.09693368115201748,0.05370936901139622,1.473860415961181,0.9546035145163814,0.04539648548361863,0.9116321407414384,0.949028289402241,0.9113089004349488,0.9546035145163814,0.9382255852702426,0.9314227833361883,0.08703402483763902
2d_navier_stokes_regular_control,2.24,0.12052526034523761,0.4524725992079786,7.133076430878749,0.0981158348398396,0.05333735099715751,1.4850439380410305,0.953814472699705,0.046185527300295015,0.9106507421831779,0.9493634675095638,0.9079839795350281,0.953814472699705,0.9377406799546605,0.9302113062184434,0.0889740642706265
2d_navier_stokes_regular_control,2.2800000000000002,0.12045564561449776,0.45138376783711737,7.185880493700562,0.09941533808095143,0.05297672653174232,1.4960372806972246,0.9529700324169937,0.04702996758300626,0.9095743577177278,0.9496886064080114,0.9046900918554601,0.9529700324169937,0.9372013236976025,0.9289655920904325,0.09097018647244934
2d_navier_stokes_regular_control,2.32,0.12038618809586404,0.4502866720160371,7.237753641004318,0.10065517711328034,0.0526274833508512,1.5068368149090097,0.9520618379867528,0.04793816201324719,0.9085497627174465,0.9500036962902385,0.9014309582552732,0.9520618379867528,0.936655146961071,0.9277221167624946,0.09297671381126882
2d_navier_stokes_regular_control,2.36,0.12031688925998558,0.4491814624017479,7.288682142488293,0.1016656920865215,0.0522895697352292,1.5174396821480156,0.9510831531679627,0.04891684683203734,0.9077163854544932,0.9503087636339624,0.8982098970383503,0.9510831531679627,0.9361478971967473,0.9265157547802378,0.09494913596003646
2d_navier_stokes_regular_control,2.4,0.12024775055190998,0.44806829150890604,7.3386557647662265,0.10232220998367905,0.05196287940395173,1.5278437519129957,0.9500290910170623,0.049970908982937656,0.9071757703356135,0.9506038849646538,0.8950298384161722,0.9500290910170623,0.9357129579325527,0.9253720146033334,0.09685419939927331
2d_navier_stokes_regular_control,2.44,0.1201787733912475,0.44694731315347946,7.387667449228056,0.10257233379933538,0.05164725272507304,1.5380475546632564,0.9488968288433546,0.05110317115664542,0.9069699731664016,0.9508891859021715,0.8918933481943145,0.9488968288433546,0.9353638995792194,0.9243015566357168,0.09867728163916091
2d_navier_stokes_regular_control,2.48,0.1201099591724503,0.44581868193582597,7.435713094306797,0.1024527728346103,0.05134248445544675,1.5480502364885322,0.9476857925557586,0.05231420744424142,0.9070683340283273,0.9511648342813427,0.8888026462786441,0.9476857925557586,0.9350899450415324,0.9232968950096234,0.10042709580694745
2d_navier_stokes_regular_control,2.52,0.12004130926519209,0.44468255274605084,7.482791370494162,0.10208976379964187,0.05104832080352975,1.5578515205968613,0.9463977923525991,0.05360220764740087,0.9073671064254603,0.9514310428996232,0.8857596240887016,0.9463977923525991,0.9348559339735211,0.9223324462786072,0.1021361139034134
2d_navier_stokes_regular_control,2.56,0.11997282501483514,0.44353908031257266,7.52890324865546,0.1016739707961944,0.05076443763205848,1.5674516091138837,0.9450370917776182,0.05496290822238181,0.9077095642708947,0.9516880893433564,0.8827658813554382,0.9450370917776182,0.9346093755309698,0.921369824840699,0.10385406605427958
2d_navier_stokes_regular_control,2.6,0.11990450774295817,0.442388418869465,7.574050954664855,0.101407392721161,0.05049040962601924,1.5768509654470741,0.9436103947533847,0.05638960524661529,0.9079292608790089,0.9519363440509713,0.8798228013611316,0.9436103947533847,0.9342954039541085,0.9203689582162102,0.10563354161794174
2d_navier_stokes_regular_control,2.64,0.1198363587479006,0.4412307220396,7.618236386929195,0.10143601443183324,0.05022569277541853,1.5860499848280842,0.942126740088621,0.05787325991137904,0.9079056675987137,0.9521762863726103,0.8769316628806157,0.942126740088621,0.933875839106083,0.9193021853734707,0.1075112344167313
2d_navier_stokes_regular_control,2.68,0.1197683793052691,0.4400661429893669,7.661459429792878,0.10179741477244274,0.04996963950951859,1.5950486431784325,0.9405972995768997,0.05940270042310025,0.9076078656497236,0.9524084910370729,0.8740937607015965,0.9405972995768997,0.9333440123899083,0.9181651706167225,0.1094929666554709
2d_navier_stokes_regular_control,2.72,0.11970057066836323,0.4388948348209336,7.703716782351725,0.10241181654219278,0.049721548760547,1.603846253278826,0.9390350833134642,0.06096491668653581,0.9071020330102991,0.9526335828589445,0.8713104934296639,0.9390350833134642,0.9327271432737927,0.9169785940229961,0.11155074473350436
2d_navier_stokes_regular_control,2.7600000000000002,0.11963293406849893,0.43771695107894143,7.745001755771698,0.10312298488792747,0.049480733561179435,1.612441422572696,0.9374545632693917,0.0625454367306083,0.9065172366992206,0.95285217538651,0.8685833874400442,0.9374545632693917,0.9320744598159043,0.9157793272742355,0.11363397261358606
2d_navier_stokes_regular_control,2.8000000000000003,0.11956547071523607,0.43653264621138865,7.785305064700913,0.1037672414640346,0.0492465792024147,1.6208322179312358,0.935871232549904,0.06412876745009599,0.9059881127415977,0.9530648179574248,0.8659140538875844,0.935871232549904,0.9314374134304371,0.9146058100399579,0.11568885894083754
2d_navier_stokes_regular_control,2.84,0.11949818179653296,0.43534207585921836,7.82461620413679,0.10423616023200967,0.049018570758440155,1.6290164523050628,0.9343011224252957,0.06569887757470427,0.9056033808835705,0.9532719704637834,0.8633041049487604,0.9343011224252957,0.9308518718407955,0.9134849230897499,0.11767631003841557
2d_navier_stokes_regular_control,2.88,0.11943106847884821,0.43414539693381415,7.862924802884799,0.1045069693767974,0.04879628493401877,1.636991966502458,0.9327603017716992,0.06723969822830078,0.905381340023808,0.9534740105061599,0.8607550696269883,0.9327603017716992,0.9303295545809444,0.9124257026158497,0.1195809245985403
2d_navier_stokes_regular_control,2.92,0.11936413190719644,0.43294276752947863,7.900221455525706,0.1046338337239906,0.04857935699361091,1.644756802397645,0.9312643839149718,0.0687356160850282,0.9052773593116876,0.9536712632481217,0.8582683428344284,0.9312643839149718,0.9298604646958428,0.9114211674982465,0.1214090553902175
2d_navier_stokes_regular_control,2.96,0.11929737320514562,0.43173434676816724,7.936497843454852,0.10471103718177996,0.04836744025113639,1.6523092281301093,0.929828064195768,0.07017193580423198,0.9052140934077137,0.9538640381281299,0.8558451812155147,0.929828064195768,0.9294231325965614,0.91045589155993,0.12317887653274229
2d_navier_stokes_regular_control,3.0,0.11923079347473499,0.43052029467398545,7.971746258414209,0.1048292416031305,0.04816017185202427,1.6596476389081498,0.9284647081935296,0.07153529180647045,0.9051172455835609,0.9540526599413439,0.8534867388402696,0.9284647081935296,0.9289967521005079,0.9095149479700677,0.12490829092037427
2d_navier_stokes_regular_control,3.04,0.11916439379629301,0.4293007721424009,8.005958788211194,0.10504569056724114,0.047957149912047484,1.6667703874826807,0.9271860058983693,0.0728139941016307,0.9049399572669984,0.9542374896568315,0.8511941257674801,0.9271860058983693,0.9285694030218957,0.9085899556048005,0.12660656845072807
2d_navier_stokes_regular_control,3.08,0.11909817522814234,0.4280759410322398,8.039126402098795,0.10537861941132835,0.04775792099493596,1.6736755937313958,0.9260017017168767,0.07399829828312332,0.9046673985177603,0.9544189358648936,0.8489684736319221,0.9260017017168767,0.9281395030753252,0.9076801411469266,0.12827273850157536
2d_navier_stokes_regular_control,3.12,0.11903213880618738,0.42684596438490274,8.071238087342854,0.10582074839519458,0.04756197714901727,1.6803609648996531,0.9249194046000437,0.07508059539995626,0.9043056946175361,0.9545974575380647,0.8468109979772853,0.9249194046000437,0.9277119339347112,0.9067894943453612,0.1298994102177686
2d_navier_stokes_regular_control,3.16,0.11896628554337994,0.42561100676161095,8.102280157308291,0.1063561954122887,0.04736876586235988,1.6868236515500945,0.9239444773393843,0.07605552266061566,0.9038680346769744,0.9547735550206538,0.844723049076718,0.9239444773393843,0.9272932414163688,0.9059232525631599,0.13147761444970832
2d_navier_stokes_regular_control,3.2,0.11890061642905958,0.42437123467020954,8.132235904966391,0.10696625789502737,0.04717771817975197,1.6930601754259038,0.9230799996584838,0.07692000034151625,0.9033699020795528,0.9549477444365813,0.8427061393520616,0.9230799996584838,0.9268899824681855,0.9050866952477885,0.13299849758508486
2d_navier_stokes_regular_control,3.24,0.11883513242816726,0.4231268170188752,8.16108583153431,0.10762074189757712,0.046988295258621415,1.6990664770515458,0.9223267964456083,0.07767320355439167,0.9028361082213021,0.955120515223129,0.8407619317161357,0.9223267964456083,0.9265111282607229,0.9042869007375625,0.13445087999860025
2d_navier_stokes_regular_control,3.2800000000000002,0.11876983448034194,0.42187792549567404,8.188808615192348,0.10826439031712393,0.04680004298333287,1.704838117411205,0.9216835204568274,0.07831647954317256,0.902311766702037,0.9552922802238766,0.8388921775132157,0.9216835204568274,0.9261718362731276,0.9035354861708631,0.13581739480511784
2d_navier_stokes_regular_control,3.3200000000000003,0.11870472349892924,0.4206247347575234,8.215382749129548,0.10881332385077594,0.04661263478160024,1.710370618975508,0.9211467780363181,0.07885322196368194,0.9018650646504857,0.9554633364508092,0.837098608681283,0.9211467780363181,0.9258944397825019,0.9028492925373879,0.13707348173693681
2d_navier_stokes_regular_control,3.36,0.11863980036994473,0.41936742234427954,8.240788457072435,0.10917073916376988,0.04642588221742488,1.7156598644978045,0.9207112867281741,0.07928871327182585,0.9015744507954868,0.9556338551957008,0.8353828105706264,0.9207112867281741,0.9257041201714568,0.9022471755732921,0.13819188658194312
2d_navier_stokes_regular_control,3.4,0.11857506595104175,0.41810616831447234,8.265009268770271,0.10925892445869845,0.046239704038537714,1.7207024250163765,0.9203700549494103,0.07962994505058973,0.9015027762683855,0.955803910079067,0.8337461172789975,0.9203700549494103,0.9256201148801751,0.9017435487318238,0.13915181708558522
2d_navier_stokes_regular_control,3.44,0.11851052107051985,0.4168411546997337,8.288032664473226,0.10905456481563001,0.04605406226032762,1.7254956940291384,0.9201145760239808,0.07988542397601917,0.901668891436591,0.9559735352866817,0.8321895697127542,0.9201145760239808,0.9256460570665038,0.9013413260473148,0.1399490301225296
2d_navier_stokes_regular_control,3.48,0.11844616652638545,0.41557256495012473,8.309849498563693,0.1086119552179795,0.04586888890852183,1.7300377674987344,0.9199350316918876,0.08006496830811238,0.9020288797114551,0.9561427924714434,0.8307139562599537,0.9199350316918876,0.9257636375761866,0.9010273327162408,0.1406024688678763
2d_navier_stokes_regular_control,3.52,0.1183820030854489,0.4143005835562969,8.330452355375783,0.10806362849178203,0.0456840310352176,1.7343271015485802,0.9198205034769736,0.08017949652302636,0.9024752498745306,0.9563118210861546,0.8293199259220553,0.9198205034769736,0.9259324478549005,0.9007722588362337,0.14115443886450288
2d_navier_stokes_regular_control,3.56,0.11831803148242104,0.41302539597952226,8.349833368509215,0.10759617732372492,0.04549923296543381,1.7383620584631454,0.9197591936654607,0.08024080633453934,0.9028561315698032,0.9564808547621976,0.8280081380027945,0.9197591936654607,0.9260966722121272,0.9005356165783822,0.1416636054901219
2d_navier_stokes_regular_control,3.6,0.11825425241896959,0.4117471889209522,8.367982190121237,0.1074073898177776,0.04531415882966785,1.7421404839123455,0.9197386606303063,0.08026133936969371,0.9030100477878774,0.9566502008540652,0.8267794018023988,0.9197386606303063,0.9261970583246096,0.9002745227258214,0.14219245211868317
2d_navier_stokes_regular_control,3.64,0.1181906665627045,0.41046615085715654,8.384884695446232,0.10765735688038526,0.045128443676472306,1.7456594372438883,0.9197460752751024,0.08025392472489756,0.9028062638579927,0.9568201937766396,0.8256347665336339,0.9197460752751024,0.9261847228757046,0.8999537748621117,0.14279280338645245
2d_navier_stokes_regular_control,3.68,0.118127274546083,0.40918247269583874,8.400522733968508,0.1084290945711712,0.04494175394519295,1.748915139679632,0.9197685059219445,0.08023149407805552,0.90217768993774,0.9569911396730825,0.8245755402104212,0.9197685059219445,0.9260323919144939,0.8995540137114268,0.14349401621114735
2d_navier_stokes_regular_control,3.72,0.11806407696524962,0.40789634838122335,8.414874923842756,0.10971132839656679,0.044753838992703236,1.7519031397069555,0.9197932376007397,0.08020676239926028,0.9011352541970624,0.9571632691621862,0.8236032376313884,0.9197932376007397,0.9257393810110696,0.8990752978763502,0.14429770156261493
2d_navier_stokes_regular_control,3.7600000000000002,0.11800107437884666,0.4066079753006305,8.427918237069758,0.11140746158115247,0.04456456182751712,1.7546186430984343,0.9198081281889358,0.08019187181106424,0.8997600201256002,0.957336709040225,0.8227194745232475,0.9198081281889358,0.9253290904471616,0.898535222691284,0.14518026382335653
2d_navier_stokes_regular_control,3.8000000000000003,0.11793826730684684,0.40531755439697303,8.439629988170719,0.11336459765143338,0.04437390511497993,1.7570569269363918,0.9198019982604243,0.0801980017395757,0.8981783704183083,0.9575114765912363,0.8219258340991287,0.9198019982604243,0.9248407907929048,0.8979628921582146,0.1461014163577217
2d_navier_stokes_regular_control,3.84,0.11787565622946072,0.4040252899574084,8.449989817331772,0.11541050964915112,0.044181955021511524,1.7592137524861875,0.9197650442323748,0.08023495576762518,0.8965309106819757,0.9576874942063127,0.8212237337972871,0.9197650442323748,0.9243192434910308,0.8973913295134931,0.1470149812410968
2d_navier_stokes_regular_control,3.88,0.11781324158617058,0.4027313891096644,8.458981324374868,0.11738688310141644,0.04398886954527859,1.7610857053746212,0.9196892562153138,0.08031074378468617,0.8949451753222682,0.9578646182650985,0.8206143155435501,0.9196892562153138,0.923805531953853,0.8968507820096657,0.14787844698243782
2d_navier_stokes_regular_control,3.92,0.11775102377492641,0.4014360611030269,8.466593131592601,0.11917167978133682,0.043794839829215275,1.7626704168628224,0.9195688139709948,0.08043118602900523,0.893517963388226,0.9580426745198503,0.820098374624008,0.9195688139709948,0.9233310894807685,0.8963643633054912,0.14865919923365145
2d_navier_stokes_regular_control,3.96,0.11768900315152733,0.4001395164741079,8.472819302503204,0.12068846999995399,0.04360005312983925,1.763966651027365,0.919400427881996,0.08059957211800395,0.892308635958431,0.9582214920370316,0.8196763321349732,0.919400427881996,0.9229154189925212,0.895946392413294,0.14933689537354417
2d_navier_stokes_regular_control,4.0,0.11762718002919628,0.3988419661964011,8.4776591924002,0.12190415227621983,0.04340466494003806,1.7649742736460161,0.919183588196213,0.08081641180378696,0.8913417407103006,0.9584009288069145,0.8193482458703506,0.919183588196213,0.9225669888412483,0.8956030524197758,0.1499025156145638
