galaxy,family,n_points,mean_residual_fraction,outer_residual_fraction,mean_D_struct,peak_D_struct,mean_R_rob,mean_V,nfw_like_rmse_v2,nfw_like_chi2,nfw_like_rs_kpc,rar_mean_sigma_residual
CamB,unknown,9,0.11708585489962352,0.21075453881932232,0.030746381904025774,0.12067378133614479,0.2563743399486155,0.39972124728894154,84.79831527931198,4.276791417463128,40.0,10.165368869467835
D512-2,unknown,4,0.780753803968407,0.7999763182109649,0.4212373603372488,0.5944903691759528,0.7765872891570097,0.6918570719554064,119.80355434494574,0.20706573320806265,8.145065361059286,1.6162579444300527
D564-8,unknown,6,0.7687234713093049,0.8505715372976393,0.3577252399352148,0.42398153139535577,0.7307718726354365,0.6509097545960526,51.082365423533446,1.4363438117192888,40.0,4.185455481630336
D631-7,unknown,16,0.6298819549650516,0.8567699541154948,0.16523684695336155,0.2824787024981588,0.6027939394372146,0.47175907677761697,1449.666552709827,48.67278310163303,40.0,4.300338378587724
DDO064,unknown,14,0.783910843208294,0.7440886465185123,0.27025036412168485,0.6333794905264057,0.644112163772076,0.5224909983078051,252.77175232388672,0.7457809092643799,38.27021939503432,0.5476803793623327
DDO154,unknown,12,0.79184251893252,0.8544011944629651,0.27616206803611026,0.3823582744422586,0.6167113254970155,0.5619009954412079,211.8587344963721,15.572869518731087,20.60982957919629,3.745294408732919
DDO161,unknown,31,0.593571249470044,0.7227428773554028,0.18320926150442424,0.30136039406748427,0.6214922823109909,0.5206135602249954,249.47144227488243,3.1917799720614757,40.0,10.45254991486097
DDO168,unknown,10,0.6119135039934067,0.7672640123555527,0.19191139487256886,0.3254341620280333,0.6279434445672119,0.518337904831344,486.3241961825344,23.186582626985363,40.0,4.1667301203178955
DDO170,unknown,8,0.7526470310534505,0.7627729043332068,0.3073159932992643,0.542365406960386,0.6971764508964431,0.5753860056144864,189.14199786139565,2.420711803375259,13.844683957602468,11.378548823204666
ESO079-G014,unknown,15,0.61214491886949,0.6939503863195893,0.19539837762491513,0.41722578164171475,0.6177786729768319,0.5005756507063134,1969.2079912651636,10.469987836716312,40.0,2.425402822571809
ESO116-G012,unknown,15,0.714507478341006,0.7868963605274129,0.22083518324696857,0.5153525965826035,0.6065908826396389,0.5004806079152353,834.4445327690295,3.1933996837358745,30.68073468374589,2.886760757788167
ESO444-G084,unknown,7,0.8596999697226797,0.8858599750166412,0.3317601645007726,0.6784084891973058,0.6501408917032988,0.5950223084907379,308.80876141847085,0.6070565677427996,13.844683957602468,3.9918445463158654
ESO563-G021,unknown,30,0.5699259984228351,0.6942031212963673,0.1357746449143381,0.28430963590310415,0.5385650555726348,0.40323450458362586,56143.894285204806,234.81766838929158,40.0,5.9782794874117915
F561-1,unknown,6,0.34834635256912866,0.29056548559716994,0.12843484311601747,0.21675854475805725,0.7068210148638822,0.531732391005774,282.47841911341163,1.0937005364942858,4.19671022507117,5.77900752808386
F563-1,unknown,17,0.8786044605731597,0.8861425963233375,0.18537566965754984,0.3864200552770249,0.43570628560899616,0.47706333171975596,1738.4707192581118,1.4746435244515683,33.51689924209389,1.37604386273497
F563-V1,unknown,6,0.3399295284578969,0.22741342728225403,0.1278806392344243,0.3031400067092958,0.6272558282372672,0.5428263263575931,119.705699021968,0.6298305821125623,2.26007281638971,5.534556084041185
F563-V2,unknown,10,0.8660490645861547,0.8497385827344572,0.35178899228933763,0.6530048912448336,0.6947438942812185,0.5791564829179453,2062.8365515300106,1.5416343188674748,25.708077326713163,1.6081712239468218
F565-V2,unknown,7,0.8592289083212826,0.8759770312938702,0.3789258792494697,0.5394404521286673,0.6823437362552319,0.6429702244288953,494.78412791727914,0.649897784778896,38.27021939503432,0.942832836881833
F567-2,unknown,5,0.6969725627988301,0.6604235055678095,0.2695113660779304,0.464615700580958,0.6996701854496382,0.5392901528381656,329.98399272595844,0.5585612223122136,7.455838546382704,2.1630586434352823
F568-1,unknown,12,0.8605706560321389,0.8635162111221901,0.3277640429941745,0.42419042558566417,0.6893016746412459,0.5588201521781083,2131.3153814160437,1.466846503341219,30.68073468374589,2.344870152253866
F568-3,unknown,18,0.7471211498002152,0.7963560485837807,0.24394807421282202,0.41907445956925965,0.5894184341002183,0.5609891884479843,2609.986885892557,5.290355113792038,40.0,1.1559010599351998
F568-V1,unknown,15,0.8727503026148751,0.8809036744742559,0.2959877390502939,0.47159863714276207,0.6440279424464946,0.5222518958818391,1066.9318329865453,0.2886677246969804,8.513215225639529,2.32138042318285
F571-8,unknown,13,0.46290402797723534,0.7897357528157505,0.08905485446927451,0.17328090669484472,0.43448568258773435,0.35729507300373375,9959.091573408185,94.09997360717352,40.0,5.470376042635479
F571-V1,unknown,7,0.7775003736058581,0.8088066488146157,0.34872587632165974,0.4640432560741359,0.7089462998189803,0.6404149510774664,427.1394208936942,0.3829201898937784,32.06747718590482,0.7975711183891109
F574-1,unknown,14,0.7972629027384123,0.814325621677835,0.29450483094597707,0.44610942778848606,0.7000638261686353,0.5301430271813544,863.9646360558539,2.619835726603185,23.532687018360203,1.6350112119435334
F574-2,unknown,5,0.14038063019294503,0.0966653855452675,0.04218027778461504,0.1283165331150888,0.5888284269683615,0.5403726877777961,110.95428155702146,0.29441452777096033,40.0,4.386392505324629
F579-V1,unknown,14,0.8008248758105977,0.7541957989138132,0.33877422693839054,0.7295526148490451,0.7471361259118214,0.5495488443908486,593.9722348577064,0.20713157184288952,4.386397874286246,1.4381897368033145
F583-1,unknown,25,0.8350897232863769,0.8738959260785356,0.19316564227250324,0.32841010409397514,0.4889243425551492,0.4739127681335083,878.2954367446969,3.5286985381489724,40.0,1.5270110810618878
F583-4,unknown,12,0.7690992225164018,0.7809040088534261,0.2643409555454944,0.6212263214472361,0.6030720323949904,0.546092576634532,146.78575352729027,0.16168652839641157,29.353961188694857,0.9988651167293474
IC2574,unknown,34,0.7320097960528666,0.7603469182302218,0.21146962046578366,0.37280365987244124,0.5171075439747828,0.5503569318911992,736.5209807996075,50.258904167042886,40.0,7.127028801159668
IC4202,unknown,32,0.43143387776534514,0.5374452138026675,0.07983441927730921,0.18354558361477985,0.4619261164220222,0.3863314385706832,26747.584600106944,194.0928343313137,40.0,3.1710759244395095
KK98-251,unknown,15,0.6021883168617831,0.6175983107508559,0.26716209666043705,0.42954683643358066,0.6635132454869634,0.6676069214890005,141.18929890427407,3.549400989910217,40.0,5.275450273185501
NGC0024,unknown,29,0.7551738570916152,0.7779664901795601,0.24795698576411224,0.3654321424160954,0.6159146031754743,0.539601515647482,1211.739916581852,2.06912486927503,5.234849253331126,2.884680805851904
NGC0055,unknown,21,0.5921138669544337,0.6747348463617718,0.21818714656624363,0.3590895077370333,0.6610394985652469,0.566663958490167,566.8588842649984,8.241697358024842,40.0,5.692828482390044
NGC0100,unknown,21,0.6625031519643316,0.7987177091235275,0.19175768229369455,0.3677187964474072,0.6319573296006753,0.4787606170794111,1145.035300403832,8.553501242169144,40.0,1.0695422733428837
NGC0247,unknown,26,0.7604148021530015,0.7528475992886102,0.2555285304085137,0.5667070740125667,0.6183767260312224,0.5306267334383756,372.8471599036367,2.170878385720377,23.532687018360203,1.4790061817131972
NGC0289,unknown,28,0.6077894647784046,0.7588776461693788,0.12067533679975288,0.19924185424837026,0.53162868408725,0.40676626508922276,3246.897986499175,3.061847267128411,19.71856749225275,2.7891964953709114
NGC0300,unknown,25,0.7825177971547599,0.824901354675203,0.22035512834088714,0.38670988238965087,0.5818785049508117,0.48389686457955017,637.6318352745243,0.8493580766264737,22.51502737868303,1.0183347652120078
NGC0801,unknown,13,0.3719190642610069,0.5076953332739029,0.1344951979059744,0.25432407856192907,0.6136723911787448,0.5420137676747934,19136.299571685373,270.68207924804994,40.0,7.539613708065378
NGC0891,unknown,18,0.23924298815188166,0.4122454196711268,0.05284384432228309,0.09632600068420134,0.5489205295876048,0.36697794654178484,14382.328698112002,327.5601131068795,40.0,5.233732342717254
NGC1003,unknown,36,0.7505323754542017,0.8666540139105979,0.16941479614842236,0.35763587420104853,0.5357918894191687,0.4421889004103206,712.8382672129482,3.2504536273592906,30.68073468374589,2.779556642539951
NGC1090,unknown,24,0.4950169729911698,0.6256570230251517,0.10276041887812808,0.20980595484344208,0.5541721373273608,0.3849356804467072,7761.564848744033,192.43366362170158,40.0,5.447882165206534
NGC1705,unknown,14,0.8546569373166409,0.9128372692927114,0.27525394063187963,0.5552360870651527,0.6984991395389889,0.465582957050621,275.4361881859271,0.11260760661943725,1.389738210743153,3.5160695890926825
NGC2366,unknown,26,0.6316168619196474,0.6966016329835545,0.18118225240349328,0.3401656621509565,0.5816400211710853,0.5003615810837581,338.402290674318,8.45684337186375,40.0,4.7183460780197874
NGC2403,unknown,73,0.6113141787326661,0.7503897257453893,0.14184203856724592,0.2998410717721473,0.5497469823786297,0.4280190379042743,822.0198059040993,19.267225793172,12.12511672472422,3.2187903534870954
NGC2683,unknown,11,0.5744094735086371,0.6997600289419332,0.14500425500164113,0.2103956030201903,0.6098968280304242,0.4521237375458394,2734.9356064502986,1.3569909767107928,7.1334144236004935,1.316076917886519
NGC2841,unknown,50,0.653528111110567,0.78106563588581,0.2018514250194105,0.35037668583656467,0.6219946776143965,0.508222102050956,5540.524402523947,3.95095136710842,11.099102173911993,8.715399076611112
NGC2903,unknown,34,0.38779561155008324,0.6455412967609466,0.0733661203183151,0.14310050621186196,0.511454334089661,0.3509348231839517,12882.439347004994,786.547498134399,40.0,2.4331938294352504
NGC2915,unknown,30,0.8056495206010977,0.9244370536065237,0.1339701349002541,0.2097169445767163,0.43366644411670674,0.38449060582335287,3748.696353563197,16.855899077766246,40.0,2.6034154940429284
NGC2955,unknown,24,0.23839855930505024,0.375936620365237,0.04198890325703883,0.08981046793930034,0.5217681530329168,0.38375004783628075,19617.13569127471,48.805018783844226,40.0,2.182848963179174
NGC2976,unknown,27,0.37670752594362744,0.42812156698340004,0.098461283413032,0.20166281685648818,0.5010666895463552,0.47404433410882385,1566.5632199936142,23.8631048980641,40.0,1.5359033321311417
NGC2998,unknown,13,0.6183769535194982,0.610418933550939,0.21923971966694275,0.4179795768976578,0.6638309933933039,0.5393085184143376,5703.082015850467,2.6202410130077327,18.865847602107614,3.323345815508711
NGC3109,unknown,25,0.8581754070961091,0.8847003512955545,0.2774817200165959,0.5314614631870481,0.5934399998767532,0.5381262619934384,872.6351481215477,15.004653329386894,40.0,1.909406756434175
NGC3198,unknown,43,0.5613371779047641,0.7177299324881569,0.13391139157446466,0.2411801182084525,0.5420195421155644,0.41354935399902365,2667.9695169555416,113.15637079607932,40.0,2.486119781190071
NGC3521,unknown,41,0.25121576763371106,0.3323367439915682,0.060516103836720056,0.15687215923851142,0.5915231503421108,0.4314689100096053,2111.865762712662,1.6725810936552437,26.870060044702917,0.6236738291509711
NGC3726,unknown,12,0.4334231862930134,0.5975368722411306,0.1214510651204249,0.195565223299104,0.6418016835994769,0.5009047207011682,4099.510293288435,8.435576369407746,40.0,4.3860823298297555
NGC3741,unknown,21,0.8530254291067078,0.9120970381402235,0.24231632304839396,0.38530319489619635,0.5843973853011649,0.4913986950141241,88.61271777046974,0.38388862261468293,26.870060044702917,1.0382548486076986
NGC3769,unknown,12,0.5756104627450703,0.7701207763487482,0.12347436233339466,0.2060797865302702,0.5724198080479062,0.4396404647554569,8406.25839674544,48.855295611325545,40.0,2.0152947144183586
NGC3877,unknown,13,0.32631161414369664,0.30784961170092556,0.10121865592150797,0.18621030527467536,0.6162519920850639,0.4842341785385774,8693.698020754293,61.45105345949923,40.0,3.296930479950708
NGC3893,unknown,10,0.4840821823028646,0.6441863175752598,0.15221254626071448,0.2513325228068035,0.6923074768857937,0.5267932086149625,5759.502621763023,21.513184449559688,40.0,0.7864238389090961
NGC3917,unknown,17,0.6229499438706995,0.6762951209964155,0.20020061416879997,0.35965221383113555,0.623361093750154,0.5213187628160231,9659.927181390472,137.94304013960846,40.0,1.2394979082325566
NGC3949,unknown,7,0.2763717323725502,0.3745815891600093,0.11124196735260819,0.2237981089969165,0.7525519735259831,0.5542446886558264,3570.172199141195,2.337839877433447,30.68073468374589,1.219342272005801
NGC3953,unknown,8,0.4092744432408652,0.4139515972610965,0.19184992775253756,0.3253113228071568,0.7459958918074339,0.6140607701209237,1152.7756071661186,0.4983399371630323,7.455838546382704,1.4738809677601226
NGC3972,unknown,10,0.6077216592639894,0.6448638046183709,0.2080848421127866,0.3039194671312363,0.6292562705944118,0.5660478444164702,1023.7818627532932,4.003615780914556,40.0,1.23667895520538
NGC3992,unknown,9,0.654842179225257,0.7051379777938822,0.25101103234614186,0.5009855995128442,0.7259730076270107,0.521878655603298,1992.823795633116,0.5088041860192107,11.600771931139898,2.359767808518354
NGC4010,unknown,12,0.511738706010835,0.6288355940926701,0.15777956212005326,0.3732521521371556,0.6152893703688989,0.5270357729734523,1962.3965715724864,7.6602846274040415,40.0,1.635753892013774
NGC4013,unknown,36,0.5622682585094778,0.7123193768001025,0.11121274626490653,0.3024372266527465,0.5415274957273917,0.3777884752799068,2124.301623722247,1.9166782295133378,40.0,2.1980894396577444
NGC4051,unknown,7,0.26796032847143936,0.2882653190264911,0.09548025710341371,0.14357183253538094,0.7226630283206227,0.5585398263882839,1936.6824331675568,3.3094776750131554,20.60982957919629,2.8590899490163584
NGC4068,unknown,6,0.37269121314786013,0.5716013221872803,0.12730603843910993,0.20717809677456953,0.6334029315178002,0.5523079218815873,384.0469424066043,11.729336682807686,40.0,4.499846746381794
NGC4085,unknown,7,0.21388242914382813,0.32993741107822977,0.08126318751047547,0.14574854851732927,0.5780957723545425,0.5586151403255478,4555.8637567151645,30.94239082108602,40.0,3.3279431902016987
NGC4088,unknown,12,0.18555865143019132,0.326000342158737,0.04253391883665087,0.10448870048630966,0.5983944403427269,0.47564960301217263,7422.78730949228,27.544306160394054,40.0,5.653678417392615
NGC4100,unknown,24,0.6026486030623266,0.6773751529966775,0.1665094551043152,0.2813217983436166,0.6094844572583756,0.45269466774891515,1947.720453347823,1.4366704404291992,7.455838546382704,1.501216745341072
NGC4138,unknown,7,0.5229413166784996,0.6455831042815835,0.18924160110820817,0.31569520682184765,0.7099133521584734,0.5701903624484462,3472.663992857594,3.5374420137469578,9.300187231017844,0.8628933725533738
NGC4157,unknown,17,0.4023417397772841,0.593148943140528,0.0976920385436485,0.17700082843322018,0.6164251964136441,0.4295752292704679,15642.205093192219,57.40245991168154,40.0,2.751681567119994
NGC4183,unknown,23,0.7115718905356413,0.729606504985668,0.2737706090628235,0.4579366753959939,0.6873145594715363,0.5559496644198936,522.1323606357431,0.219748280158048,8.513215225639529,1.6548239516685503
NGC4214,unknown,14,0.7865278875003631,0.874148615552046,0.23145492466494605,0.5561870699581739,0.6562118288844679,0.45211354280989097,525.2297224156956,0.5868444751449139,3.364447734958082,2.254652614192494
NGC4217,unknown,19,0.19676027542503252,0.3683610821294269,0.040017056556162535,0.1041015611714053,0.3878478957164054,0.3380952849058286,9157.644090922124,33.79571531502089,40.0,6.468200984075694
NGC4389,unknown,6,0.024562683195592284,0.04912536639118457,0.007606011750815895,0.04563607050489537,0.17495916309953866,0.4009520894262437,727.8395021843064,1.286094249101707,40.0,7.21614528463298
NGC4559,unknown,32,0.5239599641298794,0.6528305321020036,0.14413702399296635,0.263428020884369,0.6184787732005499,0.47326146057062357,731.121670079128,0.7697094275164598,29.353961188694857,3.5698424567996287
NGC5005,unknown,18,0.16320572304527697,0.2850599759850753,0.04489964437047324,0.10136348357079863,0.5409620910378303,0.4025093899321401,14925.857611925496,5.928207725867867,40.0,0.43912702620298527
NGC5033,unknown,22,0.5480237107887519,0.7334049951572035,0.10443100286745413,0.16757971752386513,0.5474947468590968,0.3843160063008453,20790.085680985787,691.9217270712068,40.0,3.169795599061183
NGC5055,unknown,28,0.355977753689639,0.6359402620366457,0.07415914522340376,0.14889414267080142,0.528304089414431,0.3656334857679546,15021.047026923927,2470.9577565145437,40.0,14.948899828711303
NGC5371,unknown,19,0.3538213418468942,0.3802819164374923,0.11120688151852706,0.35491048617680465,0.6628276685684457,0.4475727034724994,6173.497989239349,20.79017669413314,8.145065361059286,11.088459766104231
NGC5585,unknown,24,0.5430167835177194,0.7463498638551188,0.1493249112469309,0.3314504434975646,0.5752618176894398,0.5156847250458646,930.1169687054404,26.447923799338923,40.0,3.6127466664542767
NGC5907,unknown,19,0.6219284398588736,0.6805965335976703,0.2049483169876109,0.44502821463812997,0.6724771232706843,0.4860318288508102,3944.9668072015265,7.544737497901753,13.245977312808964,4.679708593307262
NGC5985,unknown,33,0.7253952140276844,0.7150062656455867,0.2501607490345875,0.4890004566124005,0.6435765153700518,0.5208981054014206,4670.646123395345,3.414922669013685,8.145065361059286,12.093273287034634
NGC6015,unknown,44,0.6559683587217258,0.7575164188350235,0.16285725623076674,0.3127558052245641,0.5562046821776728,0.45337819791219336,2406.151535695856,16.667758071186565,8.145065361059286,3.524725525540465
NGC6195,unknown,23,0.18304210404307564,0.2752661712298253,0.05656986927144469,0.196365037586174,0.6586310978086207,0.48119698587842413,14307.226016268194,77.94356018742735,40.0,4.6224951469754965
NGC6503,unknown,31,0.6991714336500847,0.8198684470080978,0.144539216015664,0.21645818346892953,0.5801865527932969,0.3775922149136839,739.2348741088983,7.696919303015715,12.12511672472422,1.0789487776388884
NGC6674,unknown,15,0.7046415861671935,0.7889525937214363,0.23755997887802754,0.3484585381025668,0.6847684522782806,0.5152364322499514,8584.05175823057,15.482729913870331,18.050003170148518,4.045363471645908
NGC6789,unknown,4,0.8306974004237131,0.8734534383669779,0.3916409930724566,0.5972375792225635,0.7110253769228041,0.6523729853012127,757.089778063655,1.4060777539983211,15.124503439333582,2.1413883386979835
NGC6946,unknown,58,0.38098354582003674,0.5417755926699133,0.06159088527454663,0.10020330409372218,0.5013887203634085,0.34451737368506125,8934.66009854752,262.6297512268558,40.0,4.067596026770917
NGC7331,unknown,36,0.33187549545180334,0.5377287492333439,0.07147113652382049,0.19763438754578488,0.4953418353219192,0.37775422290613947,23107.723028694105,356.4445711736948,40.0,5.414575869520664
NGC7793,unknown,46,0.45202506262580816,0.5453221855870477,0.11813688309693646,0.2791944646457962,0.4951807493424555,0.4825873887153341,2896.2687719105797,12.237301473942516,40.0,0.7616952236716932
NGC7814,unknown,18,0.4755029682154124,0.6748080286907043,0.11238731474663172,0.16834387574147908,0.6491193761170441,0.3969247659061379,21137.300404702743,354.4876902046843,40.0,4.561202546801586
PGC51017,unknown,6,0.2141644496597359,0.0754407758261128,0.04310785228889876,0.11951225955147253,0.6362820057327179,0.4470685077216987,130.9075914774911,1.2433657687796178,0.6,10.358038341179086
UGC00128,unknown,22,0.8415773642948344,0.8581736386057642,0.24013560868665415,0.4159569031558184,0.5855854566214328,0.48311316577373015,724.4393367988367,3.360435562933941,17.269439535066212,7.233085033262271
UGC00191,unknown,9,0.7511665670576521,0.7741542476815176,0.30871722353834546,0.37899774156086835,0.6673048931893502,0.6157435790993007,648.0546455756197,3.816902826436924,9.300187231017844,3.0990832379977666
UGC00634,unknown,4,0.7989617078268917,0.8357159295510921,0.4337018608863739,0.6086735636259778,0.7917317839563418,0.6897504315387581,667.6633093311353,2.186448867753022,23.532687018360203,1.0079883107107521
UGC00731,unknown,12,0.8547638720242586,0.7815979805964447,0.3379943681267732,0.7899430005340725,0.7167328489250236,0.5264218542789803,162.89573119445765,0.3367555129369568,8.145065361059286,3.784018312513405
UGC00891,unknown,5,0.7419632600480854,0.8131502905603393,0.3502630709542219,0.40709368596502465,0.7335959589691148,0.6603890605300358,248.0548879959594,5.981326150883851,40.0,4.582024757300192
UGC01230,unknown,11,0.7617775141345622,0.7868475633156248,0.25536311328958217,0.4244715767462279,0.6128107840786855,0.5617807557479334,2258.906761184996,2.034501156168217,15.808117829913492,1.538552811399473
UGC01281,unknown,25,0.8253216367359438,0.8152090241425151,0.2670778216361667,0.4324039877213033,0.5899081269646814,0.5503206464885654,415.6460359846316,2.5532058426048296,40.0,0.5005623877663486
UGC02023,unknown,5,0.46789421350932753,0.5776783772113209,0.20123052158645677,0.3515114084064775,0.6839788998875573,0.6217192716050355,719.7209720104914,1.040484851872066,38.27021939503432,1.5393519774435478
UGC02259,unknown,8,0.8417102553632543,0.8290558516030339,0.38414822658116987,0.7797897592285089,0.7325771925046972,0.5982779046973639,278.39977734644253,0.6242944747257397,3.6754613897046746,6.1534221170755785
UGC02455,unknown,8,0.023735593590432678,0.047471187180865355,0.0059893953639750105,0.047915162911800084,0.12623961190129368,0.3526660393730644,249.65713803323172,1.6654670541307581,40.0,10.957066621466474
UGC02487,unknown,17,0.7116554083950843,0.7954997024462632,0.24156094834538955,0.4040648155734791,0.690483446717206,0.5044178710664223,7542.799716023734,5.532697335594754,12.673161446571157,13.877737546032352
UGC02885,unknown,19,0.6010884350455606,0.7125489660167624,0.151474513607281,0.2576113661445054,0.6486553412716167,0.40299137520431466,9000.212747488153,4.698127911679996,35.03183391359687,0.9084214975601003
UGC02916,unknown,43,0.2621272358156002,0.4226290352046745,0.05608066895823993,0.2731031827707918,0.46248267015864875,0.3624199207315581,14166.475459970276,274.2494883464181,40.0,5.790401267306062
UGC02953,unknown,115,0.39792579010481904,0.6154835385285661,0.0857462173825318,0.24925184840451872,0.5406233725754919,0.4088830740657033,26840.8291619892,1950.0586855368967,40.0,8.264518971752825
UGC03205,unknown,48,0.5049804584011791,0.59511794708036,0.10550843382675663,0.1713368552045918,0.5873170295951021,0.35934687998947884,14688.498771127719,228.00638861460652,40.0,2.7255240540910664
UGC03546,unknown,30,0.2480320494908749,0.4960640989817498,0.053363726490655974,0.1640179246934614,0.3424365485551312,0.34360221294525223,13197.94782676987,1325.6903793375577,40.0,2.5199238584332004
UGC03580,unknown,47,0.2859219527690363,0.5369456642055394,0.05061338724668606,0.1599543707715557,0.29571138362416344,0.3319673240417743,5922.505113464463,343.52868593138965,40.0,7.5259282490093495
UGC04278,unknown,25,0.793845468552054,0.8399435301489242,0.2595619447747375,0.5397082802906752,0.6181304542103931,0.5213115059627693,901.5187252160348,2.2717449273048107,40.0,1.2083540074479582
UGC04305,unknown,22,0.23777108053241439,0.057908315464836234,0.07633136610935526,0.24254858453235364,0.5137534828825785,0.47868603864327536,365.83516425063954,4.386194543205717,0.6,7.20839571212553
UGC04325,unknown,8,0.8126352557490238,0.7731841689793338,0.32491538608837534,0.6400899673350912,0.6249839870838705,0.6122856024206762,634.9198399184778,2.726170867085877,4.584659240135315,4.965463059177297
UGC04483,unknown,8,0.648633681566612,0.6826902211975995,0.225260715506776,0.3304262750506471,0.6177616164047024,0.5601866315521132,35.088432890913644,0.8359159942288159,6.247414733110723,3.0865550649376643
UGC04499,unknown,9,0.6659157807112172,0.7150562141762867,0.2418100594037323,0.36308179540811225,0.622416994153309,0.6016755999417049,317.44614205089863,2.275245557478753,23.532687018360203,2.8045822395456113
UGC05005,unknown,11,0.6899511681434942,0.7910054760438476,0.23350311794784007,0.33325136600641425,0.6353116590326717,0.5513670745553573,1010.6281720693872,0.8352597638350762,40.0,1.436601196098412
UGC05253,unknown,73,0.2669022782105937,0.42570447215381985,0.05316746875680766,0.1413103749428642,0.6196706093687314,0.3690216489671028,6363.710941620229,25.705610023261507,40.0,1.5039612808737477
UGC05414,unknown,6,0.6229106637361351,0.6709259827773741,0.31647568506742335,0.40687147750498315,0.7506620209696507,0.6793529322735421,203.66601437926175,1.9429694160787319,40.0,3.320300223093477
UGC05716,unknown,12,0.8327407071447244,0.8256352755029132,0.3241655207914784,0.7107626340176214,0.6750348617411367,0.5597782261384174,170.7372319931061,1.7872405777659373,8.898005143648739,3.874723128580207
UGC05721,unknown,23,0.7939451971630195,0.871541987114624,0.23314242351074949,0.3699783245655558,0.6130083534704144,0.49059002853452566,686.3029756015599,1.2839939983279942,2.819146393447027,3.1262296896914274
UGC05750,unknown,11,0.6421551731360208,0.7622521013478999,0.1677483358853288,0.281592141901273,0.5567808804991949,0.48209384750687306,2026.095876723137,7.20246001471622,40.0,1.6799660579744575
UGC05764,unknown,10,0.872584314144755,0.835214384477494,0.3868526951532868,0.757873638636883,0.6978863375484985,0.6155425958804208,375.5196518089954,6.988563227952315,2.819146393447027,6.498080295268754
UGC05829,unknown,11,0.7897809467461869,0.7198875152241992,0.32464719387377505,0.61227900535639,0.6874305745173795,0.5718832431500203,121.89519653614141,0.1303670623521579,40.0,1.3559976088303218
UGC05918,unknown,8,0.8486257975627982,0.8176955030963143,0.37628432054437244,0.7115703776462731,0.7293692956688265,0.5983913289575455,70.4003366355217,0.1355507875495065,7.792835958865834,0.9364825868878237
UGC05986,unknown,15,0.7442907052056592,0.8115647842429303,0.272234824000691,0.33730753484319825,0.6666057631002379,0.5660889198932259,1755.8125380923957,10.652465087630178,40.0,4.845239977346214
UGC05999,unknown,5,0.7345988750257627,0.7705575515816783,0.2710300473191306,0.4374381409898145,0.6381128016957114,0.5711822472321053,947.4728448580033,2.895882785982601,40.0,1.8955494687853693
UGC06399,unknown,9,0.7692339114372132,0.7946665286081072,0.3162492281541789,0.42533625591096114,0.6410414156575011,0.6470820113718667,409.01021718259705,0.8900824740147952,32.06747718590482,0.7647362072773838
UGC06446,unknown,17,0.82652111526179,0.810906195596325,0.29808608282213833,0.48889152167028443,0.6782183359931596,0.5257133240583911,303.09137406214376,0.254525319402211,5.718765107160333,1.7839870454647901
UGC06614,unknown,13,0.4354612068682359,0.648860382041781,0.11510321760180961,0.17074073224346759,0.6900194509798031,0.4692457030642992,19637.447556909145,28.349312002938916,40.0,2.4493080608495914
UGC06628,unknown,7,0.2501632537614049,0.10762980070238537,0.09862624700572238,0.2861611303321764,0.5879243772146896,0.4768711131379223,437.6187942830609,1.2643003386336977,0.6,3.6829304154670135
UGC06667,unknown,9,0.9165127592101684,0.8899008031480168,0.3866064890832972,0.583855946847582,0.7228554342637664,0.5781993811293819,447.92444738620094,1.1892539078393116,21.541375936685093,4.92745375288105
UGC06786,unknown,45,0.5353206361720246,0.6821068065109896,0.1065823533284625,0.18159372382324412,0.5812902473282195,0.3623240907981456,3034.270744692557,3.80243549100011,16.52263099590659,9.059772921884814
UGC06787,unknown,71,0.4029498795766034,0.6570603667429391,0.0666042503363088,0.14590123690203086,0.42687412195615704,0.3372819311265135,28123.01085195432,1363.5919009832135,40.0,8.773269056807488
UGC06818,unknown,8,0.5446534521395309,0.7811126587292165,0.16911731093482094,0.2690913595849886,0.6162163965320915,0.5560667224614482,2270.516531364403,14.68767046967773,40.0,2.211398672572192
UGC06917,unknown,11,0.7184385512478844,0.7466083298780952,0.28083890949805446,0.3839239325434621,0.6732453722177378,0.5875615145859591,571.5390388531254,1.0097662806163963,20.60982957919629,0.9416247158072742
UGC06923,unknown,6,0.5170141573051669,0.6463187486446904,0.21536882774839436,0.281527447868882,0.6778966593620853,0.6552510501452101,617.2442458438143,2.3007822243565927,38.27021939503432,1.3663328283937595
UGC06930,unknown,10,0.7008153983762282,0.7125371598700723,0.2840847946778589,0.3664685064705652,0.7203392656434962,0.5697463299821102,528.3395336026973,0.41117122625974023,11.099102173911993,1.435551676840541
UGC06973,unknown,9,0.1815696331742466,0.3268253397136439,0.05133551750838244,0.1419375826665337,0.46010293391452467,0.4261927779567201,8209.852702418479,33.2432472091272,40.0,6.887785726815796
UGC06983,unknown,17,0.7680766035033825,0.7857627147814177,0.2581346566962118,0.4090694626049598,0.6311024565120655,0.5422299572040779,834.7006827954666,1.1040419083705149,10.159907889030231,1.6217304968890842
UGC07089,unknown,12,0.6075983610443095,0.6770400986549799,0.21068496301842723,0.33774531619868015,0.6358114839594613,0.5362655567047234,485.9385030208522,0.8788134836052808,40.0,3.0315310391946935
UGC07125,unknown,13,0.5726813241334168,0.5909828306892665,0.18577657641122886,0.3156701592105478,0.6809459815145673,0.4894912412206527,241.59533157936497,1.7171192948040748,17.269439535066212,11.367307094046168
UGC07151,unknown,11,0.6487650129829265,0.6687854144091393,0.2546181066225328,0.30685431013211595,0.6564721137026948,0.6108079998517946,406.01764148305995,4.639880112385797,11.099102173911993,1.8025921602176112
UGC07232,unknown,4,0.5980683610968274,0.7065910882618802,0.249365984166636,0.32288433637535463,0.6946124061377247,0.6016744132347034,307.0516425346807,2.1574294685148727,24.59634398794551,1.0763516558376192
UGC07261,unknown,7,0.7372342060439873,0.7440328647064745,0.30663882761736483,0.5417675602534519,0.7343236513868959,0.5607100780274942,133.55531214226895,0.04700859622764085,4.584659240135315,0.5883530452255462
UGC07323,unknown,10,0.5777451796125229,0.6212627253354042,0.2182454190458974,0.46691973805531034,0.6721488353628455,0.554740964797462,477.57044162543303,1.6646955368402392,40.0,2.339906539950426
UGC07399,unknown,10,0.86788476230312,0.8912594824382458,0.36053626375269554,0.45528707285958,0.6926577819441148,0.6089785893513409,364.3693240297789,1.0362376944017835,6.247414733110723,8.319828444368564
UGC07524,unknown,31,0.7659822572304804,0.7604648478889239,0.22779180623488737,0.3665107277763509,0.5894782618883552,0.5066773176242731,376.24119690546024,1.2848347058166347,22.51502737868303,1.5070148795935776
UGC07559,unknown,7,0.5695366926292587,0.6533160533315862,0.21009872794089673,0.2602342509094891,0.6897717962169791,0.5547416722719669,92.45030232355356,0.8238993520960208,40.0,3.191446082536219
UGC07577,unknown,9,0.33619162269888786,0.2922671139723311,0.14345915063446182,0.5402592045094186,0.6688992942703096,0.5713290913472453,54.152066167752736,0.7562168857207406,40.0,3.896760531071221
UGC07603,unknown,12,0.7645546438894862,0.8501714363238312,0.3080154903937074,0.4034456152144966,0.7050087913723329,0.5824910130490936,344.9940714398765,2.3029809861061374,17.269439535066212,2.23080417207993
UGC07608,unknown,8,0.8510888426558021,0.8687742760593956,0.330549149366285,0.4940325699437001,0.6288729999438447,0.6291785047645619,428.11411576853766,0.9647775042254274,35.03183391359687,1.1071675098737646
UGC07690,unknown,7,0.6292589439515028,0.6602825172380722,0.30129166200732105,0.36506939264281946,0.7324176527933808,0.6659191647488235,238.07694377051683,0.4194502926443731,1.586828955824383,1.1858727564984224
UGC07866,unknown,7,0.6773784248970299,0.6668496335086257,0.27589968695532247,0.4513489456775496,0.6576588630249208,0.5942024519043437,30.52215982803313,0.04659307317702094,13.844683957602468,1.8818987049581932
UGC08286,unknown,17,0.835712294615862,0.8376772557452279,0.31993546132052997,0.43965999947845186,0.706535833041355,0.5464573575126409,368.64595121696965,3.7569870265138348,5.977248312197928,4.749531464969122
UGC08490,unknown,30,0.820340315965908,0.8661926132507929,0.2672977755651921,0.3978188851487648,0.64567428047056,0.5027060008082024,163.56881209306079,0.1433622572881975,3.2189538239993016,2.2445854234067157
UGC08550,unknown,11,0.8164907133412409,0.8464006412551464,0.3357930018845081,0.5728316114674027,0.7274882433733739,0.5618556327321588,143.69058697531503,0.8415643457945461,4.584659240135315,1.4675630351430415
UGC08699,unknown,41,0.4440412105864954,0.6197921725025202,0.08449171710867616,0.17828745722160116,0.522998780719607,0.34241100914091754,12566.617926727053,161.19470741539385,40.0,2.189221656868027
UGC08837,unknown,8,0.4868133392049816,0.6034623222368274,0.1460490036818809,0.2148289228467493,0.54994794791023,0.6100363696185539,636.6844780115321,12.64503826378032,40.0,5.898400494916321
UGC09037,unknown,22,0.3663048942265153,0.5406510392765652,0.09235209808193462,0.19989480897009404,0.5366437731735982,0.46759116418361446,9740.278282116164,51.62843176281717,40.0,6.204172729579143
UGC09133,unknown,68,0.4338037810523684,0.6797885878051066,0.07384963697484481,0.1475791990179918,0.5424890445761994,0.34539556863762444,22165.994777962267,958.0742815855758,40.0,4.60744921847834
UGC09992,unknown,5,0.5779226864760565,0.531160131310552,0.3103690850120529,0.6301470208706572,0.7997465655099785,0.6165021022148715,32.5620232806208,0.013872820656428125,0.8931874346418247,2.4295989999467125
UGC10310,unknown,7,0.7435693028352012,0.7153375124573641,0.2791221291915645,0.6271106010704893,0.615665614739158,0.5674853963209427,366.1916778237362,0.54805710953347,7.792835958865834,1.1743270858426047
UGC11455,unknown,36,0.3455114957279938,0.46680690189872603,0.073082137766596,0.16772663027582768,0.5057407273750085,0.40957360401970216,26932.387556651847,118.40285256002436,40.0,1.8228620600669585
UGC11557,unknown,12,0.1365089815609231,0.2684822586262322,0.0324313933062363,0.10268615460638415,0.3908819012596016,0.3822375303966818,1325.9970687216291,4.219276790418308,40.0,4.390403322724503
UGC11820,unknown,10,0.790741408846426,0.7837620298579326,0.3152864677695089,0.43312444362921126,0.6231514564054768,0.6361875708929561,358.5360341649032,1.1110540085172553,24.59634398794551,5.430757049736385
UGC11914,unknown,65,0.32245160496398545,0.3743333426835051,0.0993971651549344,0.17157752311408267,0.6541127082325016,0.46797799442286514,9049.196063058256,49.115127714877154,40.0,6.241616588981212
UGC12506,unknown,31,0.7583185938178333,0.7590721999667656,0.23198789985281115,0.5532182476716226,0.5961222021576728,0.49519954600972105,2312.4792399937223,0.19796705612483093,10.61912688208786,2.389388052495064
UGC12632,unknown,15,0.8093241937093422,0.7852310417913149,0.31976233593587355,0.6819559976798089,0.709106968174635,0.5415127743665205,210.97507321784875,0.39492100613448994,8.898005143648739,1.971642216940148
UGC12732,unknown,16,0.8247614956468243,0.8089813945732139,0.33676240319821305,0.6249461807404607,0.7002727559364039,0.5725364129326971,242.8669677143912,0.22548982111432553,14.470451621606186,1.656840902721417
UGCA281,unknown,7,0.6905592348357726,0.6985381297330697,0.34445173612020036,0.5338535551116258,0.7356570798384043,0.675435785595705,41.870393361963544,0.5835716782228658,22.51502737868303,1.7169111193165687
UGCA442,unknown,8,0.8017031547257172,0.8501516825726073,0.31631500477381674,0.6729961874822477,0.6944805602327391,0.5563490830861039,252.6185295304189,1.9686303531364446,25.708077326713163,1.647846887843853
UGCA444,unknown,36,0.7779670244822039,0.7716003389081066,0.2320453231149262,0.46665703583234375,0.555142481866619,0.5123926235145712,72.00872001511546,0.08520059035071922,40.0,1.2150201292839249
