z,E_LCDM,D_growth,fsigma8_ref,U_struct,d_H,d_S,d_V,d_R,Gamma_H,Gamma_V,Gamma_R,CCI_v02_norm,CCI_v03_norm,F_struct_v03,curvature_log_CCI_v03
0.05,1.024525195,0.9744308714,0.4418044945,0.02506024235,0.1799659352,0.02506024235,0.266538943,0.2232524391,0.8474820926,0.7895532984,0.8174927497,1,1,0.9314915712,-0.3477508119
0.05434298441,1.026740186,0.972226334,0.4427642818,0.02727101783,0.1814318234,0.02727101783,0.266538105,0.2239849642,0.8464305601,0.7895538208,0.8170035002,1.009604683,1.00923636,0.9393543043,-0.5248431085
0.05868596882,1.028968672,0.9700248053,0.4437086964,0.02948677289,0.1828511768,0.02948677289,0.2665371115,0.2246941441,0.8454148921,0.7895544402,0.8165304005,1.019292873,1.018544669,0.9471144954,-0.7083351048
0.06302895323,1.031210642,0.9678263648,0.4446378063,0.03170740545,0.1842220951,0.03170740545,0.2665359653,0.2253790302,0.844436195,0.7895551547,0.8160740272,1.02906511,1.027925095,0.9547673737,-0.7210555971
0.06737193764,1.033466082,0.9656310899,0.4455516807,0.03393281368,0.1855427213,0.03393281368,0.266534666,0.2260386936,0.8434955418,0.7895559647,0.815634943,1.038921935,1.037377802,0.9623082675,-0.7335969066
0.07171492205,1.035734979,0.9634390564,0.4464503903,0.03616289595,0.1868112493,0.03616289595,0.2665332099,0.2266722296,0.8425939681,0.7895568724,0.8152136943,1.048863889,1.046902948,0.9697326231,-0.7459164004
0.07605790646,1.03801732,0.9612503382,0.447334007,0.03839755086,0.188025932,0.03839755086,0.2665315908,0.2272787614,0.8417324682,0.7895578817,0.8148108086,1.058891514,1.056500689,0.9770360244,-0.7579714193
0.08040089087,1.04031309,0.9590650075,0.448202604,0.04063667726,0.1891850888,0.04063667726,0.2665298006,0.2278574447,0.8409119904,0.7895589978,0.8144267922,1.069005352,1.066171174,0.984214213,-0.7697188689
0.08474387528,1.042622275,0.9568831348,0.4490562557,0.0428801742,0.1902871149,0.0428801742,0.2665278287,0.2284074718,0.8401334329,0.789560227,0.8140621275,1.079205943,1.075914555,0.9912631093,-0.7811149198
0.08908685969,1.04494486,0.9547047889,0.4498950378,0.04512794103,0.1913304899,0.04512794103,0.2665256628,0.2289280763,0.8393976386,0.7895615773,0.8137172706,1.089493831,1.085730979,0.9981788341,-0.7921147957
0.0934298441,1.047280831,0.9525300369,0.4507190271,0.04737987729,0.1923137866,0.04737987729,0.2665232887,0.2294185377,0.8387053905,0.7895630573,0.8133926481,1.099869556,1.095620595,1.004957731,-0.8026726341
0.09777282851,1.04963017,0.9503589445,0.4515283015,0.04963588283,0.1932356815,0.04963588283,0.2665206903,0.2298781859,0.838057406,0.7895646772,0.813088655,1.110333662,1.105583551,1.011596389,-0.8127414112
0.1021158129,1.051992863,0.9481915754,0.45232294,0.05189585774,0.1940949639,0.05189585774,0.2665178495,0.2303064067,0.8374543317,0.7895664482,0.8128056511,1.12088669,1.11562,1.018091667,-0.8222729242
0.1064587973,1.054368892,0.9460279921,0.4531030227,0.05415970237,0.1948905462,0.05415970237,0.2665147465,0.2307026464,0.8368967376,0.7895683827,0.8125439585,1.131529182,1.125730097,1.024440718,-0.8312178274
0.1108017817,1.056758242,0.9438682554,0.4538686308,0.05642731739,0.1956214746,0.05642731739,0.2665113594,0.231066417,0.8363851112,0.7895704943,0.812303858,1.142261681,1.135914003,1.030641013,-0.8395257233
0.1151447661,1.059160895,0.9417124246,0.4546198462,0.05869860371,0.1962869393,0.05869860371,0.2665076642,0.2313973017,0.835919851,0.7895727979,0.8120855865,1.153084728,1.146171884,1.036690368,-0.8471453063
0.1194877506,1.061576833,0.9395605575,0.4553567521,0.06097346255,0.1968862853,0.06097346255,0.2665036348,0.23169496,0.8355012605,0.78957531,0.8118893334,1.163998866,1.156503915,1.042586968,-0.8540245637
0.123830735,1.06400604,0.9374127105,0.4560794325,0.06325179545,0.1974190237,0.06325179545,0.2664992426,0.2319591331,0.8351295413,0.7895780482,0.8117152372,1.175004636,1.166910282,1.048329395,-0.8601110345
0.1281737194,1.066448497,0.9352689385,0.4567879721,0.06553350422,0.1978848418,0.06553350422,0.2664944567,0.2321896493,0.8348047868,0.7895810319,0.8115633828,1.186102579,1.177391181,1.053916652,-0.8653521292
0.1325167038,1.068904185,0.933129295,0.4574824567,0.06781849101,0.1982836146,0.06781849101,0.2664892436,0.2323864291,0.834526975,0.789584282,0.8114337974,1.197293238,1.187946822,1.059348189,-0.869695514
0.1368596882,1.071373085,0.9309938321,0.4581629729,0.07010665829,0.1986154148,0.07010665829,0.2664835669,0.2325494908,0.8342959615,0.7895878211,0.8113264477,1.208577154,1.198577431,1.064623929,-0.8730895615
0.1412026726,1.07385518,0.9288626006,0.4588296079,0.07239790884,0.1988805238,0.07239790884,0.2664773873,0.2326789555,0.8341114733,0.7895916738,0.8112412364,1.219954867,1.20928325,1.069744291,-0.8754838681
0.145545657,1.076350449,0.9267356499,0.4594824499,0.07469214579,0.1990794412,0.07469214579,0.2664706624,0.2327750518,0.8339731011,0.7895958665,0.8111779992,1.231426918,1.220064542,1.074710219,-0.8768298419
0.1498886414,1.078858872,0.9246130281,0.4601215877,0.07698927262,0.1992128947,0.07698927262,0.2664633464,0.2328381205,0.833880293,0.7896004277,0.8111365015,1.242993848,1.23092159,1.079523198,-0.877081356
0.1542316258,1.081380431,0.922494782,0.4607471107,0.07928919314,0.1992818484,0.07928919314,0.2664553902,0.2328686193,0.8338323484,0.7896053882,0.8111164356,1.254656197,1.2418547,1.084185277,-0.8761954684
0.1585746102,1.083915104,0.9203809572,0.4613591092,0.08159181153,0.1992875115,0.08159181153,0.2664467408,0.2328671261,0.833828411,0.7896107809,0.8111174179,1.266414505,1.252864207,1.08869909,-0.8741332001
0.1629175947,1.086462871,0.9182715979,0.4619576739,0.08389703234,0.1992313448,0.08389703234,0.2664373414,0.2328343431,0.8338674638,0.7896166414,0.8111389869,1.278269311,1.263950471,1.093067873,-0.8708603649
0.1672605791,1.089023711,0.9161667473,0.4625428963,0.08620476049,0.1991150667,0.08620476049,0.266427131,0.2327710989,0.8339483239,0.7896230075,0.8111806003,1.290221154,1.275113881,1.097295474,-0.86634844
0.1716035635,1.091597603,0.9140664471,0.4631148683,0.08851490127,0.1989406581,0.08851490127,0.2664160447,0.2326783514,0.8340696374,0.78962992,0.811241634,1.302270573,1.286354861,1.101386366,-0.8605754621
0.1759465479,1.094184525,0.9119707381,0.4636736826,0.09082736036,0.198710365,0.09082736036,0.2664040128,0.2325571889,0.8342298767,0.7896374221,0.8113213804,1.314418105,1.297673866,1.105345656,-0.8535269305
0.1802895323,1.096784457,0.9098796598,0.4642194321,0.09314204385,0.1984266999,0.09314204385,0.2663909615,0.2324088307,0.8344273371,0.78964556,0.8114190479,1.326664289,1.309071388,1.109179084,-0.8451966957
0.1846325167,1.099397376,0.9077932505,0.4647522103,0.09545885821,0.1980924415,0.09545885821,0.2663768121,0.2322346268,0.8346601359,0.7896543829,0.8115337601,1.339009661,1.320547955,1.112893024,-0.8355878059
0.1889755011,1.10202326,0.9057115475,0.4652721113,0.09777771033,0.1977106315,0.09777771033,0.2663614813,0.2320360564,0.8349262114,0.7896639426,0.8116645571,1.351454758,1.332104133,1.116494479,-0.8247132812
0.1933184855,1.104662087,0.903634587,0.4657792295,0.1000985075,0.1972845704,0.1000985075,0.2663448812,0.2318147258,0.8352233251,0.789674294,0.8118103957,1.364000115,1.34374053,1.119991063,-0.8125967809
0.1976614699,1.107313833,0.9015624039,0.4662736597,0.1024211575,0.1968178096,0.1024211575,0.2663269195,0.2315723646,0.8355490635,0.7896854948,0.8119701519,1.376646269,1.355457792,1.123390992,-0.7992731259
0.2020044543,1.109978477,0.8994950323,0.4667554972,0.1047455684,0.1963141418,0.1047455684,0.2663074994,0.2313108206,0.8359008433,0.7896976054,0.8121426234,1.389393754,1.367256607,1.126703055,-0.784788635
0.2063474388,1.112655995,0.8974325051,0.4672248374,0.1070716489,0.1957775887,0.1070716489,0.2662865199,0.2310320543,0.8362759174,0.7897106889,0.8123265324,1.402243104,1.379137706,1.129936585,-0.7692012321
0.2106904232,1.115346364,0.8953748543,0.4676817763,0.1093993079,0.195212386,0.1093993079,0.2662638764,0.2307381312,0.8366713831,0.7897248106,0.8125205311,1.415194853,1.391101859,1.133101425,-0.7525802803
0.2150334076,1.11804956,0.8933221108,0.46812641,0.111728455,0.1946229651,0.111728455,0.2662394616,0.2304312133,0.8370841924,0.7897400376,0.8127232056,1.428249533,1.403149878,1.136207889,-0.7350060985
0.219376392,1.12076556,0.8912743044,0.468558835,0.1140590002,0.1940139335,0.1140590002,0.2662131655,0.2301135495,0.8375111646,0.7897564385,0.8129330828,1.441407675,1.415282615,1.139266706,-0.7165691186
0.2237193764,1.123494339,0.8892314642,0.468979148,0.1163908537,0.1933900515,0.1163908537,0.2661848772,0.2297874643,0.8379489998,0.7897740828,0.8131486367,1.454669812,1.427500963,1.142288977,-0.6973686421
0.2280623608,1.126235873,0.887193618,0.4693874459,0.1187239266,0.1927562066,0.1187239266,0.266154486,0.2294553463,0.8383942959,0.7897930395,0.813368296,1.468036475,1.439805851,1.145286108,-0.677511163
0.2324053452,1.128990139,0.8851607931,0.4697838259,0.1210581301,0.1921173863,0.1210581301,0.2661218831,0.2291196347,0.8388435665,0.7898133769,0.8135904527,1.481508191,1.452198245,1.14826975,-0.657108226
0.2367483296,1.131757111,0.8831330154,0.4701683853,0.1233933762,0.1914786487,0.1233933762,0.2660869638,0.2287828062,0.8392932606,0.7898351603,0.8138134705,1.495085491,1.464679143,1.151251733,-0.6362737993
0.241091314,1.134536765,0.8811103102,0.4705412214,0.1257295771,0.1908450906,0.1257295771,0.2660496302,0.2284473604,0.8397397847,0.7898584512,0.8140356944,1.508768903,1.477249577,1.154243991,-0.6151211471
0.2454342984,1.137329075,0.8790927018,0.4709024319,0.1280666457,0.190221816,0.1280666457,0.2660097945,0.2281158053,0.840179525,0.7898833045,0.81425546,1.522558953,1.489910607,1.157258495,-0.5937591992
0.2497772829,1.140134017,0.8770802137,0.4712521145,0.1304044952,0.1896139022,0.1304044952,0.265967383,0.2277906426,0.8406088716,0.7899097666,0.8144711039,1.536456168,1.502663322,1.160307176,-0.5722884227
0.2541202673,1.142951566,0.8750728685,0.4715903669,0.1327430397,0.1890263662,0.1327430397,0.2659223406,0.2274743534,0.8410242434,0.7899378721,0.8146809725,1.550461074,1.515508833,1.163401851,-0.550796212
0.2584632517,1.145781696,0.873070688,0.4719172871,0.1350821933,0.188464131,0.1350821933,0.2658746372,0.2271693841,0.8414221127,0.7899676402,0.8148834325,1.564574194,1.528448276,1.166554155,-0.5293518237
0.2628062361,1.148624381,0.8710736929,0.4722329728,0.137421871,0.187931993,0.137421871,0.2658242741,0.2268781335,0.8417990305,0.7899990705,0.815076879,1.578796053,1.541482806,1.169775472,-0.5080008907
0.2671492205,1.151479596,0.8690819035,0.472537522,0.1397619882,0.1874345896,0.1397619882,0.2657712923,0.226602941,0.8421516509,0.7900321378,0.8152597443,1.593127173,1.554613598,1.173076871,-0.4867595612
0.2714922049,1.154347315,0.8670953391,0.4728310325,0.1421024608,0.1869763694,0.1421024608,0.2657157826,0.226346076,0.8424767551,0.7900667857,0.815430505,1.607568075,1.567841849,1.17646905,-0.4656083145
0.2758351893,1.157227511,0.8651140181,0.4731136024,0.1444432053,0.1865615636,0.1444432053,0.2656578966,0.2261097301,0.8427712734,0.7901029202,0.815587688,1.62211928,1.581168773,1.17996229,-0.4444855145
0.2801781737,1.160120159,0.8631379584,0.4733853294,0.1467841387,0.1861941613,0.1467841387,0.2655978606,0.225896011,0.8430323067,0.7901404002,0.8157298752,1.636781308,1.594595609,1.183566413,-0.4232807663
0.2845211581,1.163025232,0.8611671769,0.4736463113,0.1491251786,0.1858778865,0.1491251786,0.2655359911,0.2257069388,0.8432571442,0.7901790285,0.8158557061,1.651554677,1.608123622,1.187290757,-0.4018281535
0.2888641425,1.165942703,0.8592016899,0.4738966459,0.1514662431,0.1856161795,0.1514662431,0.2654727132,0.2255444463,0.8434432806,0.7902185401,0.8159638787,1.666439904,1.621754107,1.191144161,-0.3798994391
0.2932071269,1.168872547,0.8572415129,0.4741364308,0.1538072509,0.1854121814,0.1538072509,0.2654085818,0.2254103816,0.8435884291,0.7902585887,0.8160531484,1.681437507,1.635488399,1.195134965,-0.3571973269
0.2975501114,1.171814735,0.8552866608,0.4743657634,0.1561481212,0.1852687235,0.1561481212,0.2653443063,0.2253065149,0.8436905321,0.7902987314,0.8161223236,1.696547999,1.649327883,1.19927102,-0.3333488964
0.3018930958,1.174769243,0.8533371475,0.4745847412,0.1584887738,0.1851883195,0.1584887738,0.2652807784,0.225234549,0.8437477686,0.7903384111,0.8161702597,1.711771896,1.663274007,1.203559726,-0.3078993477
0.3062360802,1.177736041,0.8513929867,0.4747934614,0.1608291291,0.1851731634,0.1608291291,0.2652191045,0.225196134,0.8437585585,0.7903769367,0.81619585,1.72710971,1.677328296,1.208008071,-0.2803062209
0.3105790646,1.180715104,0.849454191,0.4749920211,0.1631691081,0.1852251304,0.1631691081,0.265160642,0.2251928862,0.8437215634,0.7904134596,0.8161980136,1.742561952,1.691492376,1.212622704,-0.2499342994
0.314922049,1.183706405,0.8475207724,0.4751805173,0.1655086323,0.1853457825,0.1655086323,0.2651070411,0.2252264118,0.843635684,0.7904469484,0.8161756802,1.758129135,1.705767994,1.217410011,-0.2160514537
0.3192650334,1.186709915,0.8455927425,0.4753590465,0.1678476238,0.1855363782,0.1678476238,0.2650602903,0.2252983343,0.8435000548,0.7904761596,0.8161277724,1.773811767,1.720157049,1.22237622,-0.1778257494
0.3236080178,1.189725607,0.843670112,0.4755277053,0.1701860054,0.185797885,0.1701860054,0.2650227694,0.2254103272,0.8433140357,0.7904996054,0.8160531846,1.789610357,1.734661621,1.227527518,-0.1343242207
0.3279510022,1.192753454,0.841752891,0.4756865899,0.1725237004,0.1861309968,0.1725237004,0.2649973058,0.2255641513,0.8430772003,0.7905155176,0.8159507594,1.805525411,1.749284015,1.232870189,-0.08451379552
0.3322939866,1.195793429,0.8398410892,0.4758357965,0.1748606326,0.1865361527,0.1748606326,0.2649872386,0.2257616956,0.8427893223,0.7905218088,0.8158192604,1.821557436,1.764026795,1.238410767,-0.0272649589
0.336636971,1.198845503,0.8379347155,0.4759754207,0.1771967267,0.1870135592,0.1771967267,0.2649964869,0.2260050231,0.8424503598,0.7905160293,0.8156573433,1.837706936,1.778892838,1.244156202,0.03864116167
0.3409799555,1.20190965,0.8360337782,0.476105558,0.1795319076,0.1875632152,0.1795319076,0.2650296248,0.22629642,0.8420604371,0.7904953215,0.8154635239,1.853974414,1.793885385,1.250114053,0.1145015075
0.3453229399,1.20498584,0.8341382851,0.4762263038,0.1818661013,0.1881849372,0.1818661013,0.26509196,0.2266384486,0.8416198259,0.7904563712,0.8152361449,1.870360372,1.809008101,1.256292673,0.2016747373
0.3496659243,1.208074046,0.8322482434,0.4763377529,0.1841992339,0.1888783873,0.1841992339,0.2651896183,0.2270340028,0.8411289251,0.790395357,0.8149733404,1.886865312,1.824265133,1.262701425,0.3015589043
0.3540089087,1.211174241,0.8303636597,0.4764399999,0.1865312325,0.1896431012,0.1865312325,0.2653296298,0.2274863655,0.8405882395,0.790307898,0.8146730001,1.903489733,1.839661183,1.269350891,0.4155622525
0.3583518931,1.214286395,0.8284845402,0.4765331391,0.1888620247,0.1904785167,0.1888620247,0.2655200175,0.2279992671,0.8399983586,0.7901890023,0.8143327336,1.920234132,1.855201575,1.276253093,0.5450662961
0.3626948775,1.217410482,0.8266108904,0.4766172646,0.1911915386,0.1913840025,0.1911915386,0.2657698851,0.2285769438,0.8393599359,0.7900330161,0.8139498344,1.937099007,1.870892328,1.283421707,0.691380511
0.3670378619,1.220546472,0.8247427154,0.4766924699,0.193519703,0.1923588862,0.193519703,0.2660895026,0.2292241944,0.8386736674,0.7898335765,0.8135212474,1.954084853,1.886740233,1.290872276,0.8556882543
0.3713808463,1.223694337,0.8228800195,0.4767588483,0.1958464476,0.1934024819,0.1958464476,0.2664903844,0.2299464332,0.8379402717,0.7895835707,0.8130435383,1.971192165,1.90275292,1.29862241,1.038983957
0.3757238307,1.22685405,0.821022807,0.4768164927,0.1981717022,0.1945141164,0.1981717022,0.2669853601,0.2307497383,0.8371604707,0.7892751025,0.8125128683,1.988421434,1.918938932,1.306691964,1.242002221
0.3800668151,1.230025581,0.8191710812,0.4768654956,0.2004953977,0.1956931545,0.2004953977,0.2675886293,0.2316408919,0.8363349712,0.7888994717,0.8119249747,2.005773153,1.935307784,1.315103197,1.465140189
0.3844097996,1.233208903,0.8173248452,0.4769059492,0.2028174654,0.1969390223,0.2028174654,0.2683158005,0.2326274114,0.8354644484,0.7884471672,0.8112751596,2.023247811,1.951870017,1.323880887,1.708375476
0.388752784,1.236403986,0.8154841015,0.4769379451,0.2051378373,0.198251229,0.2051378373,0.2691839054,0.2337175672,0.83454953,0.7879078798,0.8105582887,2.040845897,1.968637239,1.333052414,1.971182915
0.3930957684,1.239610803,0.8136488522,0.4769615748,0.207456446,0.1996293868,0.207456446,0.2702113863,0.2349203866,0.8335907831,0.7872705368,0.8097688004,2.058567898,1.985622145,1.342647782,2.252454435
0.3974387528,1.242829325,0.811819099,0.4769769292,0.2097732249,0.2010732287,0.2097732249,0.2714180505,0.2362456396,0.8325887016,0.7865233623,0.8089007297,2.076414299,2.002838522,1.352699586,2.550427393
0.4017817372,1.246059523,0.809994843,0.4769840986,0.2120881078,0.2025826238,0.2120881078,0.2728249878,0.2377038058,0.8315436962,0.7856539663,0.8079477459,2.094385586,2.020301221,1.363242914,2.862627443
0.4061247216,1.249301369,0.8081760849,0.4769831733,0.2144010293,0.2041575916,0.2144010293,0.2744544464,0.239306019,0.8304560856,0.7846494654,0.8069032061,2.112482241,2.038026106,1.374315166,3.18583254
0.410467706,1.252554834,0.8063628251,0.4769742427,0.2167119246,0.2057983125,0.2167119246,0.2763296661,0.2410639893,0.8293260902,0.7834966361,0.8057602256,2.130704746,2.056029971,1.385955801,3.516064629
0.4148106904,1.255819889,0.8045550633,0.476957396,0.2190207296,0.207505137,0.2190207296,0.2784746664,0.2429899017,0.8281538267,0.7821821005,0.8045117652,2.14905358,2.074330419,1.398206005,3.848614967
0.4191536748,1.259096505,0.8027527991,0.476932722,0.2213273808,0.2092785929,0.2213273808,0.2809139892,0.2450962911,0.8269393057,0.7806925433,0.8031507339,2.167529221,2.092945708,1.411108269,4.178107633
0.4234966592,1.262384655,0.8009560316,0.4769003088,0.2236318153,0.2111193891,0.2236318153,0.2836724011,0.2473958951,0.8256824298,0.7790149568,0.8016701064,2.186132148,2.111894564,1.424705904,4.4986037
0.4278396437,1.265684309,0.7991647593,0.4768602442,0.225933971,0.2130284182,0.225933971,0.2867745567,0.2499014875,0.8243829946,0.7771369078,0.800063053,2.204862835,2.131195955,1.439042471,4.803745776
0.4321826281,1.268995439,0.7973789806,0.4768126156,0.2282337863,0.2150067563,0.2282337863,0.2902446321,0.2526256942,0.8230406908,0.7750468207,0.7983230782,2.223721757,2.150868844,1.454161172,5.086939371
0.4365256125,1.272318015,0.7955986933,0.4767575095,0.2305312004,0.2170556605,0.2305312004,0.2941059359,0.2555807982,0.8216551079,0.7727342656,0.7964441647,2.242709385,2.170931911,1.470104183,5.341564121
0.4408685969,1.275652009,0.793823895,0.4766950125,0.2328261531,0.2191765643,0.2328261531,0.2983805079,0.2587785361,0.8202257403,0.7701902438,0.7944209178,2.261826192,2.191403258,1.486911967,5.56120465
0.4452115813,1.278997392,0.7920545828,0.4766252101,0.2351185847,0.2213710706,0.2351185847,0.3030887186,0.2622298946,0.8187519944,0.7674074571,0.7922487054,2.281072646,2.212300117,1.504622588,5.739888275
0.4495545657,1.282354136,0.7902907535,0.4765481878,0.2374084363,0.2236409423,0.2374084363,0.3082488795,0.2659449109,0.8172331976,0.7643805515,0.7899237884,2.300449216,2.233638541,1.523271022,5.872315068
0.4538975501,1.285722211,0.7885324035,0.4764640303,0.2396956498,0.22598809,0.2396956498,0.3138768782,0.2699324841,0.815668609,0.7611063233,0.787443437,2.319956368,2.255433123,1.542888524,5.954065544
0.4582405345,1.28910159,0.786779529,0.4763728218,0.2419801674,0.2284145584,0.2419801674,0.3199858481,0.2742002032,0.8140574313,0.7575838797,0.7848060277,2.339594567,2.277696725,1.563502028,5.98177231
0.4625835189,1.292492242,0.7850321256,0.4762746461,0.2442619323,0.2309225084,0.2442619323,0.3265858842,0.2787541963,0.8123988254,0.753814745,0.782011119,2.359364277,2.30044024,1.585133634,5.953244538
0.4669265033,1.29589414,0.7832901889,0.4761695864,0.2465408881,0.2335141984,0.2465408881,0.3336838115,0.2835990049,0.810691925,0.7498029079,0.7790595008,2.379265958,2.323672389,1.607800166,5.867537772
0.4712694878,1.299307255,0.781553714,0.4760577252,0.2488169793,0.236191961,0.2488169793,0.3412830117,0.2887374863,0.8089358543,0.7455548093,0.7759532182,2.399300072,2.347399567,1.631512831,5.724965917
0.4756124722,1.302731557,0.7798226956,0.4759391449,0.2510901508,0.2389581781,0.2510901508,0.349383313,0.2941707455,0.8071297463,0.7410792696,0.7726955685,2.419467078,2.371625725,1.656276964,5.527056863
0.4799554566,1.306167019,0.7780971283,0.4758139269,0.2533603483,0.2418152522,0.2533603483,0.3579809403,0.2998980962,0.8052727636,0.7363873603,0.769291072,2.439767432,2.396352309,1.682091886,5.276457397
0.484298441,1.309613611,0.7763770062,0.4756821522,0.2556275182,0.2447655749,0.2556275182,0.3670685266,0.3059170508,0.8033641195,0.7314922263,0.7657454196,2.46020159,2.421578242,1.708950836,4.976796516
0.4886414254,1.313071305,0.7746623232,0.4755439015,0.2578916074,0.2478114913,0.2578916074,0.3766351808,0.3122233361,0.8014031021,0.7264088656,0.7620653989,2.480770007,2.447299958,1.736841009,4.632518557
0.4929844098,1.316540071,0.772953073,0.4753992546,0.2601525636,0.2509552621,0.2601525636,0.3866666049,0.3188109335,0.7993890991,0.7211538783,0.7582588032,2.501473134,2.473511466,1.765743657,4.248698589
0.4973273942,1.320019883,0.7712492489,0.4752482909,0.2624103351,0.2541990207,0.2624103351,0.3971452564,0.3256721386,0.797321624,0.7157451921,0.7543343267,2.522311423,2.500204462,1.795634261,3.830852271
0.5016703786,1.32351071,0.769550844,0.4750910893,0.2646648707,0.2575447277,0.2646648707,0.4080505476,0.3327976376,0.795200344,0.7102017763,0.7503014499,2.543285323,2.527368464,1.826482758,3.38475112
0.506013363,1.327012524,0.767857851,0.474927728,0.2669161202,0.2609941209,0.2669161202,0.4193590739,0.3401765974,0.7930251089,0.7045433523,0.7461703196,2.564395281,2.554990973,1.858253801,2.916252038
0.5103563474,1.330525297,0.7661702624,0.4747582847,0.2691640338,0.2645486616,0.2691640338,0.4310448664,0.347796764,0.7907959815,0.6987901103,0.7419516256,2.585641745,2.583057657,1.890907062,2.431147467
0.5146993318,1.334049,0.7644880706,0.4745828365,0.2714085622,0.2682094768,0.2714085622,0.4430796612,0.355644569,0.7885132687,0.6929624378,0.7376564793,2.607025158,2.61155254,1.924397541,1.93503998
0.5190423163,1.337583605,0.7628112676,0.4744014601,0.2736496572,0.2719772985,0.2736496572,0.4554331801,0.3637052393,0.786177553,0.6870806669,0.7332962954,2.628545964,2.640458202,1.958675893,1.433242697
0.5233853007,1.341129082,0.7611398451,0.4742142314,0.2758872708,0.2758523979,0.2758872708,0.4680734192,0.3719629086,0.7837897249,0.6811648429,0.7288826788,2.650204604,2.669755981,1.993688762,0.9307049437
0.5277282851,1.344685405,0.7594737947,0.4740212258,0.2781213559,0.2798345179,0.2781213559,0.4809669414,0.3804007297,0.7813510153,0.6752345188,0.7244273192,2.672001517,2.699426178,2.029379103,0.4319610945
0.5320712695,1.348252543,0.7578131077,0.4738225183,0.280351866,0.2839228013,0.280351866,0.4940791692,0.3890009853,0.7788630274,0.6693085752,0.7199418939,2.693937143,2.729448247,2.065686507,-0.05890043226
0.5364142539,1.35183047,0.7561577752,0.473618183,0.2825787552,0.2881157174,0.2825787552,0.507374677,0.3977451972,0.7763277681,0.663405068,0.7154379797,2.716011917,2.759800994,2.102547516,-0.5382514764
0.5407572383,1.355419156,0.754507788,0.4734082937,0.2848019783,0.2924109865,0.2848019783,0.5208174792,0.4066142328,0.7737476781,0.6575411012,0.7109269739,2.738226275,2.790462754,2.139895927,-1.002925234
0.5451002227,1.359018573,0.7528631368,0.4731929235,0.2870214905,0.2968055036,0.2870214905,0.5343713143,0.4155884089,0.7711256601,0.6517327264,0.7064200255,2.760580651,2.821411565,2.177663085,-1.450207371
0.5494432071,1.362628694,0.751223812,0.472972145,0.289237248,0.3012952624,0.289237248,0.5479999218,0.4246475921,0.7684651046,0.6459948647,0.7019279754,2.783075475,2.852625331,2.215778169,-1.877819907
0.5537861915,1.366249489,0.7495898039,0.47274603,0.2914492075,0.3058752811,0.2914492075,0.5616673112,0.4337712961,0.7657699127,0.6403412512,0.6974613055,2.805711179,2.884081975,2.254168465,-2.283900063
0.5581291759,1.369880931,0.7479611024,0.47251465,0.2936573261,0.3105395304,0.2936573261,0.575338021,0.4429387757,0.7630445147,0.6347843997,0.6930300972,2.828488191,2.915759575,2.29275963,-2.666975712
0.5624721604,1.373522992,0.7463376974,0.4722780758,0.2958615619,0.3152808669,0.2958615619,0.5889773663,0.4521291166,0.7602938849,0.6293355848,0.6886439977,2.851406938,2.947636493,2.331475946,-3.02593855
0.5668151448,1.377175644,0.7447195785,0.4720363776,0.2980618733,0.3200909738,0.2980618733,0.6025516724,0.4613213231,0.7575235494,0.62400484,0.6843121935,2.874467845,2.979691492,2.370240576,-3.36001572
0.5711581292,1.380838858,0.7431067352,0.471789625,0.3002582196,0.3249603091,0.3002582196,0.6160284927,0.4704944009,0.7547395897,0.6188009707,0.6800433918,2.897671337,3.011903837,2.4089758,-3.668740296
0.5755011136,1.384512607,0.7414991568,0.4715378871,0.3024505605,0.3298780669,0.3024505605,0.6293768088,0.4796274379,0.7519486372,0.613731578,0.6758458071,2.921017836,3.044253386,2.447603265,-3.95192086
0.579844098,1.388196862,0.7398968323,0.4712812324,0.3046388565,0.3348321516,0.3046388565,0.6425672114,0.4886996815,0.7491578614,0.6088030938,0.6717271539,2.944507762,3.076720672,2.486044224,-4.209610335
0.5841870824,1.391891597,0.7382997507,0.4710197288,0.3068230686,0.3398091696,0.3068230686,0.6555720586,0.4976906141,0.7463749485,0.6040208246,0.6676946431,2.968141535,3.109286969,2.524219782,-4.44207422
0.5885300668,1.395596783,0.7367079007,0.4707534435,0.3090031584,0.3447944396,0.3090031584,0.6683656125,0.5065800261,0.7436080716,0.5993890023,0.6637549833,2.991919572,3.141934348,2.562051154,-4.649758446
0.5928730512,1.399312392,0.7351212709,0.4704824433,0.3111790881,0.3497720266,0.3111790881,0.6809241502,0.5153480884,0.7408658502,0.5949108411,0.6599143838,3.015842288,3.174645728,2.599459934,-4.833257177
0.5972160356,1.403038398,0.7335398499,0.4702067944,0.3133508208,0.3547247993,0.3133508208,0.6932260508,0.523975425,0.7381572999,0.5905885983,0.6561785601,3.039910099,3.207404909,2.636368374,-4.993280971
0.60155902,1.406774771,0.7319636257,0.4699265623,0.3155183197,0.359634516,0.3155183197,0.7052518563,0.5324431862,0.7354917724,0.5864236396,0.65255274,3.064123417,3.240196606,2.6726997,-5.130625859
0.6059020045,1.410521486,0.7303925866,0.469641812,0.3176815491,0.3644819387,0.3176815491,0.716984308,0.5407331234,0.7328788836,0.5824165051,0.6490416704,3.088482654,3.273006472,2.708378446,-5.246143936
0.6102449889,1.414278514,0.7288267206,0.469352608,0.3198404735,0.3692469785,0.3198404735,0.7284083577,0.5488276681,0.7303284328,0.5785669778,0.645649623,3.112988218,3.305821113,2.743330823,-5.340716168
0.6145879733,1.418045828,0.7272660154,0.469059014,0.3219950583,0.3739088723,0.3219950583,0.7395111553,0.5567100138,0.727850311,0.5748741518,0.6423803991,3.137640517,3.338628102,2.777485119,-5.415228063
0.6189309577,1.421823401,0.7257104589,0.4687610933,0.3241452694,0.37844639,0.3241452694,0.7502820147,0.5643642023,0.7254544009,0.5713364998,0.6392373327,3.162439959,3.37141599,2.81077215,-5.470548876
0.6232739421,1.425611205,0.7241600385,0.4684589087,0.326291073,0.3828380731,0.326291073,0.7607123592,0.5717752162,0.7231504682,0.5679519399,0.6362232905,3.187386948,3.404174316,2.843125734,-5.50751488
0.6276169265,1.429409213,0.7226147418,0.4681525223,0.3284324365,0.3870625002,0.3284324365,0.7707956487,0.5789290745,0.7209480466,0.5647179,0.6333406713,3.212481887,3.43689361,2.87448321,-5.526917159
0.6319599109,1.433217398,0.7210745559,0.4678419955,0.3305693272,0.3910985772,0.3305693272,0.7805272908,0.585812934,0.7188563172,0.5616313803,0.6305914011,3.237725179,3.469565404,2.904785989,-5.529494165
0.6363028953,1.437035734,0.7195394682,0.4675273894,0.3327017136,0.3949258484,0.3327017136,0.7899045386,0.5924151935,0.7168839843,0.558689013,0.6279769272,3.263117222,3.502182238,2.93398013,-5.51592913
0.6406458797,1.440864192,0.7180094657,0.4672087644,0.3348295643,0.3985248213,0.3348295643,0.7989263777,0.5987255995,0.7150391504,0.5558871182,0.6254982095,3.288658416,3.534737671,2.962016928,-5.486852179
0.6449888641,1.444702747,0.7164845354,0.4668861803,0.3369528487,0.4018772985,0.3369528487,0.8075934044,0.6047353515,0.7133291915,0.5532217575,0.6231557117,3.314349158,3.567226288,2.988853516,-5.442846801
0.6493318486,1.448551372,0.714964664,0.4665596964,0.3390715369,0.404966711,0.3390715369,0.8159076983,0.6104372047,0.7117606361,0.5506887828,0.6209493901,3.340189843,3.599643711,3.014453442,-5.3844601
0.653674833,1.452410038,0.7134498384,0.4662293714,0.3411855991,0.4077784415,0.3411855991,0.8238726907,0.6158255661,0.7103390495,0.5482838825,0.6188786841,3.366180865,3.631986613,3.038787235,-5.312216084
0.6580178174,1.456278721,0.7119400452,0.4658952635,0.3432950066,0.4103001311,0.3432950066,0.8314930316,0.6208965813,0.7090689265,0.5460026234,0.6169425067,3.392322617,3.664252723,3.061832916,-5.226631087
0.6623608018,1.460157394,0.7104352708,0.4655574303,0.345399731,0.4125219597,0.345399731,0.8387744575,0.6256482086,0.7079535954,0.5438404889,0.6151392378,3.418615489,3.696440836,3.083576449,-5.128230303
0.6667037862,1.464046029,0.7089355018,0.4652159289,0.3474997445,0.4144368925,0.3474997445,0.8457236606,0.6300802765,0.7069951338,0.5417929137,0.6134667196,3.44505987,3.72855082,3.104012117,-5.017564384
0.6710467706,1.4679446,0.7074407245,0.4648708156,0.3495950197,0.4160408824,0.3495950197,0.8523481621,0.6341945222,0.7061943002,0.5398553147,0.6119222567,3.471656149,3.760583613,3.123142793,-4.895225036
0.675389755,1.471853082,0.7059509251,0.4645221465,0.35168553,0.4173330251,0.35168553,0.8586561901,0.6379946076,0.7055504827,0.5380231187,0.6105026203,3.498404712,3.792541222,3.140980108,-4.761858632
0.6797327394,1.475771447,0.7044660898,0.4641699769,0.3537712492,0.4183156585,0.3537712492,0.8646565637,0.6414861111,0.7050616652,0.5362917866,0.609204058,3.525305942,3.824426712,3.1575445,-4.618176992
0.6840757238,1.47969967,0.7029862046,0.4638143617,0.3558521518,0.4189944049,0.3558521518,0.870358583,0.6446764939,0.7047244137,0.5346568348,0.6080223094,3.552360225,3.856244188,3.172865122,-4.464964645
0.6884187082,1.483637725,0.7015112556,0.4634553552,0.3579282125,0.4193781525,0.3579282125,0.8757719273,0.6475750399,0.7045338821,0.5331138533,0.6069526278,3.57956794,3.887998766,3.186979633,-4.303082113
0.6927616927,1.487585584,0.7000412287,0.4630930112,0.3599994069,0.4194789788,0.3599994069,0.8809065603,0.6501927696,0.7044838387,0.531658521,0.6059898082,3.606929468,3.91969654,3.199933851,-4.133465006
0.6971046771,1.491543224,0.6985761096,0.4627273828,0.362065711,0.4193120161,0.362065711,0.8857726436,0.6525423298,0.7045667117,0.5302866193,0.6051282209,3.634445189,3.95134454,3.211781281,-3.957118932
0.7014476615,1.495510616,0.6971158843,0.4623585227,0.3641271012,0.4188952641,0.3641271012,0.8903804573,0.6546378607,0.704773654,0.5289940425,0.6043618509,3.662115478,3.982950674,3.222582537,-3.775110514
0.7057906459,1.499487737,0.6956605382,0.4619864831,0.3661835546,0.4182493565,0.3661835546,0.8947403294,0.656494843,0.7050946263,0.5277768064,0.6036843424,3.689940712,4.014523673,3.232404652,-3.588554965
0.7101336303,1.503474559,0.6942100572,0.4616113157,0.3682350488,0.4173972869,0.3682350488,0.8988625724,0.6581299296,0.7055184945,0.5266310551,0.6030890476,3.717921265,4.046073017,3.24132032,-3.398600879
0.7144766147,1.507471059,0.6927644266,0.4612330714,0.3702815617,0.4163641037,0.3702815617,0.9027574271,0.6595607654,0.7060331432,0.5255530662,0.6025690778,3.746057509,4.077608864,3.249407061,-3.206413011
0.7188195991,1.511477208,0.6913236321,0.4608518009,0.372323072,0.4151765832,0.372323072,0.9064350138,0.6608057985,0.7066255985,0.524539254,0.6021173583,3.774349816,4.109141967,3.256746352,-3.013153871
0.7231625835,1.515492984,0.6898876591,0.4604675543,0.3743595588,0.4138628884,0.3743595588,0.9099052899,0.6618840892,0.7072821617,0.5235861722,0.6017266827,3.802798555,4.140683592,3.263422737,-2.819965008
0.7275055679,1.519518359,0.6884564928,0.4600803809,0.3763910016,0.4124522245,0.3763910016,0.9131780143,0.6628151194,0.7079885483,0.5226905142,0.6013897687,3.831404095,4.17224543,3.269522936,-2.627948786
0.7318485523,1.523553309,0.6870301187,0.4596903299,0.3784173805,0.4109744983,0.3784173805,0.9162627163,0.6636186073,0.708730031,0.5218491136,0.6010993118,3.860166803,4.203839511,3.275134971,-2.438151391
0.7361915367,1.527597809,0.6856085221,0.4592974498,0.3804386762,0.4094599899,0.3804386762,0.9191686714,0.6643143307,0.7094915834,0.5210589433,0.6008480379,3.889087043,4.235478118,3.280347338,-2.251547707
0.7405345212,1.531651833,0.684191688,0.4589017884,0.3824548696,0.4079390428,0.3824548696,0.9219048808,0.6649219618,0.7102580222,0.5203171135,0.6006287519,3.91816518,4.267173703,3.285248223,-2.069028521
0.7448775056,1.535715357,0.6827796018,0.4585033934,0.3844659423,0.4064417792,0.3844659423,0.9244800557,0.6654609175,0.7110141456,0.5196208696,0.600434384,3.947401576,4.298938808,3.289924792,-1.891390409
0.74922049,1.539788355,0.6813722485,0.4581023117,0.3864718764,0.4049978429,0.3864718764,0.9269026058,0.6659502243,0.711744865,0.5189675892,0.6002580302,3.976796592,4.330785987,3.294462553,-1.719328474
0.7535634744,1.543870803,0.6799696131,0.4576985897,0.3884726545,0.4036361749,0.3884726545,0.9291806307,0.6664084028,0.712435329,0.5183547793,0.6000929894,4.006350587,4.362727741,3.298944798,-1.553431973
0.7579064588,1.547962676,0.6785716809,0.4572922735,0.3904682593,0.4023848217,0.3904682593,0.9313219149,0.6668533683,0.7130710376,0.5177800719,0.5999327949,4.036063921,4.39477645,3.303452139,-1.394182752
0.7622494432,1.552063949,0.6771784366,0.4568834085,0.3924586746,0.4012707785,0.3924586746,0.9333339256,0.6673023521,0.7136379459,0.5172412208,0.5997712405,4.065936949,4.426944323,3.30806212,-1.241956278
0.7665924276,1.556174598,0.6757898654,0.4564720397,0.3944438841,0.4003198647,0.3944438841,0.9352238124,0.6677718385,0.7141225553,0.5167360972,0.5996024018,4.095970027,4.459243345,3.312848921,-1.097025
0.770935412,1.560294597,0.674405952,0.4560582116,0.3964238722,0.3995566337,0.3964238722,0.9369984093,0.6682775215,0.7145119932,0.5162626852,0.5994206522,4.126163508,4.491685239,3.317883144,-0.9595637015
0.7752783964,1.564423924,0.6730266815,0.4556419683,0.3983986238,0.3990043119,0.3983986238,0.9386642388,0.6688342754,0.71479408,0.5158190779,0.5992206744,4.156517746,4.524281431,3.323231669,-0.8296564708
0.7796213808,1.568562553,0.6716520386,0.4552233533,0.4003681243,0.3986847659,0.4003681243,0.9402275169,0.6694561414,0.7149573831,0.5154034727,0.598997467,4.187033091,4.557043025,3.328957589,-0.7073049186
0.7839643653,1.57271046,0.6702820083,0.4548024096,0.4023323593,0.3986184954,0.4023323593,0.9416941596,0.6701563275,0.7149912598,0.5150141669,0.598746347,4.217709894,4.589980782,3.335120201,-0.5924372616
0.7883073497,1.576867622,0.6689165753,0.4543791799,0.404291315,0.3988246475,0.404291315,0.9430697906,0.670947219,0.7148858878,0.5146495534,0.5984629488,4.248548502,4.623105109,3.341775054,-0.4849179296
0.7926503341,1.581034013,0.6675557243,0.4539537062,0.4062449781,0.3993210501,0.4062449781,0.9443597492,0.6718403996,0.7146322854,0.5143081163,0.59814322,4.279549262,4.656426052,3.348974042,-0.3845573776
0.7969933185,1.585209611,0.6661994402,0.4535260303,0.4081933356,0.4001242611,0.4081933356,0.9455690995,0.6728466803,0.7142223214,0.5139884264,0.5977834142,4.310712521,4.689953291,3.356765538,-0.2911218287
0.8013363029,1.589394391,0.6648477077,0.4530961933,0.4101363751,0.4012496296,0.4101363751,0.94670264,0.6739761348,0.7136487168,0.5136891374,0.5973800816,4.342038621,4.723696143,3.365194558,-0.2043427169
0.8056792873,1.59358833,0.6635005115,0.4526642359,0.4120740844,0.402711367,0.4120740844,0.9477649129,0.6752381399,0.7129050377,0.5134089814,0.596930058,4.373527908,4.757663571,3.374302947,-0.1239256444
0.8100222717,1.597791403,0.6621578363,0.4522301985,0.414006452,0.4045226248,0.414006452,0.948760214,0.6766414194,0.7119856828,0.5131467652,0.5964304522,4.40518072,4.791864189,3.384129587,-0.04955871386
0.8143652561,1.602003587,0.6608196668,0.4517941207,0.4159334665,0.4066955769,0.4159334665,0.9496926034,0.6781940902,0.7108858636,0.5129013662,0.5958786328,4.4369974,4.82630628,3.394710606,0.01907986702
0.8187082405,1.60622486,0.6594859876,0.4513560421,0.4178551173,0.4092415037,0.4178551173,0.950565915,0.6799037094,0.7096015817,0.5126717289,0.5952722138,4.468978286,4.860997799,3.406079603,0.08231496925
0.8230512249,1.610455197,0.6581567834,0.4509160016,0.4197713938,0.4121708768,0.4197713938,0.9513837668,0.6817773218,0.7081296013,0.5124568611,0.5946090407,4.501123716,4.895946401,3.418267865,0.1404685482
0.8273942094,1.614694575,0.6568320389,0.4504740375,0.421682286,0.4154934415,0.421682286,0.9521495705,0.683821506,0.7064674202,0.5122558308,0.5938871765,4.533434025,4.931159444,3.431304585,0.1938544751
0.8317371938,1.61894297,0.6555117387,0.450030188,0.4235877845,0.4192182975,0.4235877845,0.9528665419,0.6860424197,0.704613238,0.5120677622,0.5931048877,4.565909549,4.966644014,3.445217071,0.2427741781
0.8360801782,1.623200361,0.6541958673,0.4495844907,0.42548788,0.4233539742,0.42548788,0.9535377099,0.688445842,0.702565924,0.5118918334,0.5922606311,4.598550622,5.002406936,3.460030945,0.2875130605
0.8404231626,1.627466723,0.6528844095,0.4491369827,0.4273825637,0.4279085023,0.4273825637,0.9541659259,0.6910372141,0.7003249847,0.5117272729,0.5913530416,4.631357575,5.038454788,3.475770329,0.3283376497
0.844766147,1.631742034,0.6515773498,0.4486877007,0.4292718271,0.4328894788,0.4292718271,0.9547538733,0.693821676,0.6978905315,0.5115733565,0.5903809203,4.66433074,5.074793921,3.492458019,0.3654934254
0.8491091314,1.636026271,0.6502746729,0.4482366812,0.4311556623,0.438304126,0.4311556623,0.9553040755,0.6968041007,0.6952632492,0.511429405,0.5893432245,4.697470447,5.111430464,3.510115639,0.3992032661
0.8534521158,1.640319411,0.6489763633,0.44778396,0.4330340616,0.4441593437,0.4330340616,0.955818905,0.6999891243,0.6924443652,0.5112947817,0.5882390574,4.730777024,5.148370342,3.528763786,0.4296664551
0.8577951002,1.644621432,0.6476824056,0.4473295726,0.4349070178,0.4504617548,0.4349070178,0.9563005911,0.703381173,0.6894356206,0.5111688891,0.5870676604,4.764250798,5.185619281,3.548422146,0.4570581842
0.8621380846,1.648932311,0.6463927845,0.446873554,0.4367745239,0.4572177434,0.4367745239,0.9567512282,0.7069844858,0.6862392422,0.5110511677,0.5858284058,4.797892096,5.223182819,3.569109605,0.4815294944
0.866481069,1.653252025,0.6451074846,0.4464159389,0.4386365735,0.4644334859,0.4386365735,0.9571727825,0.7108031342,0.6828579171,0.5109410927,0.5845207903,4.831701242,5.261066311,3.590844336,0.503207597
0.8708240535,1.657580552,0.6438264905,0.4459567615,0.4404931603,0.4721149754,0.4404931603,0.9575670999,0.7148410377,0.6792947675,0.5108381726,0.5831444303,4.865678559,5.299274934,3.613643864,0.5221965194
0.8751670379,1.661917871,0.6425497867,0.4454960558,0.4423442786,0.4802680383,0.4423442786,0.9579359123,0.7191019753,0.6755533283,0.510741947,0.5816990582,4.899824371,5.337813688,3.637525125,0.5385780251
0.8795100223,1.666263958,0.641277358,0.4450338551,0.444189923,0.4888983447,0.444189923,0.9582808443,0.7235895945,0.6716375255,0.5106519848,0.5801845191,4.934138998,5.376687396,3.662504498,0.5524127582
0.8838530067,1.670618791,0.6400091889,0.4445701924,0.4460300883,0.4980114122,0.4460300883,0.9586034191,0.7283074157,0.6675516567,0.5105678823,0.5786007691,4.968622759,5.415900703,3.688597823,0.5637415687
0.8881959911,1.674982349,0.6387452641,0.4441051005,0.4478647698,0.5076126027,0.4478647698,0.9589050646,0.7332588336,0.6633003719,0.5104892616,0.5769478745,5.003275974,5.455458073,3.715820407,0.5725869737
0.8925389755,1.67935461,0.6374855682,0.4436386116,0.4496939631,0.5177071133,0.4496939631,0.9591871187,0.738447116,0.6588886559,0.5104157691,0.5752260111,5.03809896,5.495363779,3.744187009,0.5789547155
0.8968819599,1.683735552,0.6362300858,0.4431707575,0.4515176641,0.5282999615,0.4515176641,0.9594508343,0.7438753979,0.6543218119,0.510347074,0.5734354652,5.073092033,5.535621903,3.773711811,0.5828353752
0.9012249443,1.688125153,0.6349788018,0.4427015698,0.4533358692,0.5393959644,0.4533358692,0.9596973844,0.7495466744,0.6496054447,0.5102828671,0.5715766345,5.108255508,5.576236316,3.804408382,0.584206004
0.9055679287,1.692523391,0.6337317006,0.4422310795,0.4551485749,0.5509997121,0.4551485749,0.9599278665,0.7554637893,0.6447454453,0.5102228593,0.5696500299,5.143589699,5.617210678,3.836289616,0.5830317308
0.9099109131,1.696930245,0.632488767,0.4417593174,0.4569557783,0.5631155369,0.4569557783,0.9601433065,0.7616294217,0.6397479754,0.5101667805,0.5676562776,5.179094919,5.658548415,3.869367665,0.5792673052
0.9142538976,1.701345694,0.6312499858,0.4412863139,0.4587574764,0.5757474764,0.4587574764,0.9603446628,0.7680460696,0.634619452,0.5101143788,0.5655961217,5.214771479,5.700252713,3.903653861,0.5728585308
0.918596882,1.705769715,0.6300153415,0.4408120989,0.460553667,0.5888992324,0.460553667,0.9605328296,0.774716031,0.6293665323,0.5100654194,0.5634704271,5.250619689,5.742326495,3.939158618,0.5637435405
0.9229398664,1.710202289,0.6287848191,0.4403367021,0.462344348,0.6025741254,0.462344348,0.9607086398,0.7816413826,0.6239960974,0.5100196835,0.5612801823,5.286639859,5.784772411,3.975891331,0.5518538567
0.9272828508,1.714643393,0.6275584031,0.4398601527,0.4641295175,0.616775044,0.4641295175,0.9608728677,0.7888239558,0.6185152373,0.5099769682,0.5590265027,5.322832297,5.827592814,4.013860254,0.5371151739
0.9316258352,1.719093007,0.6263360785,0.4393824797,0.4659091741,0.6315043905,0.4659091741,0.9610262309,0.7962653107,0.6129312344,0.5099370851,0.556710634,5.35919731,5.87078974,4.05307238,0.5194477854
0.9359688196,1.723551109,0.62511783,0.4389037115,0.4676833165,0.6467640222,0.4676833165,0.9611693918,0.803966707,0.607251547,0.5098998609,0.5543339554,5.395735203,5.914364894,4.093533292,0.498766564
0.940311804,1.72801768,0.6239036423,0.4384238764,0.469451944,0.6625551881,0.469451944,0.9613029582,0.8119290731,0.6014837926,0.5098651362,0.5518979826,5.432446281,5.958319618,4.13524702,0.4749803801
0.9446547884,1.732492697,0.6226935004,0.4379430023,0.471215056,0.6788784618,0.471215056,0.9614274834,0.8201529726,0.5956357311,0.5098327664,0.5494043715,5.469330848,6.002654874,4.178215877,0.4479908148
0.9489977728,1.73697614,0.6214873891,0.4374611165,0.4729726521,0.6957336696,0.4729726521,0.9615434644,0.828638567,0.5897152471,0.5098026213,0.5468549215,5.506389206,6.047371218,4.222440282,0.4176899833
0.9533407572,1.741467988,0.6202852933,0.4369782464,0.4747247324,0.7131198143,0.4747247324,0.9616513394,0.8373855768,0.5837303332,0.5097745863,0.5442515782,5.543621656,6.092468769,4.267918571,0.383957229
0.9576837416,1.745968222,0.6190871978,0.4364944186,0.4764712972,0.7310349942,0.4764712972,0.961751483,0.8463932386,0.5776890724,0.5097485633,0.5415964374,5.581028499,6.137947184,4.314646796,0.3466543708
0.9620267261,1.75047682,0.6178930876,0.4360096597,0.478212347,0.7494763162,0.478212347,0.9618441994,0.8556602578,0.5715996214,0.5097244727,0.538891748,5.618610034,6.183805622,4.362618508,0.3056190832
0.9663697105,1.754993763,0.6167029477,0.4355239958,0.4799478827,0.7684398046,0.4799478827,0.961929712,0.8651847583,0.5654701943,0.5097022558,0.5361399162,5.65636656,6.23004271,4.411824509,0.2606558399
0.9707126949,1.759519029,0.615516763,0.4350374528,0.4816779054,0.7879203025,0.4816779054,0.9620081489,0.8749642257,0.5593090467,0.509681879,0.5333435093,5.694298372,6.2766565,4.462252603,0.2115236479
0.9750556793,1.764052599,0.6143345185,0.4345500561,0.4834024165,0.8079113664,0.4834024165,0.9620795225,0.8849954444,0.5531244609,0.5096633386,0.5305052609,5.732405767,6.32364442,4.513887299,0.1579195167
0.9793986637,1.768594453,0.6131561993,0.4340618309,0.4851214177,0.8284051544,0.4851214177,0.9621437021,0.8952744283,0.5469247325,0.509646668,0.527628076,5.77068904,6.371003221,4.566709498,0.09945620892
0.9837416481,1.77314457,0.6119817904,0.4335728021,0.4868349109,0.8493923044,0.4868349109,0.9622003756,0.90579634,0.5407181579,0.5096319481,0.5247150385,5.809148485,6.418728901,4.620696137,0.03563226573
0.9880846325,1.777702931,0.610811277,0.4330829941,0.4885428983,0.8708618038,0.4885428983,0.9622489976,0.9165554007,0.5345130239,0.5096193201,0.5217694201,5.847784395,6.466816626,4.675819786,-0.03420847462
0.9924276169,1.782269517,0.609644644,0.4325924312,0.4902453823,0.8928008489,0.4902453823,0.9622887184,0.9275447836,0.5283175991,0.5096090043,0.5187946908,5.886597061,6.515260619,4.73204819,-0.1109317346
0.9967706013,1.786844306,0.6084818767,0.4321011374,0.4919423656,0.9151946925,0.4919423656,0.9623182874,0.93875649,0.522140127,0.5096013253,0.5157945339,5.925586774,6.564054026,4.789343741,-0.1956874227
1.001113586,1.79142728,0.6073229603,0.4316091362,0.4936338511,0.9380264799,0.4936338511,0.9623359217,0.9501812008,0.5159888218,0.5095967459,0.5127728642,5.964753824,6.613188736,4.847662858,-0.2900115542
1.00545657,1.796018418,0.6061678799,0.4311164509,0.4953198421,0.9612770709,0.4953198421,0.9623391261,0.9618080985,0.5098718661,0.5095959137,0.5097338525,6.0040985,6.662655155,4.90695526,-0.3959659948
1.009799555,1.800617703,0.6050166209,0.4306231045,0.4970003419,0.9849248492,0.4970003419,0.9623244473,0.9736246482,0.503797411,0.5095997257,0.5066819574,6.043621089,6.712441898,4.967163089,-0.5163307572
1.014142539,1.805225113,0.6038691684,0.4301291197,0.4986753543,1.008945517,0.4986753543,0.9622871375,0.9856163271,0.4977735791,0.5096094149,0.5036219668,6.083321879,6.762535382,5.02821985,-0.6548694742
1.018485523,1.809840631,0.6027255078,0.4296345189,0.5003448831,1.033311874,0.5003448831,0.9622206929,0.9977662834,0.4918084691,0.5096266713,0.5005590535,6.123201155,6.812919284,5.090049106,-0.8166969037
1.022828508,1.814464236,0.6015856244,0.4291393242,0.5020089324,1.057993588,0.5020089324,0.9621162198,1.010054904,0.4859101632,0.5096538064,0.4974988485,6.163259201,6.8635738,5.152562845,-1.008788789
1.027171492,1.819095909,0.6004495036,0.4286435575,0.5036675066,1.082956946,0.5036675066,0.9619615614,1.022459254,0.4800867354,0.5096939816,0.4944475387,6.203496302,6.91447464,5.215659425,-1.240690257
1.031514477,1.823735633,0.5993171308,0.4281472403,0.5053206103,1.108164602,0.5053206103,0.9617400957,1.034952349,0.4743462627,0.5097515222,0.4914119982,6.24391274,6.965591658,5.279220932,-1.52550069
1.035857461,1.828383386,0.5981884915,0.4276503938,0.5069682483,1.133575315,0.5069682483,0.9614290754,1.047502195,0.4686968362,0.5098323526,0.4883999647,6.284508798,7.016886961,5.343109756,-1.881242325
1.040200445,1.833039152,0.5970635711,0.427153039,0.5086104256,1.15914369,0.5086104256,0.9609973363,1.060070513,0.4631465727,0.5099445988,0.4854202774,6.325284756,7.068312315,5.407164101,-2.332758508
1.04454343,1.83770291,0.5959423551,0.4266551966,0.5102471474,1.184819915,0.5102471474,0.9604021321,1.072611024,0.4577036272,0.5100994248,0.4824832004,6.366240894,7.11980554,5.471192033,-2.914336459
1.048886414,1.842374643,0.5948248292,0.4261568871,0.5118784192,1.210549528,0.5118784192,0.9595847658,1.085067147,0.4523762021,0.5103121934,0.4796008615,6.407377491,7.171285541,5.534963537,-3.673307138
1.053229399,1.847054331,0.5937109788,0.4256581306,0.5135042467,1.236273192,0.5135042467,0.9584645727,1.097368883,0.4471725563,0.5106040793,0.4767878499,6.448694826,7.222645398,5.598199864,-4.674933605
1.057572383,1.851741957,0.5926007897,0.4251589469,0.5151246356,1.261926523,0.5151246356,0.9569306643,1.109428594,0.4421010098,0.511004308,0.4740620294,6.490193175,7.273742811,5.660559186,-6.008937589
1.061915367,1.856437501,0.5914942474,0.4246593557,0.516739592,1.287439963,0.516739592,0.9548306692,1.121135316,0.4371699437,0.5115532592,0.4714456416,6.531872816,7.324386889,5.721617335,-7.797981097
1.066258352,1.861140945,0.5903913377,0.4241593763,0.5183491223,1.31273873,0.5183491223,0.9519555349,1.132347133,0.432387795,0.5123067519,0.4689667947,6.573734023,7.374319995,5.78084207,-10.20820821
1.070601336,1.865852272,0.5892920464,0.4236590279,0.5199532327,1.337742861,0.5199532327,0.9480193304,1.142881095,0.4277630431,0.5133419286,0.4666614504,6.61577707,7.423193009,5.837559157,-13.46134811
1.074944321,1.870571463,0.5881963591,0.4231583293,0.5215519301,1.362367365,0.5215519301,0.9426330584,1.152500212,0.4233041884,0.5147652541,0.4645760287,6.658002232,7.470532113,5.890908623,-17.84648939
1.079287305,1.8752985,0.5871042618,0.422657299,0.5231452212,1.386522523,0.5231452212,0.9352720031,1.160897263,0.4190197202,0.5167232298,0.4627707282,6.700409781,7.515695165,5.939790457,-23.72679105
1.08363029,1.880033364,0.5860157403,0.4221559554,0.5247331129,1.410114342,0.5247331129,0.9252376208,1.167675982,0.4149180735,0.519416403,0.4613235596,6.742999988,7.557816448,5.982801504,-31.53112641
1.087973274,1.884776038,0.5849307805,0.4216543167,0.5263156126,1.433045191,0.5263156126,0.9116182299,1.172331711,0.4110075734,0.5231170034,0.4603348536,6.785773126,7.595740755,6.018170774,-41.71195269
1.092316258,1.889526505,0.5838493682,0.4211524005,0.5278927276,1.455214641,0.5278927276,0.8932589516,1.174236796,0.4072963656,0.5281897646,0.4599315041,6.828729463,7.627952867,6.04371082,-54.63867664
1.096659243,1.894284746,0.5827714897,0.4206502245,0.5294644654,1.476520515,0.5294644654,0.8687615807,1.172641048,0.4037923344,0.5351137407,0.4602693118,6.87186927,7.652518441,6.056820049,-70.38481286
1.101002227,1.899050743,0.5816971307,0.4201478061,0.5310308338,1.496860159,0.5310308338,0.8365489336,1.166704546,0.4005030063,0.544499513,0.4615303927,6.915192814,7.667069167,6.054594184,-88.37189176
1.105345212,1.90382448,0.5806262774,0.4196451624,0.5325918407,1.516131919,0.5325918407,0.7950406564,1.155586288,0.3974354414,0.5570904461,0.4639109117,6.958700362,7.668888453,6.034126022,-106.8843594
1.109688196,1.908605938,0.579558916,0.4191423103,0.534147494,1.534236821,0.534147494,0.7429840436,1.138610432,0.3945961134,0.5737287175,0.4675933423,7.002392183,7.655176095,5.993066805,-122.6077879
1.11403118,1.9133951,0.5784950325,0.4186392664,0.5356978021,1.551080408,0.5356978021,0.6799394001,1.115509904,0.3919907804,0.5952595671,0.472699276,7.046268541,7.623568463,5.930448358,-130.5676468
1.118374165,1.918191949,0.5774346131,0.4181360471,0.5372427733,1.566574702,0.5372427733,0.6068156125,1.086695157,0.38962435,0.6223489442,0.4792266837,7.090329701,7.572924842,5.847590094,-125.0147152
1.122717149,1.922996468,0.5763776442,0.4176326687,0.5387824162,1.580640221,0.5387824162,0.5262164664,1.053428344,0.3875007419,0.6552150511,0.4869904534,7.134575928,7.504228242,5.748687328,-101.5774502
1.127060134,1.927808639,0.5753241119,0.417129147,0.5403167395,1.593207983,0.5403167395,0.4423053372,1.01775666,0.3856227524,0.6933344655,0.4955999005,7.179007485,7.421230147,5.640588142,-60.1054888
1.131403118,1.932628445,0.5742740025,0.4166254978,0.541845752,1.604221418,0.541845752,0.3600615459,0.9821414822,0.3839919267,0.7352608439,0.5045048545,7.223624634,7.330363273,5.531545143,-6.469351502
1.135746102,1.937455869,0.5732273025,0.4161217367,0.5433694627,1.613638087,0.5433694627,0.2841581832,0.9488981352,0.3826084433,0.7787202644,0.5131104504,7.268427638,7.239669639,5.429329052,48.55469932
1.140089087,1.942290895,0.5721839983,0.415617879,0.5448878808,1.621431135,0.5448878808,0.2179618171,0.9196964759,0.3814710166,0.8210438012,0.5209156825,7.313416757,7.157032462,5.339546978,93.40225886
1.144432071,1.947133504,0.5711440762,0.4151139397,0.5464010156,1.627590387,0.5464010156,0.1630737636,0.8953320752,0.3805768224,0.8597906954,0.527612028,7.358592252,7.088470421,5.264872223,120.4452661
1.148775056,1.951983682,0.5701075228,0.4146099338,0.5479088766,1.632123023,0.5479088766,0.1194771346,0.8758000788,0.3799214517,0.8932741626,0.5331058524,7.403954381,7.037215923,5.205293639,128.3224051
1.15311804,1.95684141,0.5690743247,0.4141058758,0.5494114732,1.635053777,0.5494114732,0.08604762906,0.8605507033,0.3794988962,0.9207699306,0.5374752745,7.449503404,7.003784909,5.158976659,120.8918588
1.157461024,1.961706673,0.5680444683,0.4136017802,0.5509088152,1.636424642,0.5509088152,0.06112318747,0.8487739149,0.3793015677,0.9423976517,0.5408990207,7.495239578,6.986720232,5.123222289,104.2906602
1.161804009,1.966579453,0.5670179404,0.4130976614,0.5524009125,1.636294073,0.5524009125,0.0429427825,0.8396184277,0.3793203536,0.9588253706,0.5435909887,7.541163161,6.983516891,5.095204443,84.2428626
1.166146993,1.971459735,0.5659947276,0.4125935333,0.5538877751,1.634735727,0.5538877751,0.02990463419,0.8323201805,0.3795447072,0.9709636861,0.545756146,7.587274408,6.99138144,5.072401927,64.71615787
1.170489978,1.976347501,0.5649748166,0.4120894098,0.555369413,1.63183679,0.555369413,0.02067617399,0.8262564819,0.3799627712,0.9797426701,0.5475682139,7.633573576,7.007705801,5.052779664,47.80281616
1.174832962,1.981242736,0.5639581942,0.4115853045,0.5568458365,1.627695966,0.5568458365,0.01421077082,0.8209533684,0.3805615311,0.9859883456,0.5491628821,7.680060918,7.030288028,5.03481204,34.20549503
1.179175947,1.986145423,0.5629448472,0.4110812309,0.558317056,1.622421224,0.558317056,0.009717790604,0.8160695074,0.3813269931,0.990375736,0.5506397172,7.726736691,7.057385351,5.017427033,23.81882129
1.183518931,1.991055546,0.5619347624,0.4105772023,0.5597830819,1.616127404,0.5597830819,0.006616018769,0.8113717116,0.3822443809,0.9934274652,0.5520678023,7.773601145,7.087678505,4.99992198,16.17372396
1.187861915,1.995973089,0.5609279268,0.4100732317,0.5612439248,1.608933784,0.5612439248,0.004486433953,0.8067101089,0.3832983444,0.9955336042,0.5534922261,7.820654535,7.120200861,4.981878152,10.70572967
1.1922049,2.000898036,0.5599243272,0.409569332,0.5626995955,1.600961702,0.5626995955,0.003031229834,0.8019964657,0.3844731737,0.9969779308,0.5549400451,7.867897112,7.154262098,4.963086001,6.88807256
1.196547884,2.005830371,0.5589239507,0.4090655158,0.5641501048,1.592332328,0.5641501048,0.002041011781,0.7971866701,0.3857530105,0.9979631455,0.5564252265,7.915329127,7.189380025,4.943484521,4.282238655
1.200890869,2.010770078,0.5579267844,0.4085617958,0.5655954637,1.583164648,0.5655954637,0.001369770465,0.7922672094,0.3871220523,0.9986321032,0.5579525166,7.962950831,7.225225009,4.923114232,2.545783911
1.205233853,2.015717141,0.5569328152,0.4080581841,0.5670356831,1.573573707,0.5670356831,0.0009163717094,0.7872450396,0.3885647406,0.9990844673,0.5595203667,8.010762474,7.261577004,4.902081771,1.421693346
1.209576837,2.020671545,0.5559420303,0.407554693,0.5684707743,1.563669157,0.5684707743,0.0006111512546,0.7821401542,0.3900659323,0.999389222,0.5611230955,8.058764305,7.298293443,4.880533806,0.7220783547
1.213919822,2.025633274,0.5549544169,0.4070513344,0.5699007485,1.553554111,0.5699007485,0.0004063502282,0.7769802304,0.3916110475,0.9995938148,0.5627524622,8.106956571,7.335285747,4.858638169,0.3120952346
1.218262806,2.030602312,0.5539699622,0.4065481201,0.5713256171,1.543324305,0.5713256171,0.000269365398,0.7717968351,0.3931861926,0.9997307071,0.5643987957,8.155339522,7.372502443,4.836570463,0.09629556281
1.222605791,2.035578645,0.5529886534,0.4060450616,0.5727453915,1.533067557,0.5727453915,0.000178025664,0.7666227912,0.394778259,0.999822006,0.5660517938,8.203913403,7.409917146,4.814504798,0.007872180317
1.226948775,2.040562255,0.552010478,0.4055421705,0.5741600834,1.522863483,0.5741600834,0.0001173085617,0.7614903956,0.3963749949,0.9998827052,0.56770108,8.252678461,7.447520107,4.792607584,0.0005412614697
1.231291759,2.045553129,0.5510354232,0.405039458,0.5755697044,1.512783451,0.5755697044,7.707041008e-05,0.7564302606,0.3979650533,0.9999229355,0.5693365814,8.301634942,7.485312313,4.77103359,0.04257452007
1.235634744,2.050551251,0.5500634764,0.4045369352,0.5769742662,1.502890729,0.5769742662,5.048467582e-05,0.7514706069,0.3995380175,0.9999495179,0.5709487765,8.350783091,7.523301408,4.74992367,0.1124865715
1.239977728,2.055556605,0.5490946251,0.404034613,0.5783737807,1.493240789,0.5783737807,3.297216622e-05,0.7466368806,0.4010844056,0.9999670289,0.5725288473,8.400123153,7.561498906,4.729403694,0.1959535966
1.244320713,2.060569177,0.5481288568,0.4035325021,0.5797682599,1.483881731,0.5797682599,2.147102492e-05,0.7419516009,0.4025956581,0.9999785294,0.5740687626,8.44965537,7.599918309,4.709584339,0.2836285502
1.248663697,2.065588951,0.547166159,0.4030306132,0.5811577157,1.474854792,0.5811577157,1.394043667e-05,0.7374343662,0.4040641105,0.9999860598,0.5755613101,8.499379986,7.638573864,4.69056148,0.3696001574
1.253006682,2.070615913,0.5462065194,0.4025289568,0.5825421603,1.466194913,0.5825421603,9.024411624e-06,0.7331019688,0.4054829546,0.9999909757,0.5770000946,8.549297244,7.677479759,4.672416983,0.4503100248
1.257349666,2.075650047,0.5452499255,0.4020275431,0.5839216059,1.457931331,0.5839216059,5.82479622e-06,0.7289685777,0.4068461912,0.9999941752,0.5783795107,8.599407385,7.716649629,4.655219754,0.5237938379
1.26169265,2.080691338,0.544296365,0.4015263821,0.5852960647,1.450088175,0.5852960647,3.748540127e-06,0.725045962,0.4081485761,0.9999962515,0.5796946992,8.64971065,7.75609627,4.639026917,0.5891510128
1.266035635,2.085739773,0.5433458257,0.401025484,0.5866655492,1.442685063,0.5866655492,2.405267348e-06,0.721343734,0.4093855631,0.9999975947,0.5809414937,8.70020728,7.795831496,4.623885068,0.6461750693
1.270378619,2.090795335,0.5423982954,0.4005248585,0.5880300717,1.435737655,0.5880300717,1.538807965e-06,0.7178695969,0.4105532457,0.9999984612,0.5821163619,8.750897515,7.835866094,4.60983151,0.6950969809
1.274721604,2.095858012,0.5414537619,0.4000245152,0.5893896447,1.429258192,0.5893896447,9.815794307e-07,0.7146295868,0.411648298,0.9999990184,0.5832163446,8.801781594,7.876209829,4.596895456,0.7364079376
1.279064588,2.100927787,0.540512213,0.3995244638,0.5907442809,1.42325598,0.5907442809,6.242901387e-07,0.711628302,0.412667918,0.9999993757,0.5842389956,8.852859756,7.916871502,4.585099153,0.7707379448
1.283407572,2.106004646,0.5395736366,0.3990247135,0.5920939929,1.417737835,0.5920939929,3.958836216e-07,0.7088691153,0.4136097743,0.9999996041,0.5851823238,8.904132239,7.957859015,4.574458918,0.7987736972
1.287750557,2.111088575,0.5386380208,0.3985252735,0.5934387933,1.412708481,0.5934387933,2.503044949e-07,0.7063543656,0.4144719546,0.9999997497,0.5860447397,8.95559928,7.999179457,4.564986072,0.8212040758
1.292093541,2.11617956,0.5377053536,0.398026153,0.5947786951,1.408170901,0.5947786951,1.577937618e-07,0.7040855294,0.4152529206,0.9999998422,0.5868250054,9.007261116,8.040839184,4.556687773,0.8386850535
1.296436526,2.121277586,0.5367756229,0.3975273609,0.5961137111,1.404126641,0.5961137111,9.918159468e-08,0.7020633703,0.4159514656,0.9999999008,0.5875221907,9.059117984,8.0828439,4.549567736,0.8518182054
1.30077951,2.12638264,0.535848817,0.3970289059,0.5974438542,1.400576073,0.5974438542,6.215734054e-08,0.7002880677,0.4165666779,0.9999999378,0.5881356336,9.111170118,8.125198733,4.543626859,0.8611387081
1.305122494,2.131494706,0.5349249239,0.3965307968,0.5987691373,1.397518614,0.5987691373,3.88395193e-08,0.6987593262,0.4170979088,0.9999999612,0.5886649065,9.163417756,8.167908304,4.538863752,0.8671099028
1.309465479,2.136613771,0.5340039318,0.396033042,0.6000895736,1.394952908,0.6000895736,2.419777053e-08,0.697476466,0.4175447445,0.9999999758,0.5891097874,9.21586113,8.210976778,4.535275169,0.8701223419
1.313808463,2.14173982,0.5330858291,0.39553565,0.601405176,1.392876978,0.601405176,1.503131406e-08,0.6964384966,0.4179069836,0.999999985,0.5894702354,9.268500475,8.254407917,4.53285637,0.8704958324
1.318151448,2.14687284,0.5321706039,0.3950386289,0.6027159579,1.39128834,0.6027159579,9.309763139e-09,0.6956441748,0.4181846175,0.9999999907,0.5897463718,9.321336024,8.298205121,4.531601393,0.8684834196
1.322494432,2.152012817,0.5312582447,0.3945419868,0.6040219324,1.390184092,0.6040219324,5.749107147e-09,0.6950920488,0.4183778159,0.9999999943,0.5899384642,9.374368011,8.342371449,4.531503277,0.8642765576
1.326837416,2.157159737,0.5303487398,0.3940457319,0.6053231128,1.389560977,0.6053231128,3.53982883e-09,0.6947804902,0.4184869144,0.9999999965,0.5900469151,9.427596666,8.386909647,4.532554205,0.8580109353
1.331180401,2.162313587,0.5294420777,0.3935498718,0.6066195123,1.389415428,0.6066195123,2.173122506e-09,0.6947077149,0.4185124062,0.9999999978,0.5900722533,9.481022224,8.431822157,4.534745613,0.8497725852
1.335523385,2.167474351,0.5285382467,0.3930544144,0.6079111445,1.389743586,0.6079111445,1.330167234e-09,0.6948717938,0.4184549362,0.9999999987,0.590015129,9.534644913,8.477111125,4.538068238,0.8396040137
1.33986637,2.172642018,0.5276372356,0.3925593672,0.6091980226,1.390541312,0.6091980226,8.11798734e-10,0.6952706563,0.4183152975,0.9999999992,0.5898763105,9.588464966,8.522778392,4.542512134,0.8275101804
1.344209354,2.177816573,0.5267390327,0.3920647377,0.6104801602,1.39180417,0.6104801602,4.939813833e-10,0.6959020854,0.4180944295,0.9999999995,0.589656684,9.642482611,8.568825496,4.548066654,0.8134642083
1.348552339,2.182998002,0.5258436268,0.3915705332,0.6117575708,1.393527414,0.6117575708,2.997042366e-10,0.6967637073,0.4177934182,0.9999999997,0.5893572544,9.69669808,8.615253649,4.554720393,0.7974127503
1.352895323,2.188186293,0.5249510065,0.3910767611,0.613030268,1.39570595,0.613030268,1.812989422e-10,0.6978529753,0.4174134976,0.9999999998,0.5889791487,9.7511116,8.662063728,4.562461112,0.7792809711
1.357238307,2.193381431,0.5240611605,0.3905834283,0.6142982653,1.398334298,0.6142982653,1.093497377e-10,0.6991671489,0.4169560519,0.9999999999,0.5885236191,9.805723401,8.709256244,4.571275643,0.7589771191
1.361581292,2.198583404,0.5231740776,0.3900905419,0.6155615764,1.40140654,0.6155615764,6.575977357e-11,0.70070327,0.4164226187,0.9999999999,0.5879920487,9.86053371,8.756831325,4.581149768,0.7363966824
1.365924276,2.203792199,0.5222897466,0.3895981088,0.616820215,1.40491627,0.616820215,3.942965343e-11,0.7024581349,0.4158148924,1,0.5873859565,9.915542755,8.804788682,4.592068086,0.7114261276
1.370267261,2.209007801,0.5214081563,0.3891061357,0.6180741948,1.408856528,0.6180741948,2.357250291e-11,0.704428264,0.4151347282,1,0.5867070038,9.970750762,8.853127581,4.604013868,0.6839462325
1.374610245,2.214230199,0.5205292956,0.3886146293,0.6193235295,1.413219739,0.6193235295,1.405104172e-11,0.7066098695,0.4143841457,1,0.5859570004,10.02615796,8.90184681,4.6169689,0.6538350199
1.378953229,2.219459378,0.5196531535,0.388123596,0.620568233,1.417997641,0.620568233,8.350864479e-12,0.7089988207,0.4135653331,1,0.5851379111,10.08176457,8.950944645,4.63091332,0.6209703092
1.383296214,2.224695326,0.5187797189,0.3876330424,0.6218083192,1.423181218,0.6218083192,4.948509808e-12,0.711590609,0.41268065,1,0.5842518618,10.13757083,9.000418815,4.645825442,0.585231899
1.387639198,2.229938029,0.5179089809,0.3871429746,0.6230438017,1.42876062,0.6230438017,2.923731737e-12,0.7143803102,0.4117326309,1,0.5833011462,10.19357694,9.050266469,4.661681582,0.546503396
1.391982183,2.235187476,0.5170409286,0.386653399,0.6242746946,1.434725095,0.6242746946,1.722347168e-12,0.7173625475,0.4107239877,1,0.5822882311,10.24978315,9.100484137,4.678455876,0.5046737077
1.396325167,2.240443653,0.5161755511,0.3861643216,0.6255010118,1.441062906,0.6255010118,1.011635254e-12,0.7205314528,0.4096576117,1,0.5812157624,10.30618968,9.151067697,4.696120091,0.4596382136
1.400668151,2.245706547,0.5153128375,0.3856757484,0.6267227672,1.447761256,0.6267227672,5.924439961e-13,0.7238806278,0.4085365751,1,0.5800865697,10.36279674,9.202012336,4.714643446,0.4112996324
1.405011136,2.250976145,0.514452777,0.3851876853,0.6279399748,1.454806211,0.6279399748,3.459319989e-13,0.7274031053,0.4073641315,1,0.5789036716,10.41960456,9.253312521,4.733992418,0.359568606
1.40935412,2.256252436,0.513595359,0.384700138,0.6291526485,1.46218262,0.6291526485,2.013975841e-13,0.7310913098,0.4061437166,1,0.577670279,10.47661337,9.304961957,4.754130554,0.3043640155
1.413697105,2.261535406,0.5127405728,0.3842131123,0.6303608025,1.469874037,0.6303608025,1.16906286e-13,0.7349370186,0.4048789473,1,0.5763897993,10.53382338,9.356953559,4.775018284,0.2456130542
1.418040089,2.266825042,0.5118884076,0.3837266137,0.6315644508,1.477862645,0.6315644508,6.766148993e-14,0.7389313223,0.4035736211,1,0.5750658391,10.59123482,9.409279414,4.796612736,0.1832510803
1.422383073,2.272121333,0.5110388529,0.3832406477,0.6327636075,1.486129173,0.6327636075,3.904499187e-14,0.7430645867,0.4022317146,1,0.5737022068,10.64884791,9.461930753,4.818867541,0.117221273
1.426726058,2.277424265,0.5101918981,0.3827552196,0.6339582866,1.494652828,0.6339582866,2.24651438e-14,0.7473264142,0.4008573813,1,0.5723029148,10.70666287,9.514897916,4.84173266,0.0474741235
1.431069042,2.282733827,0.5093475327,0.3822703348,0.6351485022,1.503411212,0.6351485022,1.288763286e-14,0.7517056061,0.3994549498,1,0.5708721811,10.76467991,9.568170323,4.865154192,-0.02603321056
1.435412027,2.288050006,0.5085057462,0.3817859985,0.6363342686,1.512380251,0.6363342686,7.371522483e-15,0.7561901253,0.3980289209,1,0.5694144305,10.82289927,9.621736441,4.8890742,-0.1033376506
1.439755011,2.29337279,0.5076665283,0.3813022157,0.6375155998,1.521534121,0.6375155998,4.203986567e-15,0.7607670603,0.3965839652,1,0.5679342956,10.88132115,9.675583758,4.913430539,-0.1844710075
1.444097996,2.298702166,0.5068298685,0.3808189914,0.63869251,1.530845179,0.63869251,2.390482293e-15,0.7654225897,0.3951249204,1,0.5664366174,10.93994579,9.729698751,4.938156678,-0.2694608151
1.44844098,2.304038123,0.5059957565,0.3803363305,0.6398650134,1.540283897,0.6398650134,1.355282495e-15,0.7701419484,0.3936567882,1,0.5649264461,10.99877338,9.784066858,4.963181545,-0.3583311437
1.452783964,2.309380649,0.505164182,0.379854238,0.6410331243,1.54981879,0.6410331243,7.661154359e-16,0.7749093951,0.3921847324,1,0.5634090409,11.05780417,9.83867245,4.988429366,-0.4511033481
1.457126949,2.314729731,0.5043351347,0.3793727184,0.6421968567,1.559416363,0.6421968567,4.317960675e-16,0.7797081816,0.3907140762,1,0.5618898707,11.11703835,9.893498804,5.013819517,-0.5477967021
1.461469933,2.320085357,0.5035086045,0.3788917764,0.6433562249,1.569041049,0.6433562249,2.426516445e-16,0.7845205244,0.3892503004,1,0.560374614,11.17647616,9.948528074,5.039266392,-0.6484288668
1.465812918,2.325447515,0.5026845812,0.3784114166,0.6445112432,1.578655159,0.6445112432,1.359589748e-16,0.7893275794,0.3877990419,1,0.5588691593,11.2361178,10.00374126,5.064679275,-0.7530161421
1.470155902,2.330816194,0.5018630546,0.3779316434,0.6456619258,1.588218838,0.6456619258,7.595434265e-17,0.7941094192,0.3863660928,1,0.5573796053,11.29596349,10.05911819,5.089962234,-0.8615734465
1.474498886,2.336191382,0.5010440148,0.3774524612,0.6468082869,1.59769003,0.6468082869,4.230750592e-17,0.798845015,0.3849574,1,0.5559122613,11.35601345,10.11463749,5.115014032,-0.9741139705
1.478841871,2.341573067,0.5002274516,0.3769738744,0.6479503409,1.607024445,0.6479503409,2.349645396e-17,0.8035122227,0.3835790653,1,0.5544736473,11.41626789,10.17027654,5.139728066,-1.090648447
1.483184855,2.346961237,0.4994133551,0.376495887,0.6490881019,1.616175551,0.6490881019,1.301089915e-17,0.8080877754,0.3822373463,1,0.5530704945,11.47672704,10.22601149,5.163992319,-1.211183988
1.48752784,2.352355881,0.4986017154,0.3760185033,0.6502215842,1.625094563,0.6502215842,7.183438586e-18,0.8125472815,0.380938658,1,0.5517097458,11.53739109,10.28181718,5.187689365,-1.335722429
1.491870824,2.357756987,0.4977925225,0.3755417274,0.6513508022,1.633730464,0.6513508022,3.954372176e-18,0.8168652318,0.3796895749,1,0.550398556,11.59826028,10.33766716,5.210696391,-1.464258133
1.496213808,2.363164543,0.4969857666,0.3750655631,0.65247577,1.642030029,0.65247577,2.170415019e-18,0.8210150145,0.3784968335,1,0.5491442915,11.65933481,10.39353365,5.232885278,-1.596775209
1.500556793,2.368578538,0.4961814379,0.3745900143,0.653596502,1.649937885,0.653596502,1.187758416e-18,0.8249689423,0.377367336,1,0.5479545305,11.72061489,10.44938753,5.254122726,-1.733244102
1.504899777,2.373998961,0.4953795266,0.3741150849,0.6547130125,1.65739658,0.6547130125,6.480873322e-19,0.8286982902,0.3763081534,1,0.5468370618,11.78210074,10.50519833,5.274270438,-1.873617512
1.509242762,2.379425799,0.494580023,0.3736407786,0.6558253157,1.664346696,0.6558253157,3.525811052e-19,0.8321733482,0.3753265299,1,0.5457998835,11.84379257,10.56093418,5.293185377,-2.01782563
1.513585746,2.384859043,0.4937829174,0.3731670991,0.6569334259,1.67072698,0.6569334259,1.912514e-19,0.8353634898,0.3744298866,1,0.5448512001,11.9056906,10.61656186,5.310720086,-2.165770667
1.517928731,2.39029868,0.4929882002,0.37269405,0.6580373574,1.676474514,0.6580373574,1.034356617e-19,0.838237257,0.3736258256,1,0.5439994191,11.96779503,10.67204678,5.326723111,-2.317320676
1.522271715,2.3957447,0.4921958617,0.3722216347,0.6591371245,1.681524934,0.6591371245,5.577711624e-20,0.8407624668,0.3729221338,1,0.5432531454,12.03010608,10.72735296,5.341039503,-2.472302692
1.526614699,2.40119709,0.4914058924,0.3717498567,0.6602327414,1.685812675,0.6602327414,2.998899437e-20,0.8429063375,0.3723267856,1,0.5426211738,12.09262396,10.78244312,5.35351143,-2.630495225
1.530957684,2.40665584,0.4906182829,0.3712787194,0.6613242225,1.689271279,0.6613242225,1.607636413e-20,0.8446356395,0.3718479455,1,0.5421124793,12.15534887,10.83727863,5.363978904,-2.79162016
1.535300668,2.41212094,0.4898330235,0.3708082261,0.6624115819,1.691833742,0.6624115819,8.592783147e-21,0.8459168708,0.3714939688,1,0.5417362048,12.21828104,10.89181963,5.372280625,-2.955334188
1.539643653,2.417592377,0.4890501049,0.3703383799,0.6634948341,1.693432919,0.6634948341,4.579309059e-21,0.8467164594,0.371273401,1,0.5415016447,12.28142067,10.94602506,5.378254957,-3.121219857
1.543986637,2.42307014,0.4882695177,0.3698691841,0.6645739931,1.694001986,0.6645739931,2.433246707e-21,0.847000993,0.3711949751,1,0.5414182254,12.34476796,10.99985276,5.38174103,-3.288776446
1.548329621,2.42855422,0.4874912526,0.3694006418,0.6656490734,1.693474956,0.6656490734,1.289117249e-21,0.846737478,0.3712676065,1,0.5414954816,12.40832314,11.05325955,5.382579994,-3.457410849
1.552672606,2.434044605,0.4867153002,0.3689327559,0.666720089,1.691787252,0.666720089,6.809555758e-22,0.8458936258,0.3715003849,1,0.5417430268,12.4720864,11.10620137,5.380616392,-3.626428739
1.55701559,2.439541284,0.4859416513,0.3684655294,0.6677870544,1.688876336,0.6677870544,3.586453687e-22,0.8444381682,0.3719025626,1,0.5421705196,12.53605796,11.15863348,5.375699679,-3.795026304
1.561358575,2.445044246,0.4851702967,0.3679989652,0.6688499836,1.684682396,0.6688499836,1.883353136e-22,0.8423411979,0.372483539,1,0.5427876232,12.60023803,11.21051057,5.367685867,-3.962282935
1.565701559,2.450553481,0.4844012271,0.3675330662,0.6699088909,1.679149068,0.6699088909,9.8609414e-23,0.839574534,0.3732528406,1,0.5436039592,12.6646268,11.26178704,5.356439279,-4.127155238
1.570044543,2.456068978,0.4836344334,0.3670678351,0.6709637905,1.672224214,0.6709637905,5.147840497e-23,0.8361121069,0.3742200953,1,0.5446290541,12.7292245,11.31241722,5.341834406,-4.288472857
1.574387528,2.461590726,0.4828699066,0.3666032745,0.6720146966,1.663860719,0.6720146966,2.679488343e-23,0.8319303594,0.3753950021,1,0.5458722789,12.79403133,11.36235565,5.323757836,-4.444936569
1.578730512,2.467118715,0.4821076376,0.3661393872,0.6730616234,1.654017313,0.6730616234,1.390588866e-23,0.8270086564,0.3767872934,1,0.5473427816,12.85904749,11.41155743,5.302110229,-4.59511918
1.583073497,2.472652934,0.4813476173,0.3656761756,0.6741045851,1.642659396,0.6741045851,7.195578399e-24,0.821329698,0.3784066919,1,0.5490494121,12.92427319,11.45997856,5.276808306,-4.737469755
1.587416481,2.478193372,0.4805898367,0.3652136424,0.6751435958,1.629759851,0.6751435958,3.712382842e-24,0.8148799257,0.3802628592,1,0.5510006397,12.98970864,11.50757632,5.247786804,-4.87032169
1.591759465,2.48374002,0.479834287,0.36475179,0.6761786697,1.615299826,0.6761786697,1.909676879e-24,0.8076499132,0.3823653372,1,0.5532044632,13.05535405,11.55430971,5.215000359,-4.991905116
1.59610245,2.489292867,0.4790809592,0.3642906207,0.6772098208,1.599269463,0.6772098208,9.794609117e-25,0.7996347316,0.3847234826,1,0.5556683156,13.12120961,11.60013991,5.178425264,-5.100364059
1.600445434,2.494851902,0.4783298445,0.3638301369,0.6782370634,1.581668555,0.6782370634,5.008808336e-25,0.7908342773,0.387346392,1,0.5583989611,13.18727554,11.64503076,5.138061047,-5.193778668
1.604788419,2.500417115,0.477580934,0.363370341,0.6792604115,1.562507105,0.6792604115,2.553887745e-25,0.7812535526,0.3902428204,1,0.5614023891,13.25355204,11.68894925,5.093931824,-5.270192691
1.609131403,2.505988496,0.476834219,0.362911235,0.6802798792,1.541805773,0.6802798792,1.29834252e-25,0.7709028865,0.3934210909,1,0.5646837032,13.32003931,11.73186609,5.046087362,-5.327646201
1.613474388,2.511566034,0.4760896906,0.3624528212,0.6812954806,1.519596174,0.6812954806,6.581075034e-26,0.7597980869,0.3968889977,1,0.5682470094,13.38673756,11.77375616,4.994603811,-5.364213371
1.617817372,2.51714972,0.4753473404,0.3619951017,0.6823072296,1.495921027,0.6823072296,3.326017196e-26,0.7479605137,0.4006537022,1,0.5720953032,13.45364699,11.8145991,4.939584057,-5.378044806
1.622160356,2.522739543,0.4746071594,0.3615380786,0.6833151405,1.470834132,0.6833151405,1.67599309e-26,0.7354170658,0.404721623,1,0.5762303597,13.52076781,11.85437982,4.881157658,-5.367413725
1.626503341,2.528335494,0.4738691392,0.3610817538,0.684319227,1.444400152,0.684319227,8.420541938e-27,0.722200076,0.4090983218,1,0.580652628,13.58810022,11.89308893,4.819480339,-5.33076494
1.630846325,2.533937561,0.4731332712,0.3606261294,0.6853195034,1.416694223,0.6853195034,4.218207585e-27,0.7083471113,0.4137883853,1,0.5853611326,13.65564442,11.93072324,4.75473303,-5.266765319
1.63518931,2.539545736,0.4723995467,0.3601712071,0.6863159834,1.387801355,0.6863159834,2.106861268e-27,0.6939006776,0.4187953063,1,0.5903533857,13.72340061,11.96728616,4.687120446,-5.174354154
1.639532294,2.545160008,0.4716679573,0.3597169889,0.6873086811,1.357815665,0.6873086811,1.049213853e-27,0.6789078325,0.4241213658,1,0.5956253111,13.791369,12.00278799,4.616869216,-5.052791607
1.643875278,2.550780367,0.4709384946,0.3592634766,0.6882976104,1.326839421,0.6882976104,5.209693559e-28,0.6634197105,0.4297675168,1,0.6011711859,13.85954979,12.03724622,4.544225607,-4.90170325
1.648218263,2.556406804,0.47021115,0.3588106719,0.6892827853,1.294981945,0.6892827853,2.579172719e-28,0.6474909723,0.4357332755,1,0.6069835992,13.92794319,12.07068565,4.469452861,-4.721118655
1.652561247,2.562039308,0.4694859152,0.3583585766,0.6902642195,1.262358372,0.6902642195,1.273118299e-28,0.631179186,0.4420166196,1,0.6130534331,13.99654939,12.10313851,4.392828224,-4.51150196
1.656904232,2.56767787,0.4687627819,0.3579071921,0.691241927,1.229088315,0.691241927,6.265809403e-29,0.6145441577,0.4486138988,1,0.6193698669,14.06536859,12.13464439,4.314639717,-4.273772549
1.661247216,2.57332248,0.4680417416,0.3574565203,0.6922159217,1.195294451,0.6922159217,3.074720799e-29,0.5976472253,0.4555197594,1,0.6259204061,14.13440099,12.16525005,4.235182739,-4.009314166
1.6655902,2.578973129,0.4673227863,0.3570065626,0.6931862172,1.161101066,0.6931862172,1.504368658e-29,0.5805505328,0.4627270866,1,0.6326909385,14.2036468,12.19500923,4.15475657,-3.719971235
1.669933185,2.584629806,0.4666059074,0.3565573205,0.6941528275,1.126632605,0.6941528275,7.338764539e-30,0.5633163027,0.470226967,1,0.639665817,14.27310622,12.22398219,4.073660866,-3.408031592
1.674276169,2.590292503,0.465891097,0.3561087955,0.6951157663,1.092012248,0.6951157663,3.56953559e-30,0.5460061238,0.4780086738,1,0.6468279683,14.34277945,12.25223521,3.992192234,-3.07619545
1.678619154,2.595961208,0.4651783468,0.355660989,0.6960750474,1.05736054,0.6960750474,1.731093657e-30,0.5286802702,0.4860596771,1,0.6541590282,14.41266668,12.27984004,3.910640949,-2.727531018
1.682962138,2.601635914,0.4644676487,0.3552139024,0.6970306844,1.022794133,0.6970306844,8.37046335e-31,0.5113970666,0.4943656814,1,0.6616395004,14.48276812,12.30687314,3.829287899,-2.365417859
1.687305122,2.607316611,0.4637589946,0.3547675371,0.6979826911,0.9884246249,0.6979826911,4.035510849e-31,0.4942123124,0.50291069,1,0.6692489358,14.55308396,12.33341489,3.748401812,-1.993479665
1.691648107,2.613003288,0.4630523764,0.3543218942,0.6989310811,0.9543575503,0.6989310811,1.939847658e-31,0.4771787752,0.5116770981,1,0.6769661309,14.6236144,12.35954881,3.668236814,-1.615508693
1.695991091,2.618695938,0.4623477861,0.3538769751,0.6998758681,0.9206915198,0.6998758681,9.297299392e-32,0.4603457599,0.5206458141,1,0.6847693385,14.69435965,12.38536058,3.589030359,-1.235384528
1.700334076,2.624394549,0.4616452158,0.353432781,0.7008170657,0.8875175208,0.7008170657,4.44289545e-32,0.4437587604,0.5297964066,1,0.6926364899,14.7653199,12.41093717,3.511001549,-0.8569901224
1.70467706,2.630099114,0.4609446574,0.352989313,0.7017546875,0.8549183876,0.7017546875,2.116876182e-32,0.4274591938,0.5391072765,1,0.7005454197,14.83649535,12.43636587,3.434349852,-0.4841282137
1.709020045,2.635809622,0.4602461031,0.3525465722,0.702688747,0.8229684349,0.702688747,1.005645478e-32,0.4114842174,0.5485558504,1,0.7084740925,14.90788619,12.46173342,3.359254226,-0.1204411543
1.713363029,2.641526064,0.4595495449,0.3521045597,0.7036192578,0.7917332529,0.7036192578,4.763371345e-33,0.3958666264,0.5581187927,1,0.716400823,14.97949263,12.4871251,3.285872621,0.2306630134
1.717706013,2.647248432,0.4588549752,0.3516632765,0.7045462335,0.7612696512,0.7045462335,2.249593559e-33,0.3806348256,0.5677722314,1,0.7243044877,15.05131486,12.51262388,3.214341846,0.5660757617
1.722048998,2.652976716,0.4581623859,0.3512227237,0.7054696873,0.7316257415,0.7054696873,1.059287301e-33,0.3658128708,0.5774919927,1,0.7321647214,15.12335308,12.5383097,3.144777767,0.8830425729
1.726391982,2.658710907,0.4574717694,0.3507829023,0.7063896329,0.7028411414,0.7063896329,4.973287403e-34,0.3514205707,0.5872538405,1,0.7399620974,15.19560749,12.56425875,3.0772758,1.179205297
1.730734967,2.664450996,0.456783118,0.350343813,0.7073060837,0.6749472847,0.7073060837,2.328056065e-34,0.3374736424,0.5970337151,1,0.7476782856,15.26807828,12.59054289,3.011911655,1.452631551
1.735077951,2.670196974,0.4560964238,0.3499054568,0.7082190529,0.6479678199,0.7082190529,1.086584231e-34,0.32398391,0.6068079655,1,0.7552961879,15.34076565,12.61722915,2.948742298,1.70183095
1.739420935,2.675948832,0.4554116794,0.3494678346,0.7091285541,0.6219190792,0.7091285541,5.05654e-35,0.3109595396,0.6165535709,1,0.7628000482,15.41366979,12.64437936,2.887807079,1.925758532
1.74376392,2.68170656,0.454728877,0.3490309472,0.7100346004,0.5968106016,0.7100346004,2.346192174e-35,0.2984053008,0.6262483472,1,0.7701755372,15.4867909,12.67204982,2.82912899,2.123806237
1.748106904,2.68747015,0.454048009,0.3485947953,0.7109372053,0.5726456936,0.7109372053,1.085409959e-35,0.2863228468,0.6358711336,1,0.7774098101,15.56012918,12.70029114,2.77271602,2.295783718
1.752449889,2.693239594,0.4533690679,0.3481593797,0.711836382,0.5494220129,0.711836382,5.006613988e-36,0.2747110065,0.6454019574,1,0.7844915396,15.63368482,12.72914814,2.718562555,2.441890066
1.756792873,2.699014881,0.4526920462,0.347724701,0.7127321436,0.5271321621,0.7127321436,2.302578792e-36,0.2635660811,0.6548221724,1,0.7914109242,15.70745801,12.75865986,2.66665081,2.56267822
1.761135857,2.704796004,0.4520169363,0.34729076,0.7136245035,0.5057642801,0.7136245035,1.055856695e-36,0.2528821401,0.6641145717,1,0.7981596736,15.78144896,12.78885963,2.616952252,2.659013916
1.765478842,2.710582954,0.4513437309,0.3468575573,0.7145134747,0.4853026224,0.7145134747,4.827425068e-37,0.2426513112,0.6732634716,1,0.804730974,15.85565785,12.81977522,2.569428998,2.732031029
1.769821826,2.716375721,0.4506724224,0.3464250935,0.7153990705,0.4657281214,0.7153990705,2.20062575e-37,0.2328640607,0.6822547684,1,0.8111194347,15.93008489,12.85142911,2.524035165,2.783085029
1.774164811,2.722174298,0.4500030035,0.3459933691,0.7162813039,0.4470189207,0.7162813039,1.000223204e-37,0.2235094604,0.6910759671,1,0.8173210199,16.00473025,12.88383869,2.480718154,2.813706164
1.778507795,2.727978675,0.4493354669,0.3455623847,0.717160188,0.4291508783,0.717160188,4.532812408e-38,0.2145754391,0.6997161848,1,0.823332967,16.07959415,12.91701665,2.439419862,2.825553723
1.78285078,2.733788844,0.4486698051,0.3451321408,0.7180357359,0.4120980348,0.7180357359,2.048135345e-38,0.2060490174,0.7081661297,1,0.8291536957,16.15467676,12.95097127,2.400077812,2.820372517
1.787193764,2.739604796,0.448006011,0.3447026379,0.7189079606,0.3958330451,0.7189079606,9.227193846e-39,0.1979165226,0.7164180584,1,0.8347827091,16.22997829,12.98570687,2.362626191,2.799952502
1.791536748,2.745426523,0.4473440773,0.3442738763,0.7197768749,0.3803275714,0.7197768749,4.144772733e-39,0.1901637857,0.7244657143,1,0.8402204907,16.30549893,13.0212241,2.326996792,2.766092167
1.795879733,2.751254016,0.4466839967,0.3438458566,0.720642492,0.3655526371,0.720642492,1.856315905e-39,0.1827763186,0.7323042502,1,0.8454683986,16.38123887,13.05752042,2.293119874,2.720566151
1.800222717,2.757087267,0.4460257621,0.343418579,0.7215048246,0.3514789433,0.7215048246,8.289400733e-40,0.1757394717,0.7399301372,1,0.8505285602,16.4571983,13.09459045,2.260924918,2.665097318
1.804565702,2.762926267,0.4453693663,0.342992044,0.7223638857,0.3380771465,0.7223638857,3.690748656e-40,0.1690385733,0.7473410652,1,0.8554037676,16.53337742,13.13242635,2.230341298,2.601333357
1.808908686,2.768771008,0.4447148021,0.3425662518,0.723219688,0.3253181008,0.723219688,1.638422453e-40,0.1626590504,0.7545358351,1,0.8600973773,16.60977642,13.17101822,2.201298864,2.530827838
1.81325167,2.774621481,0.4440620626,0.3421412028,0.7240722445,0.3131730657,0.7240722445,7.251993357e-41,0.1565865329,0.7615142483,1,0.8646132145,16.68639549,13.2103544,2.17372844,2.455025551
1.817594655,2.780477679,0.4434111405,0.3417168972,0.7249215679,0.3016138809,0.7249215679,3.200434843e-41,0.1508069405,0.7682769942,1,0.8689554823,16.76323482,13.25042187,2.147562249,2.375251858
1.821937639,2.786339592,0.442762029,0.3412933351,0.7257676708,0.2906131112,0.7257676708,1.408252944e-41,0.1453065556,0.7748255394,1,0.873128679,16.8402946,13.29120648,2.122734261,2.292705743
1.826280624,2.792207213,0.442114721,0.340870517,0.726610566,0.2801441631,0.726610566,6.178348925e-42,0.1400720816,0.7811620197,1,0.8771375215,16.91757503,13.33269327,2.099180469,2.208456214
1.830623608,2.798080533,0.4414692095,0.3404484428,0.7274502662,0.2701813757,0.7274502662,2.702615612e-42,0.1350906878,0.7872891377,1,0.8809868768,16.99507629,13.37486672,2.076839113,2.123441667
1.834966592,2.803959544,0.4408254876,0.3400271128,0.728286784,0.2607000881,0.728286784,1.178735101e-42,0.130350044,0.7932100659,1,0.8846817013,17.07279858,13.41771095,2.055650842,2.038471844
1.839309577,2.809844238,0.4401835484,0.3396065271,0.729120132,0.2516766861,0.729120132,5.125877669e-43,0.125838343,0.7989283584,1,0.8882269876,17.15074208,13.46120994,2.035558823,1.954232009
1.843652561,2.815734606,0.4395433851,0.3391866858,0.7299503227,0.2430886295,0.7299503227,2.222492705e-43,0.1215443147,0.8044478698,1,0.8916277198,17.228907,13.50534765,2.016508811,1.871288959
1.847995546,2.821630642,0.4389049908,0.338767589,0.7307773687,0.2349144638,0.7307773687,9.607989872e-44,0.1174572319,0.8097726841,1,0.8948888346,17.30729351,13.55010822,1.998449172,1.790098531
1.85233853,2.827532336,0.4382683587,0.3383492366,0.7316012825,0.2271338165,0.7316012825,4.141377454e-44,0.1135669083,0.8149070513,1,0.8980151912,17.38590181,13.59547604,1.98133088,1.711014259
1.856681514,2.83343968,0.437633482,0.3379316288,0.7324220764,0.2197273823,0.7324220764,1.779824492e-44,0.1098636912,0.8198553336,1,0.9010115458,17.46473209,13.64143583,1.965107478,1.634296873
1.861024499,2.839352667,0.437000354,0.3375147655,0.7332397629,0.2126768971,0.7332397629,7.626576457e-45,0.1063384486,0.8246219602,1,0.9038825337,17.54378454,13.68797275,1.949735014,1.560124326
1.865367483,2.845271289,0.4363689679,0.3370986467,0.7340543544,0.205965104,0.7340543544,3.258383245e-45,0.102982552,0.8292113899,1,0.9066326554,17.62305934,13.73507243,1.935171962,1.488602098
1.869710468,2.851195537,0.4357393172,0.3366832724,0.7348658633,0.1995757128,0.7348658633,1.388016999e-45,0.09978785639,0.8336280814,1,0.9092662682,17.70255669,13.78272097,1.921379125,1.419773513
1.874053452,2.857125404,0.4351113951,0.3362686424,0.7356743017,0.1934933543,0.7356743017,5.895321469e-46,0.09674667715,0.8378764711,1,0.9117875812,17.78227677,13.83090501,1.908319522,1.353629854
1.878396437,2.863060882,0.434485195,0.3358547567,0.736479682,0.1877035311,0.736479682,2.496550093e-46,0.09385176557,0.8419609556,1,0.9142006545,17.86221978,13.87961169,1.89595827,1.290120074
1.882739421,2.869001963,0.4338607103,0.3354416151,0.7372820165,0.1821925663,0.7372820165,1.054127548e-46,0.09109628314,0.8458858806,1,0.9165094002,17.9423859,13.92882866,1.884262463,1.229159949
1.887082405,2.874948639,0.4332379345,0.3350292175,0.7380813172,0.1769475508,0.7380813172,4.437783664e-47,0.08847377542,0.8496555342,1,0.9187175866,18.02277532,13.97854407,1.873201043,1.170640531
1.89142539,2.880900902,0.432616861,0.3346175638,0.7388775964,0.1719562916,0.7388775964,1.862769751e-47,0.08597814581,0.8532741427,1,0.9208288434,18.10338823,14.02874652,1.862744677,1.114435791
1.895768374,2.886858745,0.4319974834,0.3342066538,0.7396708661,0.1672072597,0.7396708661,7.796008655e-48,0.08360362987,0.8567458707,1,0.9228466687,18.18422482,14.07942507,1.85286563,1.060409403
1.900111359,2.89282216,0.4313797951,0.3337964871,0.7404611385,0.1626895409,0.7404611385,3.253160826e-48,0.08134477047,0.860074822,1,0.9247744358,18.26528527,14.13056917,1.843537647,1.0084206
1.904454343,2.89879114,0.4307637897,0.3333870637,0.7412484256,0.1583927881,0.7412484256,1.35350181e-48,0.07919639406,0.863265043,1,0.9266154015,18.34656977,14.18216869,1.834735838,0.9583291037
1.908797327,2.904765675,0.4301494608,0.3329783833,0.7420327393,0.1543071765,0.7420327393,5.614773401e-49,0.07715358826,0.8663205257,1,0.9283727139,18.42807851,14.23421379,1.826436572,0.9099991451
1.913140312,2.91074576,0.4295368021,0.3325704456,0.7428140917,0.1504233622,0.7428140917,2.322339518e-49,0.0752116811,0.8692452126,1,0.9300494196,18.50981168,14.286695,1.818617374,0.8633025979
1.917483296,2.916731387,0.4289258071,0.3321632502,0.7435924946,0.1467324435,0.7435924946,9.577215874e-50,0.07336622173,0.8720429998,1,0.9316484717,18.59176947,14.33960309,1.811256834,0.8181212964
1.921826281,2.922722547,0.4283164696,0.3317567969,0.74436796,0.1432259259,0.74436796,3.937974746e-50,0.07161296295,0.8747177416,1,0.9331727355,18.67395205,14.39292911,1.804334524,0.7743485991
1.926169265,2.928719233,0.4277087832,0.3313510854,0.7451404997,0.1398956908,0.7451404997,1.61445767e-50,0.06994784538,0.8772732524,1,0.9346249953,18.75635963,14.44666435,1.797830919,0.7318902869
1.930512249,2.934721439,0.4271027417,0.3309461154,0.7459101255,0.1367339666,0.7459101255,6.599339698e-51,0.06836698328,0.8797133097,1,0.9360079595,18.83899237,14.5008003,1.79172733,0.6906648831
1.934855234,2.940729155,0.4264983389,0.3305418863,0.7466768492,0.1337333039,0.7466768492,2.689641464e-51,0.06686665197,0.8820416552,1,0.9373242646,18.92185048,14.55532865,1.786005845,0.6506034904
1.939198218,2.946742376,0.4258955684,0.3301383979,0.7474406824,0.1308865536,0.7474406824,1.092970359e-51,0.06544327682,0.884261995,1,0.9385764796,19.00493413,14.61024125,1.780649273,0.6116492367
1.943541203,2.952761093,0.4252944242,0.3297356497,0.748201637,0.128186847,0.748201637,4.428355348e-52,0.06409342351,0.886377999,1,0.9397671087,19.08824351,14.66553014,1.775641099,0.5737564203
1.947884187,2.958785299,0.4246949002,0.3293336414,0.7489597246,0.1256275795,0.7489597246,1.788943512e-52,0.06281378973,0.8883933001,1,0.9408985936,19.17177882,14.7211875,1.770965444,0.5368894375
1.952227171,2.964814987,0.42409699,0.3289323724,0.7497149567,0.1232023957,0.7497149567,7.205612079e-53,0.06160119785,0.8903114913,1,0.9419733154,19.25554022,14.77720565,1.766607029,0.5010215677
1.956570156,2.97085015,0.4235006878,0.3285318424,0.750467345,0.1209051776,0.750467345,2.893778021e-53,0.06045258878,0.8921361236,1,0.9429935959,19.33952792,14.83357707,1.762551144,0.4661336843
1.96091314,2.976890779,0.4229059874,0.3281320507,0.751216901,0.1187300331,0.751216901,1.158723021e-53,0.05936501656,0.893870702,1,0.9439616982,19.42374208,14.89029439,1.758783628,0.4322129459
1.965256125,2.982936869,0.4223128827,0.3277329971,0.7519636362,0.1166712876,0.7519636362,4.626090694e-54,0.0583356438,0.8955186823,1,0.944879827,19.50818291,14.94735035,1.755290839,0.3992515164
1.969599109,2.988988411,0.4217213677,0.3273346809,0.7527075621,0.1147234755,0.7527075621,1.841487334e-54,0.05736173775,0.8970834669,1,0.9457501291,19.59285058,15.00473787,1.75205964,0.3672453495
1.973942094,2.995045398,0.4211314365,0.3269371015,0.75344869,0.1128813337,0.75344869,7.308755185e-55,0.05644066685,0.8985684005,1,0.9465746931,19.67774528,15.06244997,1.749077381,0.3361930654
1.978285078,3.001107824,0.4205430832,0.3265402586,0.7541870314,0.1111397954,0.7541870314,2.892265649e-55,0.05556989772,0.8999767663,1,0.947355549,19.76286719,15.12047987,1.746331886,0.3060949391
1.982628062,3.007175681,0.4199563016,0.3261441514,0.7549225976,0.1094939851,0.7549225976,1.141177052e-55,0.05474699254,0.9013117813,1,0.9480946683,19.8482165,15.1788209,1.743811436,0.2769520121
1.986971047,3.013248962,0.419371086,0.3257487795,0.7556553999,0.1079392132,0.7556553999,4.489396525e-56,0.0539696066,0.9025765927,1,0.9487939631,19.93379339,15.23746656,1.741504764,0.2487653318
1.991314031,3.01932766,0.4187874305,0.3253541423,0.7563854496,0.1064709722,0.7563854496,1.760933631e-56,0.0532354861,0.9037742744,1,0.9494552863,20.01959804,15.29641051,1.739401038,0.2215353198
1.995657016,3.025411768,0.4182053293,0.324960239,0.757112758,0.1050849321,0.757112758,6.886809908e-57,0.05254246604,0.9049078229,1,0.9500804312,20.10563064,15.35564657,1.737489856,0.1528354184
2,3.031501278,0.4176247764,0.3245670692,0.7578373361,0.1037769365,0.7578373361,2.685426615e-57,0.05188846824,0.905980155,1,0.9506711312,20.19189138,15.41516872,1.735761231,0.09751135992
