dataset_id,family,split,policy,n_vars,n_clauses,alpha,solved,sat,timeout,decisions,propagations,conflicts,learned_clauses,max_level,gate_value,runtime_s,compute_cost
aim_aim-100-1_6-no-1,satlib_dimacs_aim,test,vsids,100,160,1.6,1,0,0,79,276,28,27,27,4.107761841814248e-05,0.041486999980406836,52.804
aim_aim-100-1_6-no-1,satlib_dimacs_aim,test,moms,100,160,1.6,1,0,0,42,117,16,15,24,4.107761841814248e-05,0.023256749991560355,29.068
aim_aim-100-1_6-no-1,satlib_dimacs_aim,test,jeroslow_wang,100,160,1.6,1,0,0,45,99,15,14,19,4.107761841814248e-05,0.023193375003756955,28.896
aim_aim-100-1_6-no-1,satlib_dimacs_aim,test,progress_only,100,160,1.6,1,0,0,87,116,18,17,27,4.107761841814248e-05,0.039141208020737395,44.56399999999999
aim_aim-100-1_6-no-1,satlib_dimacs_aim,test,score_with_R,100,160,1.6,1,0,0,119,163,18,17,28,4.107761841814248e-05,0.054538500000489876,54.352
aim_aim-100-1_6-no-1,satlib_dimacs_aim,test,gate_v17,100,160,1.6,1,0,0,121,179,18,17,37,4.107761841814248e-05,0.05640075000701472,55.016
aim_aim-100-1_6-no-1,satlib_dimacs_aim,test,gate_shuffled_R,100,160,1.6,1,0,0,111,179,24,23,34,4.107761841814248e-05,0.05370691599091515,58.016
aim_aim-100-1_6-no-2,satlib_dimacs_aim,test,vsids,100,160,1.6,1,0,0,193,386,30,29,35,3.722191691291002e-05,0.08585366699844599,89.444
aim_aim-100-1_6-no-2,satlib_dimacs_aim,test,moms,100,160,1.6,1,0,0,73,227,25,24,30,3.722191691291002e-05,0.03360912500647828,47.808
aim_aim-100-1_6-no-2,satlib_dimacs_aim,test,jeroslow_wang,100,160,1.6,1,0,0,74,315,36,35,26,3.722191691291002e-05,0.04261462501017377,59.46
aim_aim-100-1_6-no-2,satlib_dimacs_aim,test,progress_only,100,160,1.6,1,0,0,171,195,24,23,41,3.722191691291002e-05,0.07532095900387503,76.08
aim_aim-100-1_6-no-2,satlib_dimacs_aim,test,score_with_R,100,160,1.6,1,0,0,191,412,37,36,32,3.722191691291002e-05,0.09266883399686776,95.948
aim_aim-100-1_6-no-2,satlib_dimacs_aim,test,gate_v17,100,160,1.6,1,0,0,131,387,41,40,36,3.722191691291002e-05,0.0686349580064416,81.848
aim_aim-100-1_6-no-2,satlib_dimacs_aim,test,gate_shuffled_R,100,160,1.6,1,0,0,159,219,24,23,42,0.03429631491696159,0.07272054202621803,72.576
aim_aim-100-1_6-no-3,satlib_dimacs_aim,test,vsids,100,157,1.57,1,0,0,124,518,47,46,27,3.238612151511056e-05,0.06600666599115357,86.27199999999999
aim_aim-100-1_6-no-3,satlib_dimacs_aim,test,moms,100,157,1.57,1,0,0,81,203,25,24,28,3.238612151511056e-05,0.03966333399876021,50.111999999999995
aim_aim-100-1_6-no-3,satlib_dimacs_aim,test,jeroslow_wang,100,157,1.57,1,0,0,95,223,26,25,23,3.238612151511056e-05,0.04710087500279769,55.392
aim_aim-100-1_6-no-3,satlib_dimacs_aim,test,progress_only,100,157,1.57,1,0,0,111,280,31,30,29,3.238612151511056e-05,0.05113516701385379,65.42
aim_aim-100-1_6-no-3,satlib_dimacs_aim,test,score_with_R,100,157,1.57,1,0,0,156,249,30,29,35,3.238612151511056e-05,0.07204274999094196,77.79599999999999
aim_aim-100-1_6-no-3,satlib_dimacs_aim,test,gate_v17,100,157,1.57,1,0,0,118,475,42,41,42,3.238612151511056e-05,0.06029162500635721,79.30000000000001
aim_aim-100-1_6-no-3,satlib_dimacs_aim,test,gate_shuffled_R,100,157,1.57,1,0,0,204,248,23,22,41,0.036841315093140335,0.08953362499596551,85.192
aim_aim-100-1_6-no-4,satlib_dimacs_aim,test,vsids,100,160,1.6,1,0,0,102,286,27,26,22,4.0307861328311855e-05,0.04983737500151619,58.74399999999999
aim_aim-100-1_6-no-4,satlib_dimacs_aim,test,moms,100,160,1.6,1,0,0,48,105,17,16,21,4.0307861328311855e-05,0.02619900001445785,31.82
aim_aim-100-1_6-no-4,satlib_dimacs_aim,test,jeroslow_wang,100,160,1.6,1,0,0,70,99,17,16,26,4.0307861328311855e-05,0.03530983399832621,38.396
aim_aim-100-1_6-no-4,satlib_dimacs_aim,test,progress_only,100,160,1.6,1,0,0,117,136,19,18,32,4.0307861328311855e-05,0.05312516700359993,54.644
aim_aim-100-1_6-no-4,satlib_dimacs_aim,test,score_with_R,100,160,1.6,1,0,0,152,183,20,19,35,4.0307861328311855e-05,0.07027512497734278,66.332
aim_aim-100-1_6-no-4,satlib_dimacs_aim,test,gate_v17,100,160,1.6,1,0,0,93,200,24,23,28,4.0307861328311855e-05,0.04663741702097468,52.699999999999996
aim_aim-100-1_6-no-4,satlib_dimacs_aim,test,gate_shuffled_R,100,160,1.6,1,0,0,174,166,20,19,38,3.722191691291002e-05,0.07981283299159259,72.86399999999999
aim_aim-100-1_6-yes1-1,satlib_dimacs_aim,test,vsids,100,160,1.6,1,1,0,84,455,28,28,17,4.528409810057287e-05,0.038054042001022026,55.02
aim_aim-100-1_6-yes1-1,satlib_dimacs_aim,test,moms,100,160,1.6,1,1,0,43,245,17,17,20,4.528409810057287e-05,0.02245354201295413,30.88
aim_aim-100-1_6-yes1-1,satlib_dimacs_aim,test,jeroslow_wang,100,160,1.6,1,1,0,60,462,26,26,17,4.528409810057287e-05,0.0321843340061605,45.848
aim_aim-100-1_6-yes1-1,satlib_dimacs_aim,test,progress_only,100,160,1.6,1,1,0,65,177,13,13,23,4.528409810057287e-05,0.029489916982129216,33.208
aim_aim-100-1_6-yes1-1,satlib_dimacs_aim,test,score_with_R,100,160,1.6,1,1,0,50,255,14,14,19,4.528409810057287e-05,0.020814624993363395,30.02
aim_aim-100-1_6-yes1-1,satlib_dimacs_aim,test,gate_v17,100,160,1.6,1,1,0,108,401,27,27,24,4.528409810057287e-05,0.046915374987293035,61.004
aim_aim-100-1_6-yes1-1,satlib_dimacs_aim,test,gate_shuffled_R,100,160,1.6,1,1,0,78,336,20,20,20,4.0307861328311855e-05,0.03993054199963808,44.744
dubois_dubois100,satlib_dimacs_dubois,test,vsids,300,396,1.32,1,1,0,100,99,0,0,100,9.76807816930188e-07,0.10031241699471138,30.396
dubois_dubois100,satlib_dimacs_dubois,test,moms,300,396,1.32,1,1,0,100,99,0,0,100,9.76807816930188e-07,0.10429083398776129,30.396
dubois_dubois100,satlib_dimacs_dubois,test,jeroslow_wang,300,396,1.32,1,1,0,100,99,0,0,100,9.76807816930188e-07,0.10364854198996909,30.396
dubois_dubois100,satlib_dimacs_dubois,test,progress_only,300,396,1.32,1,1,0,100,99,0,0,100,9.76807816930188e-07,0.09972445899620652,30.396
dubois_dubois100,satlib_dimacs_dubois,test,score_with_R,300,396,1.32,1,1,0,100,99,0,0,100,9.76807816930188e-07,0.10378499998478219,30.396
dubois_dubois100,satlib_dimacs_dubois,test,gate_v17,300,396,1.32,1,1,0,101,99,0,0,101,9.76807816930188e-07,0.10456879099365324,30.695999999999998
dubois_dubois100,satlib_dimacs_dubois,test,gate_shuffled_R,300,396,1.32,1,1,0,101,99,0,0,101,0.03492914847942184,0.10530462500173599,30.695999999999998
dubois_dubois20,satlib_dimacs_dubois,test,vsids,60,160,2.6666666666666665,1,0,0,492,1386,156,155,30,0.22998628537476795,0.19963274998008274,309.144
dubois_dubois20,satlib_dimacs_dubois,test,moms,60,160,2.6666666666666665,1,0,0,67,1229,44,43,21,0.22998628537476795,0.04708329201093875,69.01599999999999
dubois_dubois20,satlib_dimacs_dubois,test,jeroslow_wang,60,160,2.6666666666666665,1,0,0,377,2105,245,244,21,0.22998628537476795,0.24721825000597164,366.52000000000004
dubois_dubois20,satlib_dimacs_dubois,test,progress_only,60,160,2.6666666666666665,1,0,0,482,1207,146,145,30,0.22998628537476795,0.18635679100407287,295.428
dubois_dubois20,satlib_dimacs_dubois,test,score_with_R,60,160,2.6666666666666665,1,0,0,522,2176,207,206,23,0.22998628537476795,0.265906124986941,372.30400000000003
dubois_dubois20,satlib_dimacs_dubois,test,gate_v17,60,160,2.6666666666666665,1,0,0,483,2372,218,217,24,0.22998628537476795,0.24571795799420215,372.388
dubois_dubois20,satlib_dimacs_dubois,test,gate_shuffled_R,60,160,2.6666666666666665,1,0,0,564,1784,172,171,24,0.8429594296192963,0.2675353750237264,348.336
dubois_dubois21,satlib_dimacs_dubois,test,vsids,63,168,2.6666666666666665,1,0,0,557,1752,171,170,23,0.2294593685946946,0.24523258401313797,345.108
dubois_dubois21,satlib_dimacs_dubois,test,moms,63,168,2.6666666666666665,1,0,0,70,1353,46,45,22,0.2294593685946946,0.05287466599838808,72.412
dubois_dubois21,satlib_dimacs_dubois,test,jeroslow_wang,63,168,2.6666666666666665,1,0,0,417,2305,262,261,22,0.2294593685946946,0.28890504100127146,396.32000000000005
dubois_dubois21,satlib_dimacs_dubois,test,progress_only,63,168,2.6666666666666665,1,0,0,528,1577,159,158,22,0.2294593685946946,0.2225968749844469,323.70799999999997
dubois_dubois21,satlib_dimacs_dubois,test,score_with_R,63,168,2.6666666666666665,1,0,0,647,2681,225,224,24,0.2294593685946946,0.35650745799648575,429.824
dubois_dubois21,satlib_dimacs_dubois,test,gate_v17,63,168,2.6666666666666665,1,0,0,465,1290,136,135,26,0.2294593685946946,0.20698841600096785,280.66
dubois_dubois21,satlib_dimacs_dubois,test,gate_shuffled_R,63,168,2.6666666666666665,1,0,0,498,1291,126,125,26,0.4893346867267158,0.2142194590123836,280.56399999999996
dubois_dubois22,satlib_dimacs_dubois,test,vsids,66,176,2.6666666666666665,1,0,0,581,1614,177,176,33,0.22898092571905138,0.25975020800251514,357.756
dubois_dubois22,satlib_dimacs_dubois,test,moms,66,176,2.6666666666666665,1,0,0,73,1483,48,47,23,0.22898092571905138,0.058921625022776425,75.83200000000001
dubois_dubois22,satlib_dimacs_dubois,test,jeroslow_wang,66,176,2.6666666666666665,1,0,0,455,2499,280,279,23,0.22898092571905138,0.3319724579923786,426.496
dubois_dubois22,satlib_dimacs_dubois,test,progress_only,66,176,2.6666666666666665,1,0,0,580,1614,181,180,33,0.22898092571905138,0.26338966700132005,361.456
dubois_dubois22,satlib_dimacs_dubois,test,score_with_R,66,176,2.6666666666666665,1,0,0,651,1787,169,168,26,0.22898092571905138,0.3090978750260547,371.448
dubois_dubois22,satlib_dimacs_dubois,test,gate_v17,66,176,2.6666666666666665,1,0,0,485,1600,173,172,25,0.22898092571905138,0.2493505830061622,324.9
dubois_dubois22,satlib_dimacs_dubois,test,gate_shuffled_R,66,176,2.6666666666666665,1,0,0,595,2007,186,185,27,0.8592319140883858,0.308191791002173,372.528
dubois_dubois23,satlib_dimacs_dubois,test,vsids,69,184,2.6666666666666665,1,0,0,672,2081,197,196,25,0.2285445633357869,0.327800708997529,406.92400000000004
dubois_dubois23,satlib_dimacs_dubois,test,moms,69,184,2.6666666666666665,1,0,0,76,1619,50,49,24,0.2285445633357869,0.06536100001540035,79.276
dubois_dubois23,satlib_dimacs_dubois,test,jeroslow_wang,69,184,2.6666666666666665,1,0,0,495,2665,298,297,24,0.2285445633357869,0.38001854199683294,457.16
dubois_dubois23,satlib_dimacs_dubois,test,progress_only,69,184,2.6666666666666665,1,0,0,613,1812,180,179,24,0.2285445633357869,0.2852371249755379,371.14799999999997
dubois_dubois23,satlib_dimacs_dubois,test,score_with_R,69,184,2.6666666666666665,1,0,0,670,2406,217,216,26,0.2285445633357869,0.3950797920115292,427.624
dubois_dubois23,satlib_dimacs_dubois,test,gate_v17,69,184,2.6666666666666665,1,0,0,469,1657,161,160,29,0.2285445633357869,0.24653016598313116,308.328
dubois_dubois23,satlib_dimacs_dubois,test,gate_shuffled_R,69,184,2.6666666666666665,1,0,0,575,1743,175,174,28,4.528409810057287e-05,0.2949540830159094,354.472
flat30-60_flat30-1,satlib_graph_coloring_flat30,test,vsids,90,300,3.3333333333333335,1,1,0,5,85,0,0,5,0.036841315093140335,0.0029072499892208725,1.84
flat30-60_flat30-1,satlib_graph_coloring_flat30,test,moms,90,300,3.3333333333333335,1,1,0,17,73,0,0,17,0.036841315093140335,0.007160125009249896,5.3919999999999995
flat30-60_flat30-1,satlib_graph_coloring_flat30,test,jeroslow_wang,90,300,3.3333333333333335,1,1,0,19,71,0,0,19,0.036841315093140335,0.00901999999769032,5.984
flat30-60_flat30-1,satlib_graph_coloring_flat30,test,progress_only,90,300,3.3333333333333335,1,1,0,20,70,0,0,20,0.036841315093140335,0.009186874987790361,6.28
flat30-60_flat30-1,satlib_graph_coloring_flat30,test,score_with_R,90,300,3.3333333333333335,1,1,0,13,116,1,1,11,0.036841315093140335,0.00764279198483564,5.364000000000001
flat30-60_flat30-1,satlib_graph_coloring_flat30,test,gate_v17,90,300,3.3333333333333335,1,1,0,12,78,0,0,12,0.036841315093140335,0.006594583013793454,3.9119999999999995
flat30-60_flat30-1,satlib_graph_coloring_flat30,test,gate_shuffled_R,90,300,3.3333333333333335,1,1,0,14,76,0,0,14,0.25922184002807824,0.007400833012070507,4.5040000000000004
flat30-60_flat30-10,satlib_graph_coloring_flat30,test,vsids,90,300,3.3333333333333335,1,1,0,9,81,0,0,9,0.03262320894272948,0.004299207997974008,3.0239999999999996
flat30-60_flat30-10,satlib_graph_coloring_flat30,test,moms,90,300,3.3333333333333335,1,1,0,13,77,0,0,13,0.03262320894272948,0.005993416998535395,4.208
flat30-60_flat30-10,satlib_graph_coloring_flat30,test,jeroslow_wang,90,300,3.3333333333333335,1,1,0,23,251,7,7,18,0.03262320894272948,0.014038291992619634,14.903999999999998
flat30-60_flat30-10,satlib_graph_coloring_flat30,test,progress_only,90,300,3.3333333333333335,1,1,0,19,135,2,2,14,0.03262320894272948,0.010290000005625188,8.24
flat30-60_flat30-10,satlib_graph_coloring_flat30,test,score_with_R,90,300,3.3333333333333335,1,1,0,17,73,0,0,17,0.03262320894272948,0.008579749992350116,5.3919999999999995
flat30-60_flat30-10,satlib_graph_coloring_flat30,test,gate_v17,90,300,3.3333333333333335,1,1,0,18,147,3,3,15,0.03262320894272948,0.010786250000819564,8.987999999999998
flat30-60_flat30-10,satlib_graph_coloring_flat30,test,gate_shuffled_R,90,300,3.3333333333333335,1,1,0,19,153,3,3,14,0.532391501731919,0.010813999979291111,9.312
flat30-60_flat30-100,satlib_graph_coloring_flat30,test,vsids,90,300,3.3333333333333335,1,1,0,6,84,0,0,6,0.03492914847942184,0.0032543330162297934,2.1359999999999997
flat30-60_flat30-100,satlib_graph_coloring_flat30,test,moms,90,300,3.3333333333333335,1,1,0,10,80,0,0,10,0.03492914847942184,0.005260459001874551,3.32
flat30-60_flat30-100,satlib_graph_coloring_flat30,test,jeroslow_wang,90,300,3.3333333333333335,1,1,0,17,73,0,0,17,0.03492914847942184,0.008986417000414804,5.3919999999999995
flat30-60_flat30-100,satlib_graph_coloring_flat30,test,progress_only,90,300,3.3333333333333335,1,1,0,17,73,0,0,17,0.03492914847942184,0.008937416976550594,5.3919999999999995
flat30-60_flat30-100,satlib_graph_coloring_flat30,test,score_with_R,90,300,3.3333333333333335,1,1,0,15,125,2,2,12,0.03492914847942184,0.009444791998248547,7.0
flat30-60_flat30-100,satlib_graph_coloring_flat30,test,gate_v17,90,300,3.3333333333333335,1,1,0,15,86,1,1,14,0.03492914847942184,0.00827958298032172,5.844
flat30-60_flat30-100,satlib_graph_coloring_flat30,test,gate_shuffled_R,90,300,3.3333333333333335,1,1,0,12,78,0,0,12,3.238612151511056e-05,0.006181499978993088,3.9119999999999995
flat30-60_flat30-11,satlib_graph_coloring_flat30,test,vsids,90,300,3.3333333333333335,1,1,0,12,91,1,1,11,0.03429631491696159,0.0057996670075226575,4.9639999999999995
flat30-60_flat30-11,satlib_graph_coloring_flat30,test,moms,90,300,3.3333333333333335,1,1,0,20,148,2,2,14,0.03429631491696159,0.010667374997865409,8.592
flat30-60_flat30-11,satlib_graph_coloring_flat30,test,jeroslow_wang,90,300,3.3333333333333335,1,1,0,25,218,5,5,17,0.03429631491696159,0.014051875012228265,13.372
flat30-60_flat30-11,satlib_graph_coloring_flat30,test,progress_only,90,300,3.3333333333333335,1,1,0,20,147,3,3,16,0.03429631491696159,0.010627874988131225,9.588
flat30-60_flat30-11,satlib_graph_coloring_flat30,test,score_with_R,90,300,3.3333333333333335,1,1,0,20,131,2,2,17,0.03429631491696159,0.010612583020702004,8.524000000000001
flat30-60_flat30-11,satlib_graph_coloring_flat30,test,gate_v17,90,300,3.3333333333333335,1,1,0,12,78,0,0,12,0.03429631491696159,0.005952667008386925,3.9119999999999995
flat30-60_flat30-11,satlib_graph_coloring_flat30,test,gate_shuffled_R,90,300,3.3333333333333335,1,1,0,21,126,3,3,13,0.03262320894272948,0.011204999987967312,9.804
flat30-60_flat30-12,satlib_graph_coloring_flat30,test,vsids,90,300,3.3333333333333335,1,1,0,6,84,0,0,6,0.03275401455495034,0.0034371249785181135,2.1359999999999997
flat30-60_flat30-12,satlib_graph_coloring_flat30,test,moms,90,300,3.3333333333333335,1,1,0,14,76,0,0,14,0.03275401455495034,0.0066538749961182475,4.5040000000000004
flat30-60_flat30-12,satlib_graph_coloring_flat30,test,jeroslow_wang,90,300,3.3333333333333335,1,1,0,18,72,0,0,18,0.03275401455495034,0.009604083985323086,5.688
flat30-60_flat30-12,satlib_graph_coloring_flat30,test,progress_only,90,300,3.3333333333333335,1,1,0,17,73,0,0,17,0.03275401455495034,0.009172916994430125,5.3919999999999995
flat30-60_flat30-12,satlib_graph_coloring_flat30,test,score_with_R,90,300,3.3333333333333335,1,1,0,18,72,0,0,18,0.03275401455495034,0.009682708972832188,5.688
flat30-60_flat30-12,satlib_graph_coloring_flat30,test,gate_v17,90,300,3.3333333333333335,1,1,0,14,76,0,0,14,0.03275401455495034,0.007924791018012911,4.5040000000000004
flat30-60_flat30-12,satlib_graph_coloring_flat30,test,gate_shuffled_R,90,300,3.3333333333333335,1,1,0,20,70,0,0,20,0.22934271765899963,0.010096165991853923,6.28
pigeon-hole_hole10,satlib_dimacs_pigeonhole,calibration,vsids,110,561,5.1,0,0,1,1291,30840,1000,1000,25,0.22934271765899963,4.828907082992373,2510.66
pigeon-hole_hole10,satlib_dimacs_pigeonhole,calibration,moms,110,561,5.1,0,0,1,1146,15038,1000,1000,51,0.22934271765899963,4.3144420000026,2403.952
pigeon-hole_hole10,satlib_dimacs_pigeonhole,calibration,jeroslow_wang,110,561,5.1,0,0,1,1213,13542,1000,1000,47,0.22934271765899963,3.831723540992243,2418.068
pigeon-hole_hole10,satlib_dimacs_pigeonhole,calibration,progress_only,110,561,5.1,0,0,1,1191,17281,1000,1000,46,0.22934271765899963,3.8350262499880046,2426.424
pigeon-hole_hole10,satlib_dimacs_pigeonhole,calibration,score_with_R,110,561,5.1,0,0,1,1229,19289,1000,1000,84,0.22934271765899963,5.526453875005245,2445.8559999999998
pigeon-hole_hole10,satlib_dimacs_pigeonhole,calibration,gate_v17,110,561,5.1,0,0,1,1177,19886,1000,1000,83,0.22934271765899963,6.326439416996436,2432.6440000000002
pigeon-hole_hole10,satlib_dimacs_pigeonhole,calibration,gate_shuffled_R,110,561,5.1,0,0,1,1240,20233,1000,1000,83,0.22998628537476795,5.650553541985573,2452.932
pigeon-hole_hole6,satlib_dimacs_pigeonhole,test,vsids,42,133,3.1666666666666665,1,0,0,372,5134,302,301,15,0.16631087304064376,0.3005074590037111,434.136
pigeon-hole_hole6,satlib_dimacs_pigeonhole,test,moms,42,133,3.1666666666666665,1,0,0,713,9579,635,634,20,0.16631087304064376,1.0251986249932088,887.216
pigeon-hole_hole6,satlib_dimacs_pigeonhole,test,jeroslow_wang,42,133,3.1666666666666665,1,0,0,689,7698,588,587,17,0.16631087304064376,0.7933439160115086,825.4920000000001
pigeon-hole_hole6,satlib_dimacs_pigeonhole,test,progress_only,42,133,3.1666666666666665,1,0,0,370,4943,325,324,16,0.16631087304064376,0.31289554201066494,455.772
pigeon-hole_hole6,satlib_dimacs_pigeonhole,test,score_with_R,42,133,3.1666666666666665,1,0,0,880,12773,786,785,26,0.16631087304064376,1.369658666983014,1101.092
pigeon-hole_hole6,satlib_dimacs_pigeonhole,test,gate_v17,42,133,3.1666666666666665,1,0,0,989,13370,839,838,24,0.16631087304064376,1.5108394999988377,1189.18
pigeon-hole_hole6,satlib_dimacs_pigeonhole,test,gate_shuffled_R,42,133,3.1666666666666665,1,0,0,973,13028,802,801,25,9.76807816930188e-07,1.430910708004376,1146.0120000000002
pigeon-hole_hole7,satlib_dimacs_pigeonhole,calibration,vsids,56,204,3.642857142857143,1,0,0,952,16039,772,771,19,0.28157451636389247,1.817853958986234,1121.7559999999999
pigeon-hole_hole7,satlib_dimacs_pigeonhole,calibration,moms,56,204,3.642857142857143,0,0,1,1122,15008,1000,1000,27,0.28157451636389247,2.9046170840156265,2396.6319999999996
pigeon-hole_hole7,satlib_dimacs_pigeonhole,calibration,jeroslow_wang,56,204,3.642857142857143,0,0,1,1189,13512,1000,1000,23,0.28157451636389247,2.6378104999894276,2410.748
pigeon-hole_hole7,satlib_dimacs_pigeonhole,calibration,progress_only,56,204,3.642857142857143,0,0,1,1182,17617,1000,1000,22,0.28157451636389247,2.6141912500024773,2425.068
pigeon-hole_hole7,satlib_dimacs_pigeonhole,calibration,score_with_R,56,204,3.642857142857143,0,0,1,1113,17281,1000,1000,37,0.28157451636389247,2.5938880410103593,2403.0240000000003
pigeon-hole_hole7,satlib_dimacs_pigeonhole,calibration,gate_v17,56,204,3.642857142857143,0,0,1,1163,17400,1000,1000,38,0.28157451636389247,2.595072749973042,2418.5
pigeon-hole_hole7,satlib_dimacs_pigeonhole,calibration,gate_shuffled_R,56,204,3.642857142857143,0,0,1,1144,17655,1000,1000,38,0.4676084982680801,2.564364666992333,2413.82
pigeon-hole_hole8,satlib_dimacs_pigeonhole,test,vsids,72,297,4.125,0,0,1,1289,24394,1000,1000,23,0.25922184002807824,3.3670217909966595,2484.276
pigeon-hole_hole8,satlib_dimacs_pigeonhole,test,moms,72,297,4.125,0,0,1,1129,15017,1000,1000,34,0.25922184002807824,3.3543554579955526,2398.768
pigeon-hole_hole8,satlib_dimacs_pigeonhole,test,jeroslow_wang,72,297,4.125,0,0,1,1196,13521,1000,1000,30,0.25922184002807824,3.0230184580141213,2412.884
pigeon-hole_hole8,satlib_dimacs_pigeonhole,test,progress_only,72,297,4.125,0,0,1,1188,16136,1000,1000,29,0.25922184002807824,2.701967125001829,2420.9440000000004
pigeon-hole_hole8,satlib_dimacs_pigeonhole,test,score_with_R,72,297,4.125,0,0,1,1143,18457,1000,1000,52,0.25922184002807824,3.528196375002153,2416.728
pigeon-hole_hole8,satlib_dimacs_pigeonhole,test,gate_v17,72,297,4.125,0,0,1,1209,17966,1000,1000,50,0.25922184002807824,3.3678824999951757,2434.5640000000003
pigeon-hole_hole8,satlib_dimacs_pigeonhole,test,gate_shuffled_R,72,297,4.125,0,0,1,1268,18043,1000,1000,50,0.03275401455495034,3.219885750004323,2452.572
pigeon-hole_hole9,satlib_dimacs_pigeonhole,test,vsids,90,415,4.611111111111111,0,0,1,1290,27616,1000,1000,24,0.24240461797181226,4.09928054100601,2497.464
pigeon-hole_hole9,satlib_dimacs_pigeonhole,test,moms,90,415,4.611111111111111,0,0,1,1137,15027,1000,1000,42,0.24240461797181226,3.8185321249766275,2401.2079999999996
pigeon-hole_hole9,satlib_dimacs_pigeonhole,test,jeroslow_wang,90,415,4.611111111111111,0,0,1,1204,13531,1000,1000,38,0.24240461797181226,3.414071250008419,2415.324
pigeon-hole_hole9,satlib_dimacs_pigeonhole,test,progress_only,90,415,4.611111111111111,0,0,1,1165,17588,1000,1000,38,0.24240461797181226,3.4802711670054123,2419.852
pigeon-hole_hole9,satlib_dimacs_pigeonhole,test,score_with_R,90,415,4.611111111111111,0,0,1,1174,19174,1000,1000,70,0.24240461797181226,4.766724749992136,2428.8959999999997
pigeon-hole_hole9,satlib_dimacs_pigeonhole,test,gate_v17,90,415,4.611111111111111,0,0,1,1263,18668,1000,1000,62,0.24240461797181226,3.915595583996037,2453.572
pigeon-hole_hole9,satlib_dimacs_pigeonhole,test,gate_shuffled_R,90,415,4.611111111111111,0,0,1,1200,19061,1000,1000,68,0.5988584263803252,4.047141042014118,2436.2439999999997
uf20-91_uf20-01,satlib_random_3sat_uf20,calibration,vsids,20,91,4.55,1,1,0,6,40,2,2,4,0.7433273655153347,0.0016988340066745877,3.96
uf20-91_uf20-01,satlib_random_3sat_uf20,calibration,moms,20,91,4.55,1,1,0,10,64,4,4,6,0.7433273655153347,0.0023759169853292406,7.256
uf20-91_uf20-01,satlib_random_3sat_uf20,calibration,jeroslow_wang,20,91,4.55,1,1,0,10,50,3,3,7,0.7433273655153347,0.0021318749932106584,6.2
uf20-91_uf20-01,satlib_random_3sat_uf20,calibration,progress_only,20,91,4.55,1,1,0,10,43,4,4,6,0.7433273655153347,0.002354041993385181,7.172
uf20-91_uf20-01,satlib_random_3sat_uf20,calibration,score_with_R,20,91,4.55,1,1,0,3,17,0,0,3,0.7433273655153347,0.0008773749868851155,0.968
uf20-91_uf20-01,satlib_random_3sat_uf20,calibration,gate_v17,20,91,4.55,1,1,0,7,63,5,5,3,0.7433273655153347,0.0020717499719467014,7.351999999999999
uf20-91_uf20-01,satlib_random_3sat_uf20,calibration,gate_shuffled_R,20,91,4.55,1,1,0,8,34,3,3,6,0.28157451636389247,0.0016947089752648026,5.5360000000000005
uf20-91_uf20-010,satlib_random_3sat_uf20,calibration,vsids,20,91,4.55,1,1,0,5,15,0,0,5,0.8429594296192963,0.001104625000152737,1.56
uf20-91_uf20-010,satlib_random_3sat_uf20,calibration,moms,20,91,4.55,1,1,0,4,15,0,0,4,0.8429594296192963,0.0009814579971134663,1.26
uf20-91_uf20-010,satlib_random_3sat_uf20,calibration,jeroslow_wang,20,91,4.55,1,1,0,4,15,0,0,4,0.8429594296192963,0.0009741249959915876,1.26
uf20-91_uf20-010,satlib_random_3sat_uf20,calibration,progress_only,20,91,4.55,1,1,0,5,14,0,0,5,0.8429594296192963,0.0011209170043002814,1.556
uf20-91_uf20-010,satlib_random_3sat_uf20,calibration,score_with_R,20,91,4.55,1,1,0,7,24,1,1,6,0.8429594296192963,0.0014074170030653477,3.196
uf20-91_uf20-010,satlib_random_3sat_uf20,calibration,gate_v17,20,91,4.55,1,1,0,6,23,1,1,5,0.8429594296192963,0.0014125830202829093,2.892
uf20-91_uf20-010,satlib_random_3sat_uf20,calibration,gate_shuffled_R,20,91,4.55,1,1,0,6,14,0,0,6,0.7433273655153347,0.0013785419869236648,1.8559999999999999
uf20-91_uf20-0100,satlib_random_3sat_uf20,test,vsids,20,91,4.55,1,1,0,7,63,4,4,3,0.8592319140883858,0.0019535410101525486,6.351999999999999
uf20-91_uf20-0100,satlib_random_3sat_uf20,test,moms,20,91,4.55,1,1,0,3,17,0,0,3,0.8592319140883858,0.0008571250073146075,0.968
uf20-91_uf20-0100,satlib_random_3sat_uf20,test,jeroslow_wang,20,91,4.55,1,1,0,4,16,0,0,4,0.8592319140883858,0.0009941250027623028,1.264
uf20-91_uf20-0100,satlib_random_3sat_uf20,test,progress_only,20,91,4.55,1,1,0,4,16,0,0,4,0.8592319140883858,0.000981624994892627,1.264
uf20-91_uf20-0100,satlib_random_3sat_uf20,test,score_with_R,20,91,4.55,1,1,0,4,16,0,0,4,0.8592319140883858,0.0010651249904185534,1.264
uf20-91_uf20-0100,satlib_random_3sat_uf20,test,gate_v17,20,91,4.55,1,1,0,6,21,1,1,5,0.8592319140883858,0.001424291986040771,2.884
uf20-91_uf20-0100,satlib_random_3sat_uf20,test,gate_shuffled_R,20,91,4.55,1,1,0,4,16,0,0,4,0.24240461797181226,0.001088832999812439,1.264
uf20-91_uf20-01000,satlib_random_3sat_uf20,test,vsids,20,91,4.55,1,1,0,6,41,3,3,3,0.8414085409890054,0.0016192080220207572,4.9639999999999995
uf20-91_uf20-01000,satlib_random_3sat_uf20,test,moms,20,91,4.55,1,1,0,4,26,2,2,3,0.8414085409890054,0.0011618330026976764,3.3040000000000003
uf20-91_uf20-01000,satlib_random_3sat_uf20,test,jeroslow_wang,20,91,4.55,1,1,0,4,23,1,1,4,0.8414085409890054,0.001077209017239511,2.2920000000000003
uf20-91_uf20-01000,satlib_random_3sat_uf20,test,progress_only,20,91,4.55,1,1,0,5,25,1,1,4,0.8414085409890054,0.0013614170020446181,2.6
uf20-91_uf20-01000,satlib_random_3sat_uf20,test,score_with_R,20,91,4.55,1,1,0,4,23,1,1,4,0.8414085409890054,0.0011416670167818666,2.2920000000000003
uf20-91_uf20-01000,satlib_random_3sat_uf20,test,gate_v17,20,91,4.55,1,1,0,6,47,3,3,4,0.8414085409890054,0.0017962080019060522,4.9879999999999995
uf20-91_uf20-01000,satlib_random_3sat_uf20,test,gate_shuffled_R,20,91,4.55,1,1,0,9,78,6,6,4,0.7938843353398684,0.0026569999754428864,9.011999999999999
uf20-91_uf20-0101,satlib_random_3sat_uf20,test,vsids,20,91,4.55,1,1,0,5,19,1,1,4,0.7938843353398684,0.0011505000002216548,2.576
uf20-91_uf20-0101,satlib_random_3sat_uf20,test,moms,20,91,4.55,1,1,0,4,30,1,1,3,0.7938843353398684,0.0010900000052060932,2.3200000000000003
uf20-91_uf20-0101,satlib_random_3sat_uf20,test,jeroslow_wang,20,91,4.55,1,1,0,6,12,0,0,6,0.7938843353398684,0.0012220840144436806,1.8479999999999999
uf20-91_uf20-0101,satlib_random_3sat_uf20,test,progress_only,20,91,4.55,1,1,0,5,13,0,0,5,0.7938843353398684,0.001063875010004267,1.552
uf20-91_uf20-0101,satlib_random_3sat_uf20,test,score_with_R,20,91,4.55,1,1,0,13,66,6,6,6,0.7938843353398684,0.003018666000571102,10.164
uf20-91_uf20-0101,satlib_random_3sat_uf20,test,gate_v17,20,91,4.55,1,1,0,6,12,0,0,6,0.7938843353398684,0.0013255419908091426,1.8479999999999999
uf20-91_uf20-0101,satlib_random_3sat_uf20,test,gate_shuffled_R,20,91,4.55,1,1,0,6,20,1,1,5,0.8414085409890054,0.001379417022690177,2.88
uuf50-218_uuf50-01,satlib_random_3sat_uuf50,test,vsids,50,218,4.36,1,0,0,55,876,48,47,7,0.5988584263803252,0.04303812500438653,68.004
uuf50-218_uuf50-01,satlib_random_3sat_uuf50,test,moms,50,218,4.36,1,0,0,28,530,28,27,8,0.5988584263803252,0.023500624985899776,38.519999999999996
uuf50-218_uuf50-01,satlib_random_3sat_uuf50,test,jeroslow_wang,50,218,4.36,1,0,0,41,722,36,35,6,0.5988584263803252,0.03241758301737718,51.187999999999995
uuf50-218_uuf50-01,satlib_random_3sat_uuf50,test,progress_only,50,218,4.36,1,0,0,60,964,48,47,8,0.5988584263803252,0.04468545800773427,69.856
uuf50-218_uuf50-01,satlib_random_3sat_uuf50,test,score_with_R,50,218,4.36,1,0,0,50,962,45,44,7,0.5988584263803252,0.04060170901357196,63.848
uuf50-218_uuf50-01,satlib_random_3sat_uuf50,test,gate_v17,50,218,4.36,1,0,0,42,750,39,38,7,0.5988584263803252,0.03462650001165457,54.6
uuf50-218_uuf50-01,satlib_random_3sat_uuf50,test,gate_shuffled_R,50,218,4.36,1,0,0,113,1937,102,101,9,0.2294593685946946,0.0945959170057904,143.648
uuf50-218_uuf50-010,satlib_random_3sat_uuf50,test,vsids,50,218,4.36,1,0,0,24,514,23,22,5,0.4893346867267158,0.02100341601180844,32.256
uuf50-218_uuf50-010,satlib_random_3sat_uuf50,test,moms,50,218,4.36,1,0,0,32,557,30,29,8,0.4893346867267158,0.02477158300462179,41.828
uuf50-218_uuf50-010,satlib_random_3sat_uuf50,test,jeroslow_wang,50,218,4.36,1,0,0,24,506,25,24,5,0.4893346867267158,0.020580917014740407,34.224000000000004
uuf50-218_uuf50-010,satlib_random_3sat_uuf50,test,progress_only,50,218,4.36,1,0,0,36,739,34,33,6,0.4893346867267158,0.029336749983485788,47.756
uuf50-218_uuf50-010,satlib_random_3sat_uuf50,test,score_with_R,50,218,4.36,1,0,0,46,677,39,38,8,0.4893346867267158,0.0358295000041835,55.507999999999996
uuf50-218_uuf50-010,satlib_random_3sat_uuf50,test,gate_v17,50,218,4.36,1,0,0,60,917,48,47,7,0.4893346867267158,0.046362250024685636,69.668
uuf50-218_uuf50-010,satlib_random_3sat_uuf50,test,gate_shuffled_R,50,218,4.36,1,0,0,31,391,22,21,6,0.2285445633357869,0.021862207999220118,32.864
uuf50-218_uuf50-0100,satlib_random_3sat_uuf50,calibration,vsids,50,218,4.36,1,0,0,21,348,21,20,5,0.532391501731919,0.017210040998179466,28.692
uuf50-218_uuf50-0100,satlib_random_3sat_uuf50,calibration,moms,50,218,4.36,1,0,0,22,310,21,20,5,0.532391501731919,0.01689450000412762,28.84
uuf50-218_uuf50-0100,satlib_random_3sat_uuf50,calibration,jeroslow_wang,50,218,4.36,1,0,0,26,451,24,23,7,0.532391501731919,0.021529082994675264,33.604
uuf50-218_uuf50-0100,satlib_random_3sat_uuf50,calibration,progress_only,50,218,4.36,1,0,0,25,413,26,25,7,0.532391501731919,0.020463499997276813,35.152
uuf50-218_uuf50-0100,satlib_random_3sat_uuf50,calibration,score_with_R,50,218,4.36,1,0,0,28,449,26,25,5,0.532391501731919,0.022575375012820587,36.196
uuf50-218_uuf50-0100,satlib_random_3sat_uuf50,calibration,gate_v17,50,218,4.36,1,0,0,26,431,24,23,6,0.532391501731919,0.02061879198299721,33.524
uuf50-218_uuf50-0100,satlib_random_3sat_uuf50,calibration,gate_shuffled_R,50,218,4.36,1,0,0,30,501,24,23,8,0.5931926194604034,0.023172875022282824,35.004
uuf50-218_uuf50-01000,satlib_random_3sat_uuf50,test,vsids,50,218,4.36,1,0,0,47,762,42,41,7,0.5931926194604034,0.03607520801597275,59.148
uuf50-218_uuf50-01000,satlib_random_3sat_uuf50,test,moms,50,218,4.36,1,0,0,40,726,40,39,7,0.5931926194604034,0.03354645901708864,54.903999999999996
uuf50-218_uuf50-01000,satlib_random_3sat_uuf50,test,jeroslow_wang,50,218,4.36,1,0,0,34,652,31,30,7,0.5931926194604034,0.027877707994775847,43.808
uuf50-218_uuf50-01000,satlib_random_3sat_uuf50,test,progress_only,50,218,4.36,1,0,0,43,689,35,34,7,0.5931926194604034,0.032832875003805384,50.656
uuf50-218_uuf50-01000,satlib_random_3sat_uuf50,test,score_with_R,50,218,4.36,1,0,0,65,947,49,48,11,0.5931926194604034,0.048150166985578835,72.288
uuf50-218_uuf50-01000,satlib_random_3sat_uuf50,test,gate_v17,50,218,4.36,1,0,0,66,995,56,55,9,0.5931926194604034,0.05248791599296965,79.78
uuf50-218_uuf50-01000,satlib_random_3sat_uuf50,test,gate_shuffled_R,50,218,4.36,1,0,0,40,650,36,35,7,0.16631087304064376,0.03163220899295993,50.6
uuf50-218_uuf50-0101,satlib_random_3sat_uuf50,calibration,vsids,50,218,4.36,1,0,0,50,1030,45,44,5,0.4676084982680801,0.04034474998479709,64.12
uuf50-218_uuf50-0101,satlib_random_3sat_uuf50,calibration,moms,50,218,4.36,1,0,0,29,609,28,27,6,0.4676084982680801,0.024322250013938174,39.136
uuf50-218_uuf50-0101,satlib_random_3sat_uuf50,calibration,jeroslow_wang,50,218,4.36,1,0,0,29,649,30,29,7,0.4676084982680801,0.02477804198861122,41.29600000000001
uuf50-218_uuf50-0101,satlib_random_3sat_uuf50,calibration,progress_only,50,218,4.36,1,0,0,47,912,42,41,7,0.4676084982680801,0.03778033299022354,59.748000000000005
uuf50-218_uuf50-0101,satlib_random_3sat_uuf50,calibration,score_with_R,50,218,4.36,1,0,0,62,1110,58,57,8,0.4676084982680801,0.05007158301305026,81.03999999999999
uuf50-218_uuf50-0101,satlib_random_3sat_uuf50,calibration,gate_v17,50,218,4.36,1,0,0,48,885,43,42,7,0.4676084982680801,0.038567665993468836,60.94
uuf50-218_uuf50-0101,satlib_random_3sat_uuf50,calibration,gate_shuffled_R,50,218,4.36,1,0,0,61,1115,55,54,7,0.22898092571905138,0.0470289170043543,77.75999999999999
