r_kpc,v_obs_km_s,v_baryon_km_s,v_dark_residual_km_s,residual_fraction,rho_residual_norm,slope_dlnv_dlnr,H,B,S_eff,V,R_resp,R_rob,structural_dark_support,structural_warning
0.4,30.310523261926676,26.789202769592848,14.179789680437331,0.21885310416670928,0.999999999999997,0.9117167592108807,1.0,0.5230900420691925,0.9259721106160901,0.7103389090024319,0.7189201984015313,0.7189201984015313,0.11176324435502671,0.1175996141219806
0.5154811715481171,38.19632692439341,33.8668957040556,17.66331695593331,0.2138460932593883,0.7317510177890997,0.8996911364293823,1.0,0.5264013611599926,0.9330586035893715,0.6813148203400913,0.7104850542551244,0.7104850542551244,0.10351519466610788,0.11761299391649596
0.6309623430962343,45.7261509333392,40.66580445874875,20.90868783308334,0.2090856687508126,0.6667367610648249,0.8785188633129266,1.0,0.5323342871502581,0.9468748998207738,0.7227458513623228,0.727316347371098,0.727316347371098,0.10990899144529542,0.10710233258229948
0.7464435146443515,52.9160648638061,47.19400066880545,23.933997191094615,0.20457633370555303,0.6093714131523025,0.8576488361327943,1.0,0.5383148744526841,0.9600700625119098,0.7098730241931273,0.7256697467939931,0.7256697467939931,0.10538409778374763,0.10425399722134891
0.8619246861924686,59.78141288071937,53.45934974641135,26.75659265874317,0.20032228438049046,0.5583024230213789,0.8371011059473936,1.0,0.5443358543319257,0.9722878130921819,0.6980639560885852,0.724303724654622,0.724303724654622,0.10128501499828066,0.10145961768430885
0.9774058577405859,66.33684648523186,59.46951581316302,29.393092565314937,0.19632740228668724,0.5126970160687823,0.816885468877139,1.0,0.5503924254609258,0.9830706618067904,0.6876262150787118,0.7233385722836777,0.7233385722836777,0.09765061217589713,0.09868634978212965
1.092887029288703,72.59635578283812,65.23196651936091,31.85940076281081,0.19259524704608239,0.4719397927605183,0.7970069214247673,1.0,0.5564808838950627,0.9918294519452556,0.6787015514246972,0.7228414205046471,0.7228414205046471,0.09448599434523888,0.0959231963463361
1.2083682008368202,78.57329933998872,70.75397775275621,34.17071847845682,0.18912905006442596,0.4355275111079858,0.7774679226477303,1.0,0.5625980571904735,0.9978023636047006,0.6713766940798278,0.7228610592125835,0.7228610592125835,0.09178661044596195,0.09316602490370779
1.3238493723849372,84.28043269292189,76.04263823921497,36.34155341377167,0.18593170903842354,0.40302647053673,0.7582694538694419,1.0,0.5687410412546777,0.9999991412299472,0.6657255569639,0.7234412465289813,0.7234412465289813,0.08954718894317296,0.09041204687631572
1.4393305439330546,89.72993556955439,81.10485403770997,38.385726368510234,0.18300578331153725,0.3740527527333264,0.7394115625974145,1.0,0.5749070671386869,0.9971243821091323,0.6618280982728164,0.7246266176797957,0.7246266176797957,0.08776559446011237,0.08765750921357078
1.5548117154811716,94.9334378825261,85.94735293199736,40.31637573217771,0.18035349008931703,0.348261778127532,0.7208936625542179,1.0,0.581093429396306,0.9874708754587002,0.6597807461560705,0.7264658453306755,0.7264658453306755,0.08644490263852227,0.08489657077089183
1.6702928870292886,99.90204454887102,90.5766887212848,42.14596024925864,0.17797670152151096,0.325342030477565,0.7027147092784602,1.0,0.5872974459848053,0.9687698745755292,0.6597038838817293,0.729013746710492,0.729013746710492,0.08559490460742138,0.08212063554484983
1.785774058577406,104.64635918928259,94.9992454121458,43.88626052302983,0.17587694265464124,0.30501081388355017,0.6848733082399718,1.0,0.5935164353957305,0.9379797005175394,0.6617486909938963,0.7323330152158537,0.7323330152158537,0.085233556795887,0.07931785562439148
1.901255230125523,109.17650675755078,99.22124131388713,45.54837977264294,0.17405539025509764,0.28701108920601187,0.6673677844681976,1.0,0.5997477037250947,0.8909885320855055,0.6661044813591668,0.7364958710502478,0.7364958710502478,0.0853886503649884,0.07647267961729694
2.01673640167364,113.50215514846481,103.24873303952765,47.142744394853885,0.17251287249927497,0.27110893672562275,0.6501962292926748,1.0,0.605988537756283,0.8222094297900316,0.673007260504976,0.7415857676903789,0.7415857676903789,0.08609989909433793,0.07356538735119908
2.1322175732217574,117.63253583029552,107.08761941449852,48.679104901397686,0.17124986952379262,0.2570914165652035,0.6333565329810682,1.0,0.6122362018382368,0.7240914990068925,0.6827501022680896,0.7476992183736201,0.7417260929396888,0.08672325706995254,0.0722423351521519
2.2476987447698744,121.57646354588941,110.74364529513045,50.16653780231707,0.17026651482540747,0.24476470486033752,0.6168464084224681,1.0,0.6184879372529172,0.5868272907113821,0.6956959595187676,0.7549477670736916,0.7088678085092691,0.08396803344673708,0.08014717929468573
2.363179916317992,125.34235512441958,114.2224052989469,51.613448982404,0.1695625974969484,0.23395243651304212,0.6006634089755423,1.0,0.6247409632734846,0.39987636471532456,0.7122936160333683,0.7634601001619167,0.6494880913960607,0.07844410373536255,0.09513336433884424
2.478661087866109,128.93824744393913,117.52934744873878,53.02757907153708,0.16913756528237475,0.2244942127345688,0.5848049424285193,1.0,0.6309924794073538,0.1651681458806222,0.7330976333761443,0.7733842680143128,0.5257485378284694,0.06518984759295465,0.12712312786776472
2.594142259414226,132.37181458307234,120.66977673235239,54.41601124098959,0.1689905284310457,0.21624424634742784,0.5692682823179211,1.0,0.6372396684924573,1.6225256979486442e-05,0.7587933363761116,0.7848899539446172,0.052924220944188145,0.006786413940884344,0.2511564239958805
2.7096234309623433,135.65038419844686,123.64885858008078,55.78518176926042,0.16912026432834634,0.20907012611296757,0.5540505774226006,1.0,0.6434797004216583,0.14884795481546223,0.7419859257897614,0.7815861222440897,0.5163192860904526,0.06479025121214876,0.12712166387425122
2.8251046025104602,138.78095316281858,126.47162226150617,57.14089361677275,0.16952522287709995,0.20285168621885757,0.5391488599779635,1.0,0.64970973633721,0.38217146350226866,0.7063246482855079,0.7713318161116902,0.6471359074749774,0.07748795223522488,0.09207090579843619
2.9405857740585772,141.77020249726283,129.14296420360142,58.48833313424337,0.17020353260163207,0.1974799700552055,0.5245600529803482,1.0,0.6559269331799094,0.5694498260034458,0.672847479044931,0.7613611246770499,0.7080385263844338,0.08108529270832818,0.07575977091234593
3.0560669456066947,144.62451162929906,131.66765123185877,59.83208991084016,0.1711530074439684,0.19285627934835,0.5102809768361993,1.0,0.6621284485055505,0.7073845679531054,0.6416858330554174,0.7517756122508916,0.7404232883431763,0.0813180687799597,0.06709775869433703
3.1715481171548117,147.3499720073776,134.0503237361748,61.17617965190127,0.17237115421949356,0.18889130105003785,0.496308355533273,1.0,0.6683114454998866,0.8065423917137093,0.6129203874826874,0.7426673341774502,0.7426673341774502,0.07846265133800771,0.06637134366752313
3.2870292887029287,149.95240010078348,136.29549876318302,62.524069868176575,0.17385518069742312,0.1855043053424777,0.48263882245812795,1.0,0.67447309813597,0.8767992105191859,0.5865842833345272,0.7341165555355473,0.7341165555355473,0.07486573238190591,0.06853529727067326
3.402510460251046,152.4373498127007,138.4075730366879,63.87870806468761,0.17560200426970057,0.18262240885544553,0.46926892594805736,1.0,0.680610596426207,0.9257090896644522,0.5626679934854789,0.7261900699617694,0.7261900699617694,0.0717516654702001,0.07064476039034587
3.517991631799163,154.8101243329281,140.39082590781888,65.24255204157134,0.1776082611703799,0.1801798977813303,0.45619513463897476,1.0,0.6867211517280091,0.9588183888492354,0.5411252636758273,0.7189401615578753,0.7189401615578753,0.06909612906378473,0.07269114845949144
3.63347280334728,157.07578745554184,142.24942223648546,66.61760186440694,0.1798703162062743,0.17811760606486962,0.4434138426537686,1.0,0.6928020020657858,0.9801785813122146,0.5218795760160705,0.7124042116685776,0.7124042116685776,0.06687384239382721,0.07466771925098104
3.7489539748953975,159.2391743856577,143.98741520568166,68.00543302863777,0.18238427295853055,0.1763823442657102,0.43092137466143754,1.0,0.6988504174358319,0.9927658235423512,0.504830668728278,0.7066049137261033,0.7066049137261033,0.06505935751217287,0.07656953214109415
3.8644351464435145,161.30490205835633,145.60874907015258,69.40723033143789,0.18514598441395358,0.17492637506188663,0.41871399082835126,1.0,0.7048637050630094,0.9987857630585074,0.48986075098321125,0.7015510260137006,0.7015510260137006,0.06362769714566288,0.0783933527703605
3.979916317991632,163.27737899179346,147.1172618409035,70.82382197301126,0.18815106398423767,0.17370693169192816,0.4067878916757053,1.0,0.7108392145804177,0.9998884221473994,0.4768401605288005,0.6972385664393853,0.6972385664393853,0.06255483823695951,0.08013751167547364
4.095397489539749,165.1608146955225,148.51668790699847,72.25571343515985,0.19139489687085415,0.17268577593084392,0.39513922285246394,1.0,0.7167743431049318,0.9973191790450363,0.4656323119486331,0.6936523369771458,0.6936523369771458,0.06181805233131891,0.08180172732871209
4.210878661087866,166.95922865410793,149.81066059606445,73.7031207246035,0.19487265173310567,0.17182879246556557,0.38376407982966043,1.0,0.7226665401829904,0.9920255280765212,0.45609786747009423,0.6907676591506602,0.6907676591506602,0.061396120923409396,0.08338690517992907
4.326359832635983,168.67645890520248,151.00271467488486,75.16600261829663,0.19857929261689045,0.17110561678224528,0.37265851251747506,1.0,0.7285133125834669,0.9847333322759255,0.4480981271721233,0.6885522054734542,0.6885522054734542,0.061269447177032754,0.08489492457570731
4.441841004184101,170.3161702303935,152.0962887914363,76.6440916041177,0.2025095911018677,0.17048929390427617,0.36181852980715234,1.0,0.7343122289146781,0.9760019003342092,0.44149768135158296,0.6869678236778198,0.6869678236778198,0.06142008594704862,0.08632842479339693
4.557322175732218,171.8818619763001,153.09472785969282,78.13692326938953,0.2066581386251377,0.16995596552799913,0.35124010403605155,1.0,0.7400609240453092,0.9662642199880248,0.43616639683621333,0.6859722685682793,0.6859722685682793,0.06183171265351895,0.08769059998414518
4.672803347280335,173.3768755226109,154.00128538849154,79.64386394867655,0.21101935894009702,0.1694845832944905,0.3409191753741112,1.0,0.745757103310126,0.9558566693025087,0.4319808242923112,0.6855207776888808,0.6855207776888808,0.06248954905825053,0.08898501079979129
4.788284518828452,174.80440141300178,154.81912575572682,81.1641364987659,0.21558752066987838,0.16905664611237417,0.33085165612928336,1.0,0.7513985464829723,0.945041183147551,0.42882511844194315,0.6855674490228555,0.6855674490228555,0.063380260988783,0.09021541816970216
4.903765690376569,176.16748616414998,155.55132642910993,82.69684412080342,0.22035674991568813,0.16865595960927832,0.3210334349685695,1.0,0.7569831115014832,0.9340219487142932,0.42659156072016335,0.6860663994172284,0.6860663994172284,0.06449183998508563,0.09138564237785349
5.019246861924687,177.46903876737738,156.20088013470564,84.2409921959625,0.22532104288140437,0.16826841593957612,0.3114603810518304,1.0,0.7625087379292161,0.9229580911580207,0.42518076690320566,0.6869726997797825,0.6869726997797825,0.06581347798822684,0.09249944850142472
5.134728033472804,178.71183689679742,156.77069697442937,85.79550814103945,0.23047427847699425,0.16788179231464395,0.30212834807385036,1.0,0.7679734501435529,0.9119733904140956,0.4245016527197999,0.6882430965235437,0.6882430965235437,0.06733544170513858,0.09356045755947336
5.250209205020921,179.8985328372151,157.2636064936627,87.35925932372005,0.2358102308646296,0.16748556674947246,0.29303317821236874,1.0,0.77337536023825,0.9011637790691955,0.424471219927557,0.6898365380638634,0.6898365380638634,0.06904895122656404,0.0945720814565405
5.365690376569038,181.03165914443034,157.68235970011932,88.93106910403917,0.24132258191280623,0.16707074963754107,0.2841707059773597,1.0,0.7787126706327704,0.8906031670722622,0.42501421484209595,0.6917145307373264,0.6917145307373264,0.07094606584577319,0.09553747898851597
5.481171548117155,182.11363405002527,158.02963103506792,90.50973108913108,0.24700493352532338,0.16662972987448074,0.275536761958989,1.0,0.7839836763812158,0.8803479944380952,0.42606270149566616,0.6938413509292781,0.6938413509292781,0.07301957878378702,0.09645952975830145
5.596652719665272,183.14676662216908,158.30802029799565,92.09402170328246,0.2528508198135734,0.1661561343515936,0.26712717647075124,1.0,0.7891867671761539,0.8704408095252093,0.42755558283002015,0.6961841402130879,0.6961841402130879,0.07526292161514912,0.09734082274891898
5.71213389121339,184.1332616934551,158.52005452576915,93.68271118524268,0.25885371908233296,0.16564469973289342,0.258937783085031,1.0,0.7943204290441557,0.8609130955604531,0.4294380957643541,0.6987129086660092,0.6987129086660092,0.07767007854889087,0.09818365643339973
5.827615062761507,185.07522456628578,158.6681898273288,95.27457313039963,0.2650070656009696,0.16509115551469733,0.25096442205770586,1.0,0.7993832457322043,0.8517875133891685,0.4316612996110115,0.701400468867938,0.701400468867938,0.08023551028781942,0.09899004758681447
5.943096234309624,185.9746655058485,158.75481317492844,96.86839269754505,0.27130426113381634,0.16449211744580652,0.24320294364065376,1.0,0.8043738997846588,0.8430796881360367,0.43418157209026514,0.7042223199397998,0.7042223199397998,0.08295408691852758,0.09976174633474527
6.058577405857741,186.83350403026967,158.78224415290924,98.4629735991896,0.2777386862053114,0.16384499045896234,0.23564921127862704,1.0,0.8092911733138392,0.8347996375279935,0.43696012300238357,0.7071564977193628,0.7071564977193628,0.08582102913170424,0.10050025537056656
6.174058577405858,187.65357300710383,158.75273666497563,100.05714399138799,0.2843037110773822,0.1631478803313828,0.22829910468919934,1.0,0.8141339484677337,0.8269529172141468,0.43996253230208043,0.7101834040520253,0.7101834040520253,0.08883185700011773,0.1012068516672217
6.289539748953976,188.4366225648994,158.66848060091925,101.64976137434888,0.29099270641844444,0.16239951335410438,0.22114852282496145,1.0,0.8189012075997404,0.8195415415044831,0.4431583167633397,0.7132856253551404,0.7132856253551404,0.09198234552734974,0.1018826093705787
6.405020920502093,189.18432382818946,158.53160346371533,103.23971660922253,0.29779905364530057,0.16159916334688007,0.21419338671543642,1.0,0.8235920331481466,0.8125647250992416,0.4465205274801857,0.7164477481666571,0.7164477481666571,0.09526848620184669,0.10252842287969803
6.52050209205021,189.89827248387783,158.34417195789646,104.82593714977808,0.3047161549210974,0.16074658540810516,0.20742964218885618,1.0,0.8282056072328795,0.8060194815509237,0.4500253790072862,0.7196561773336452,0.7196561773336452,0.0986864538344612,0.1031450293897289
6.635983263598327,190.57999218663227,158.10819354008717,106.407389580551,0.31173744279441135,0.15984195583779137,0.20085326247274793,1.0,0.8327412109793005,0.7999011066355668,0.4536519099117838,0.7228989608260411,0.7228989608260411,0.10223257801661793,0.10373303039269323
6.751464435146444,191.2309378105519,157.8256179325639,107.98308154571035,0.31885638946636724,0.15888581771623211,0.19446025067301775,1.0,0.8371982235796885,0.7942035689529068,0.4573816737709934,0.7261656238247562,0.7261656238247562,0.10590331859589058,0.10429291180967525
6.866945606694561,191.8524985540481,157.49833860068574,109.55206314558743,0.326066515674529,0.15787903166253753,0.18824664213167353,1.0,0.8415761211039776,0.7889198255133261,0.4611984591689809,0.7294470137030977,0.7294470137030977,0.10969524462998272,0.10482506256409103
6.9824267782426785,192.44600090456592,157.12819419502128,111.11342787067576,0.33336139918410246,0.15682273133502603,0.1822085066634429,1.0,0.8458744750723445,0.7840420765012528,0.46508803694798306,0.7327351567419819,0.7327351567419819,0.11360501634296889,0.10532979150788624
7.0979079497907955,193.01271146947198,156.7169699589806,112.66631313606395,0.3407346828787,0.15571828327064705,0.17634195067196856,1.0,0.8500929508029228,0.7795619705963172,0.4690379327936141,0.7360231268374783,0.7360231268374783,0.11762936966149287,0.10580734269045229
7.2133891213389125,193.55383967915125,156.2663991027404,114.20990047279457,0.3481800824446435,0.1545672506930386,0.17064311914575114,1.0,0.8542313055491465,0.7754707700149427,0.4730372231790159,0.739304926054096,0.739304926054096,0.12176510296482485,0.10625790901100975
7.3288702928870295,194.07054036808094,155.77816414423575,115.7434154265826,0.35569139364437774,0.1533713609484391,0.1651081975359716,1.0,0.8582893864405464,0.7717594826745384,0.4770763526968426,0.7425753765928381,0.7425753765928381,0.1260090657296276,0.10668164433187376
7.4443514644351465,194.56391623939,155.25389821797202,117.26612720872109,0.36326249917615727,0.152132476256326,0.15973341351630665,1.0,0.8622671282428643,0.7684189674782426,0.48114697086114283,0.7458300235583682,0.7458300235583682,0.13035814879202415,0.10707867415273493
7.559832635983264,195.03502021816385,154.69518635239513,118.77734813884896,0.37088737511865333,0.15085256748687909,0.15451503862752247,1.0,0.8661645509518796,0.765440017595459,0.4852417865574526,0.7490650478037202,0.7490650478037202,0.13480927598977183,0.10744910495739447
7.675313807531381,195.4848576985167,154.1035667165413,120.27643291455654,0.37856009696056603,0.14953369070070807,0.14944938980710276,1.0,0.8699817572375388,0.7628134257113572,0.4893544384237425,0.7522771880745998,0.7522771880745998,0.13935939697911182,0.10779303235000885
7.790794979079498,195.91438868922677,153.4805318366712,121.76277773854368,0.3862748452166715,0.1481779662078399,0.14453283080737833,1.0,0.8737189297528305,0.7605300344916154,0.4934793795693261,0.7554636716618706,0.7554636716618706,0.1440054810513221,0.10811054809741359
7.906276150627615,196.32452986251377,152.8275297835774,123.23581933020456,0.3940259106330187,0.1467875599226995,0.13976177350281205,1.0,0.8773763283240459,0.7585807749207851,0.4976117751642498,0.7586221527843298,0.7586118081068534,0.14874248349895586,0.10840639193952167
8.021757322175732,196.71615651033062,152.1459653312391,124.69503384506652,0.40180769898518837,0.14536466681012744,0.13513267908973603,1.0,0.8809542870370898,0.7569566946964253,0.5017474115559449,0.7617506579542295,0.7605493282654058,0.15333128727028567,0.10921466056284057
8.13723849372385,197.09010441234466,151.43720108748172,126.13993572242909,0.40961473547464333,0.1439114962342498,0.13064205918067273,1.0,0.8844532112352663,0.7556489784733547,0.5058826156945985,0.7648475376228321,0.7625374531002455,0.15801070344742738,0.10997547083087533
8.252719665271966,197.44717161959485,150.70255859728636,127.57007647880914,0.41744166872923977,0.1424302590374868,0.12628647679522942,1.0,0.8878735744438938,0.7546489614360753,0.510014183759922,0.7679114234505925,0.7645741152259774,0.16277872516990444,0.1106875765096171
8.368200836820083,197.7881201576312,149.94331941937634,128.98504346236595,0.4252832744149351,0.14092315619131962,0.1220625472509198,1.0,0.8912159152357629,0.753948137419245,0.5141393179935722,0.7709411906003119,0.7666573538306993,0.16763335074391245,0.11134981201191144
8.483682008368202,198.11367765277154,149.16072617669707,130.38445858133042,0.43313445846660137,0.13939236887348944,0.11796693895666976,0.9999999999999816,0.8944808340515319,0.7535381625844787,0.5182555708455509,0.7739359245063356,0.7687852947484606,0.17257257627267197,0.11196109780801722
8.599163179916319,198.42453888494597,148.35598358138927,131.76797701756672,0.4409902599466557,0.13784004983840173,0.11399637411076924,1.0,0.8976689899895185,0.7534108554877592,0.522360795629303,0.7768948916216185,0.7709561331525165,0.1775943887794118,0.11252044518262608
8.714644351464436,198.7213672704431,147.53025943484346,133.13528593472927,0.4488458535409431,0.1362683159587034,0.1101476293082726,1.0,0.9007810975762701,0.7535581942287143,0.5264531029705818,0.7798175136957172,0.7731681185614467,0.1826967597809255,0.11302696038863634
8.830125523012553,199.00479627772245,146.68468560340895,134.48610318901683,0.45669655170195605,0.13467924182614494,0.10641753605810322,1.0,0.9038179235325182,0.7539723112554381,0.5305308224117958,0.7827033451841151,0.7754195418825415,0.18787763927727869,0.1134798482431276
8.94560669456067,199.2754307793144,145.82035897031875,135.82017604924798,0.46453780645004106,0.1330748543093354,0.10280298121583087,0.9999999999999816,0.9067802835439459,0.7546454863014819,0.5345924685985907,0.7855520534281029,0.7777087242437303,0.19313495012746418,0.11387841520905129
9.061087866108787,199.53384834269295,144.9383423643789,137.13727993186563,0.4723652108437402,0.1314571279746802,0.09930090733308816,1.0,0.9096690390495603,0.7555701378506063,0.5386367115433554,0.7883634012876396,0.7800340073958338,0.19846658278879337,0.11422207200047255
9.176569037656904,199.780600462876,144.03966546595686,138.4372171555125,0.48017450013086094,0.12982798128472317,0.09590831292700841,1.0,0.9124850940578674,0.7567388134592696,0.5426623505171255,0.7911372319445653,0.7823937454920454,0.20387039040294697,0.11451033574591146
9.292050209205021,200.01621373938406,143.1253256907934,139.71981571897126,0.48796155259220186,0.1281892734954667,0.09262225267463009,1.0,0.9152293919990188,0.7581441792116713,0.5466682911657196,0.7938734556225969,0.7847862980723055,0.20934418421304643,0.11474283174230242
9.407531380753138,200.2411910000684,142.1962890521493,140.98492810553714,0.49572239009017965,0.12654280218105707,0.08943983753232487,1.0,0.9179029126244237,0.7597790085360322,0.5506535254971948,0.7965720380032388,0.7872100241037228,0.21488572930261482,0.1149192948270938
9.523012552301255,200.45601237420826,141.25349100178647,142.23243011626062,0.503453178334828,0.12489030132032047,0.08635823478689986,0.9999999999999818,0.9205066689591211,0.7616361705739356,0.5546171144256214,0.7992329901400905,0.7896632769451858,0.22049274064926588,0.11503957039466207
9.638493723849374,200.6611363171656,140.29783725027224,143.46221973395032,0.5111502268798087,0.12323343988544576,0.08337466803857296,0.999999999999982,0.923041704316826,0.7637086182625648,0.5585581725890443,0.8018563596970554,0.7921444001207082,0.22616287948740788,0.11510361508007326
9.75397489539749,200.85700058878592,139.3302045670837,144.6742160193659,0.518809988861206,0.12157382087829703,0.08048641712056792,0.999999999999982,0.9255090893830397,0.7659893762640986,0.5624758551975315,0.8044422233582235,0.794651723802148,0.231893749979329,0.1151114971306167
9.869456066945608,201.04402318763164,138.35144156097888,145.86835804062514,0.5264290604919274,0.11991298076464323,0.07769081795780153,1.0,0.9279099193727717,0.7684715288550802,0.5663693466875462,0.8069906802721999,0.7971835619125823,0.23768289619219957,0.1150633964844879
9.984937238493725,201.22260324304264,137.36236944108967,147.04460383651127,0.5340041803245579,0.11825238926110011,0.07498526236884118,1.0,0.9302453112672415,0.771148207870495,0.5702378509893026,0.8095018464116358,0.79973820977437,0.24352779938252428,0.11495960457364143
10.100418410041842,201.39312186692788,136.36378275918233,148.2029294140767,0.5415322282954834,0.116593449433532,0.07236719781175793,1.0,0.9325164011362634,0.7740125807829793,0.5740805832348754,0.8119758497434051,0.8023139422364081,0.24942587559063883,0.11480052386555771
10.215899581589959,201.55594296710495,135.35645013351984,149.3433277806907,0.5490102245630198,0.1149374980694883,0.06983412707984371,0.999999999999982,0.9347243415477324,0.7770578389851313,0.5778967627507866,0.8144128261140532,0.8049090122212949,0.255374473546501,0.11458666715928117
10.331380753138076,201.71141402392465,134.34111495475096,150.46580801047637,0.5564353281521801,0.11328580629062163,0.06738360794821574,1.0,0.9368702990691938,0.7802771863330885,0.5816856072017106,0.8168129157702038,0.807521649643797,0.26137087289202027,0.11431865664761985
10.446861924686193,201.8598668318368,133.31849607424132,151.57039434490295,0.5638048354185472,0.11163958037417725,0.06501325277449155,1.0,0.9389554518639801,0.7836638280012935,0.5854463277612504,0.8191762604396365,0.8101500606559516,0.2674122827222915,0.11399722275812318
10.56234309623431,202.0016182074807,132.2892884752515,152.65712532716083,0.5711161783435501,0.10999996275556485,0.06272072805640505,0.9999999999999822,0.9409809873840382,0.7872109596913363,0.5891781252014732,0.8215030009086817,0.8127924271808867,0.2734958404495372,0.11362320278399864
10.677824267782427,202.13697066581094,131.25416392735835,153.72605296982374,0.5783669226732157,0.10836803318662917,0.06050375395003016,1.0,0.9429481001602555,0.7909117572325431,0.5928801868073363,0.8237932750396835,0.8154469067030045,0.2796186109950096,0.1131975393151178
10.793305439330544,202.26621306570175,130.21377162450608,154.77724195520747,0.5855547659122307,0.10674481002665409,0.05836010375026035,1.0,0.9448579896922952,0.7947593666073519,0.5965516840282699,0.8260472161774348,0.8181116322854274,0.2857775863117182,0.11272127847905394
10.908786610878662,202.38962122640748,129.16873880706507,155.81076886775475,0.5926775351848784,0.10513125164538502,0.05628760333578953,1.0,0.9467118584389029,0.7987468944306416,0.6001917707892922,0.8282649518996392,0.8207847127896002,0.2919696852409636,0.11219556800150154
11.02426778242678,202.50745851619504,128.11967136826712,156.82672145771488,0.5997331849741285,0.10352825791935931,0.05428413058342585,1.0,0.9485109099068144,0.8028673989094391,0.6037995823954765,0.8304466030720444,0.8234642332756283,0.2981917537069943,0.11162165509499382
11.139748953974896,202.61997641440428,127.06715444537787,157.82519793533677,0.6067197947498425,0.10193667180468473,0.05234761475065852,1.0,0.9502563468411893,0.8071138813068411,0.6073742349636618,0.8325922831718573,0.8261482555635903,0.30444056524975005,0.11100088418455858
11.255230125523013,202.727415048136,126.01175299595798,158.8063062947592,0.6136355664967409,0.10035728097116829,0.05047603583301452,1.0,0.9519493695132344,0.8114792779317895,0.6109148253283034,0.8347020978479184,0.828834818939114,0.31071282189835125,0.11033469447909937
11.37071129707113,202.83000370471285,124.95401235955644,159.77016366675488,0.6204788221524344,0.09879081948415795,0.04866742389435785,1.0,0.9535911741077784,0.8159564526751543,0.6144204313734228,0.836776144691523,0.8315219409901565,0.31700515538770696,0.1096246173951489
11.486192468619247,202.9279613210069,123.89445880517258,160.71689569946736,0.6272480009654652,0.09723796952194493,0.04691985837638413,1.0,0.9551829512058834,0.8205381901109822,0.6178901127406004,0.8388145131895014,0.8342076185596814,0.3233141287147691,0.10887227384288682
11.601673640167364,203.0214969506778,122.83360006481337,161.6466359662692,0.63394165678295,0.0956993631178653,0.04523146738574724,1.0,0.956725884364277,0.8252171891804061,0.6213229118734023,0.840817284838719,0.836889828804015,0.3296362380342687,0.10807937138111602
11.717154811715481,203.11081021031933,121.77192585346674,162.55952539986748,0.640558455277048,0.09417558391740803,0.04360042696441724,1.0,0.9582211487865712,0.8299860574753184,0.6247178553611522,0.8427845334009999,0.8395665303462339,0.33596791489150657,0.10724770124964479
11.832635983263598,203.19609170546568,120.7099083758031,163.45571175178077,0.6470971711190916,0.09266716894172324,0.042024960341791484,1.0,0.9596699100873678,0.8348373061376372,0.6280739555468045,0.84471632528076,0.842235664515823,0.3423055287881618,0.1063791352862154
11.948117154811715,203.27752343736742,119.64800281991016,164.33534907632085,0.6535566851098555,0.09117461034990974,0.040503337173674936,1.0,0.9610733231440715,0.8397633453892673,0.631390212369895,0.8466127200091658,0.8448951566665682,0.34864539007760553,0.10547562273589933
12.063598326359832,203.35527919140458,118.58664783835863,165.19859723821875,0.6599359812740462,0.08969835719333048,0.03903387276824333,1.0,0.9624325310355403,0.8447564807076801,0.6346656154108328,0.8484737708183041,0.8475429175641125,0.3549837531804867,0.10453918696124188
12.179079497907951,203.429524907966,117.52626601689028,166.0456214430477,0.666234143926715,0.08823881715609302,0.037614927299955525,1.0,0.963748664065738,0.849808909660478,0.6378991461104786,0.850299525292505,0.8501768448367121,0.3613168201134463,0.1035719220605881
12.294560669456068,203.5004190365868,116.46726433101142,166.87659178961184,0.6724503547189292,0.08679635827649043,0.03624490501596256,0.9999999999999825,0.96502283886703,0.85491271941236,0.6410897801463443,0.8520900260866089,0.8520900260866089,0.36733690499677873,0.10306710931453121
12.410041841004185,203.5681128740993,115.41003459076951,167.6916828434834,0.6785838896696402,0.0853713106448876,0.03492225343393329,1.0,0.966256157582795,0.8600598849170458,0.6442364899336299,0.8538453116970124,0.8538453116970124,0.37327427688428133,0.10264174370717734
12.525523012552302,203.63275088751897,114.3549538739833,168.4910732308911,0.6846341161903258,0.08396396807421924,0.03364546253322942,1.0,0.9674497071261049,0.8652422678055197,0.6473382472322898,0.85556541727648,0.85556541727648,0.3791779078956678,0.10221186916680335
12.641004184100419,203.69447102235497,113.30238494819046,169.2749452521816,0.6906004901086129,0.08257458973971789,0.03241306394266985,1.0,0.9686045585098585,0.8704516159817425,0.6503940258430226,0.8572503754846091,0.8572503754846091,0.38504466435217916,0.10177833646045763
12.756485355648536,203.75340499700306,112.25267668157095,170.04348451409552,0.6964825526967169,0.08120340178505744,0.03122363012431606,0.9999999999999825,0.969721766247199,0.8756795639356125,0.6534028043684987,0.8589002173638584,0.8589002173638584,0.3908714485884587,0.10134199335927888
12.871966527196653,203.80967858384875,111.20616444309731,170.79687958012153,0.7022799277101837,0.07985059889252874,0.030075773554756324,0.9999999999999825,0.9708023678190529,0.8809176337822224,0.6563635690242795,0.8605149732346218,0.8605149732346218,0.3966552028399068,0.10090368313945138
12.98744769874477,203.86341187768116,110.163170492158,171.53532163821188,0.7079923184420651,0.07851634581526984,0.028968145906958398,1.0,0.9718473832040494,0.8861572370353366,0.6592753164799758,0.8620946736006145,0.8620946736006145,0.40239291317891446,0.10046424310072045
13.102928870292887,203.91471955199023,109.12400435789348,172.25900418516667,0.7136195047973196,0.07720077886996209,0.027899437231894808,1.0,0.9728578144696457,0.8913896771216697,0.6621370567186068,0.8636393500605044,0.8636393500605044,0.4080816134881664,0.10002450310450754
13.218410041841004,203.963711103694,108.08896320847884,172.96812272701365,0.7191613403918967,0.07590400738868057,0.026868375140679746,0.9999999999999825,0.9738346454218159,0.8966061526415953,0.6649478158952745,0.8651490362183646,0.8651490362183646,0.4137183894523893,0.09958528413654189
13.333891213389121,204.01049108681866,107.05833221058249,173.66287449473325,0.724617749680634,0.074626115128966,0.02587372399131027,1.0,0.974778841307442,0.9017977613801327,0.6677066391809552,0.8666237685867448,0.8666237685867448,0.4193003825521032,0.0991473968986924
13.44937238493724,204.05515933562972,106.03238487922262,174.34345817470077,0.7299887251177942,0.07336716164137023,0.024914284077112825,1.0,0.9756913485701422,0.9069555050708527,0.6704125935789645,0.8680635874789763,0.8680635874789763,0.4248247940444363,0.09871164043217263
13.564853556485357,204.09781117769063,105.01138341824102,175.010073653237,0.7352743243537458,0.07212718359403275,0.023988890820533015,0.9999999999999825,0.9765730946540734,0.912070294913607,0.6678206100870078,0.8672045030503135,0.8672045030503135,0.4258245960127965,0.09998342144730867
13.680334728033474,204.13853763730373,103.99557905160503,175.66292177468253,0.7404746674710198,0.07090619605398787,0.023096413972155005,1.0,0.9774249878538,0.9171329578451074,0.6645564990586489,0.8660409924737185,0.8660409924737185,0.4261677326740046,0.10148425995387807
13.79581589958159,204.17742562976716,102.98521234574706,176.30220411242874,0.7455899342626686,0.06970419372516055,0.022235756815007335,0.9999999999999825,0.9782479172081716,0.922134243559963,0.6614110268869178,0.8649150503946438,0.8649150503946438,0.4265254223418369,0.10295751917731975
13.911297071129708,204.21455814686294,101.98051352314309,176.92812275236093,0.7506203615556005,0.06852115214314627,0.021405855377111038,1.0,0.9790427524334019,0.9270648322772702,0.6583802461987257,0.8638257573592986,0.8638257573592986,0.42689717673344313,0.10440316216168144
14.026778242677825,204.2500144339718,100.98170276732928,177.54088008818832,0.7555662405812851,0.06735702882698012,0.020605677649314202,1.0,0.979810343896211,0.9319153432462582,0.6554604082732198,0.8627722366465351,0.8627722366465351,0.4272825635056461,0.10582115804988762
14.142259414225942,204.28387015919245,99.9889905195491,178.1406786281542,0.7604279143959864,0.06621176438830743,0.01983422281341518,1.0,0.9805515226203152,0.9366763439820313,0.6526479493630313,0.8617536509992088,0.8617536509992088,0.42768120078216354,0.10721148294441833
14.257740585774059,204.3161975748267,99.0025777672207,178.72772081264014,0.7652057753524338,0.06508528359841347,0.019090520477845985,1.0,0.9812671003269714,0.9413383602204753,0.6499394780923757,0.8607691996110836,0.8607691996110836,0.4280927521157842,0.10857412067421819
14.373221757322176,204.34706567157488,98.02265632440852,179.30220884219423,0.7699002626246111,0.06397749641369291,0.018373629921597967,0.9999999999999827,0.9819578695070762,0.9458918865787104,0.647331763841583,0.8598181153508737,0.8598181153508737,0.4285169218545073,0.10990906347209382
14.488702928870293,204.37654032577035,97.04940910448002,179.86434451553345,0.7745118597871324,0.06288829896025232,0.017682639349857254,1.0,0.9826246035196653,0.9503273979053806,0.6448217260268252,0.8588996622014435,0.8588996622014435,0.4289534508745817,0.11121631257095374
14.604184100418411,204.40468443996798,96.08301038512327,180.4143290770863,0.7790410924504595,0.06181757447835987,0.01701666515788247,0.9999999999999827,0.9832680567183815,0.9546353613024177,0.6424064241918801,0.8580131328954761,0.8580131328954761,0.429402112646723,0.11249587872496851
14.719665271966528,204.43155807718577,95.12362606589811,180.95236307365806,0.7834885259530201,0.060765194227541695,0.016374851206364838,1.0,0.9838889646010731,0.9588062487973557,0.6400830488487078,0.8571578467343249,0.8571578467343249,0.4298627096145733,0.1137477826590485
14.835146443514645,204.45721858908684,94.17141391848902,181.47864621981907,0.7878547631111059,0.05973101835321223,0.015756368106792706,1.0,0.9844880439822788,0.9628305506427517,0.6378489129988199,0.8563331475738665,0.8563331475738665,0.43033506985711645,0.11497205545255669
14.950627615062762,204.48172073837492,93.22652382982484,181.99337727162998,0.7921404420272415,0.058714896715706996,0.015160412518696376,1.0,0.9850659931851734,0.9666987892165831,0.6357014442722252,0.8555384019614171,0.8555384019614171,0.43081904400743654,0.11616873886411123
15.06610878661088,204.50511681566488,92.28909803822631,182.496753908335,0.796346233957564,0.05771666968265028,0.014586206457806838,0.9999999999999827,0.9856234922523428,0.9704015334947995,0.6336381776384495,0.8547729974146848,0.8547729974146848,0.4313145024132736,0.11733788559917135
15.181589958158996,204.5274567510771,91.35927136273916,182.98897262166673,0.8004728412385825,0.0567361688856386,0.014032996615298998,1.0,0.9861612031737239,0.9739294140646223,0.6316567486400069,0.854036340830798,0.854036340830798,0.43182133251862614,0.11847955952508551
15.297071129707113,204.54878822079476,90.43717142580769,183.47022861242263,0.8045209952735533,0.05577321794220973,0.013500053690165714,1.0,0.986679770128268,0.9772731386443717,0.6297548871024763,0.8533278570132711,0.8533278570132711,0.4323394364461995,0.1195938358392085
15.41255230125523,204.56915674881054,89.52291886943952,183.94071569398432,0.8084914545785564,0.054827633144095944,0.01298667173261947,1.0,0.9871798197399705,0.980423508073012,0.6279304112835548,0.8526469873090159,0.8526469873090159,0.43286872876653276,0.12068080119227598
15.528033472803347,204.58860580408063,88.61662756501049,184.40062620246636,0.8123850028882461,0.053899224112769546,0.012492167499544848,1.0,0.9876619613459375,0.9833714327299837,0.6261812224242703,0.8519931883458222,0.8519931883458222,0.43340913443785034,0.12174055377135734
15.643514644351464,204.60717689329263,87.7184048168544,184.8501509131913,0.8162024473211102,0.05298779442328855,0.012015879822627085,1.0,0.9881267872745899,0.9861079493432362,0.6245052996737611,0.8513659308640875,0.8513659308640875,0.43396058690667805,0.12277320334431394
15.758995815899581,204.6249096494461,86.82835155978093,185.28947896320253,0.8199446166039811,0.05209314219747974,0.011557168988474587,1.0,0.9885748731334371,0.9886242381408092,0.6229006953536252,0.850764698633712,0.850764698633712,0.43452302635287726,0.1237788712702229
15.8744769874477,204.64184191643426,85.94656255066113,185.71879777953595,0.8236123593554232,0.05121506066743895,0.01111541613136069,1.0,0.9890067781046308,0.990911640298992,0.6213655305358503,0.8501889874497498,0.8501889874497498,0.43509639806846906,0.12475769047852066
15.989958158995817,204.65800982980753,85.0731265542185,186.1382930129841,0.8272065424275347,0.050353338710382466,0.010690022638527807,1.0,0.989423045247226,0.992961675637471,0.619897990911347,0.8496383042014494,0.8496383042014494,0.4356806509612684,0.12570980541895616
16.105439330543934,204.67344789389125,84.20812652316019,186.54814847709656,0.8307280493056143,0.04950776135582606,0.010280409567371862,1.0,0.98982420180574,0.9947660605098464,0.6184963229269067,0.8491121660093647,0.8491121660093647,0.4362757361740471,0.12663537198455976
16.22092050209205,204.6881890554221,83.35163977278181,186.94854609217114,0.8341777785650564,0.048678110266104614,0.009886017075757536,1.0,0.9902107595227592,0.996316725835578,0.6171588301707067,0.8486100994253087,0.8486100994253087,0.4368816058107799,0.1275345574102279
16.336401673640168,204.7022647738607,82.50373815017618,187.33966583400039,0.837556642384775,0.04786416419118795,0.009506303864043275,1.0,0.9905832149560073,0.9976058352174455,0.615883869982041,0.8481316396882238,0.8481316396882238,0.43749821175674497,0.12840754015084083
16.451882845188283,204.71570508852977,81.664488198175,187.72168568714707,0.840865565116381,0.04706569939874362,0.00914074663012343,1.0,0.9909420497976644,0.9986258030868281,0.6146698502776312,0.8476763300355694,0.8476763300355694,0.43812550459368943,0.129254509737875
16.567364016736402,204.7285386827219,80.83395131415028,188.09478160253235,0.8441054819082824,0.04628249008042484,0.008788839536521209,1.0,0.9912877311959962,0.9993693128172593,0.6135152265729518,0.8472437210637779,0.8472437210637779,0.43876343259777467,0.1300756666184154
16.682845188284517,204.7407929449132,80.01218390380103,188.45912745912878,0.8472773373838212,0.04551430873526392,0.008450093689930327,1.0,0.9916207120780649,0.9998293347453547,0.612418499183276,0.8468333701335219,0.8468333701335219,0.4394119408129496,0.13087122197898018
16.798326359832636,204.75249402721371,79.19923753004835,188.81489502955841,0.8503820843725113,0.044760926531104854,0.008124036632693787,0.9999999999999827,0.9919414314732248,0.9999991440367788,0.6113782106002058,0.8464448408206202,0.8464448408206202,0.44007097020246627,0.13164139755224902
16.91380753138075,204.7636669011791,78.39515905716154,189.1622539494055,0.8534206826934011,0.04402211364496576,0.007810211846276616,0.9999999999999827,0.9922503148365915,0.9998723383339058,0.6103929430197779,0.8460777024039975,0.8460777024039975,0.440740456861878,0.13238642541297693
17.02928870292887,204.77433541110338,77.5999907902358,189.50137169006032,0.8563940979895421,0.043297639583155044,0.007508178267244148,0.9999999999999827,0.9925477743712642,0.9994428551208782,0.609461316018021,0.8457315293907698,0.8457315293907698,0.44142033129501806,0.13310654776220396
17.144769874476985,204.78452232490517,76.81377061014115,189.83241353491823,0.8593033006125165,0.042587273482026886,0.007217509814552159,0.9999999999999827,0.9928342093497947,0.9987049887411816,0.6085819843684748,0.8454059010783732,0.8454059010783732,0.44211051775315086,0.13380201669881073
17.260251046025104,204.79424938271754,76.0365321040611,190.1555425587663,0.8621492645559455,0.04189078439017994,0.006937794929399388,0.9999999999999827,0.9931100064330332,0.9976534070024576,0.6077536359818688,0.845100401146011,0.845100401146011,0.4428109336228095,0.13447309398446064
17.37573221757322,204.803537343284,75.2683046917384,190.4709196101955,0.8649329664368767,0.04120794153288124,0.006668636124743443,1.0,0.9933755399885955,0.9962831673030881,0.6069749899687956,0.8448146172783285,0.8448146172783285,0.44352148886794335,0.13512005079834996
17.491213389121338,204.8124060282603,74.50911374754465,190.77870329688378,0.867655384523926,0.04053851455952406,0.006409649549027563,0.9999999999999827,0.9936311724039016,0.994589732215349,0.6062447948116608,0.8445481408152047,0.8445481408152047,0.44424208551651284,0.13574316748701587
17.606694560669453,204.82087436451633,73.75898071848934,191.07904997360257,0.8703174978110405,0.0398822737748224,0.006160464559229695,0.9999999999999827,0.9938772543980563,0.9925689844601858,0.6055618266433134,0.8443005664293407,0.8443005664293407,0.4449726171935458,0.13634273330652202
17.722175732217572,204.82896042452813,73.01792323828371,191.37211373280334,0.8729202851357251,0.0392389903545287,0.005920723304939202,1.0,0.9941141253303871,0.990217241209561,0.6049248876258233,0.844071491829279,0.844071491829279,0.4457129686974999,0.13691904615874734
17.83765690376569,204.83668146494722,72.2859552375737,191.65804639764994,0.8754647243405793,0.03860843654633017,0.005690080324939117,1.0,0.9943421135036943,0.9875312676531,0.6043328044164535,0.8438605174827523,0.8438605174827523,0.4464630156103639,0.1374724123259566
17.953138075313806,204.84405396342805,71.5630870504562,191.93699751736415,0.87795179147697,0.0379903858566292,0.005468202153167567,1.0,0.9945615364648452,0.9845082897672052,0.603784426728084,0.8436672463656761,0.8436672463656761,0.4472226239520819,0.13800314619811752
18.068619246861925,204.85109365379353,70.84932551739183,192.20911436476143,0.880382460049677,0.03738461322387947,0.005254766936161559,0.9999999999999827,0.9947727013002116,0.9811460062264225,0.6032786259662564,0.8434912837288447,0.8434912837288447,0.4479916498642936,0.13851156999978212
18.18410041841004,204.857815559613,70.14467408462824,192.4745419358563,0.8827577003013355,0.036790895179077326,0.005049464060277842,0.9999999999999827,0.9949759049272275,0.9774425993984456,0.6028142939462898,0.8433322368854221,0.8433322368854221,0.44876993932967707,0.13899801351319593
18.29958158995816,204.8642340262641,69.44913290024593,192.73342295142243,0.8850784785355099,0.036209009994071686,0.0048519937892024245,0.9999999999999827,0.9951714343811908,0.9733967453667944,0.6023903416855658,0.8431897150175544,0.8431897150175544,0.4495573279244215,0.13946281379879394
18.415062761506274,204.87036275154807,68.76269890694023,192.98589786039906,0.8873457564772335,0.03563873781824497,0.004662066912146656,1.0,0.9953595670965506,0.9690076229271383,0.6020056982615609,0.8430633289984781,0.8430633289984781,0.4503536405967761,0.1399063149160007
18.530543933054393,204.87621481492204,68.08536593165107,193.23210484503667,0.8895604906698544,0.035079860804160465,0.004479404401649845,1.0,0.99554057118342,0.9642749215064444,0.6016593097408183,0.8429526912334586,0.8429526912334586,0.45115869147908155,0.14032886764090055
18.646025104602508,204.8818027054125,67.4171247721539,193.47217982768325,0.8917236319070412,0.034532163222724295,0.004303737080647352,0.9999999999999827,0.995714705699336,0.9591988479569147,0.6013501381677799,0.842857415515234,0.842857415515234,0.45197228372440257,0.14073082918424562
18.761506276150627,204.88713834826834,66.75796328072315,193.70625647911342,0.893836124698805,0.033995431568380745,0.004134805299258915,0.9999999999999827,0.9958822209155208,0.9537801321800344,0.6010771606147529,0.8427771168949563,0.8427771168949563,0.45279420937079484,0.14111256290868818
18.876987447698745,204.8922331304109,66.10786644498104,193.9344662283092,0.8958989067704124,0.03346945465486799,0.003972358620899286,1.0,0.9960433585777642,0.9480200315398435,0.6008393682887364,0.8427114115672978,0.8427114115672978,0.4536242492307832,0.1414744380460799
18.99246861924686,204.8970979247349,65.46681646604337,194.1569382736033,0.8979129085930736,0.03295402370200591,0.0038161555182227858,0.9999999999999827,0.9961983521611557,0.941920334027938,0.6006357656939212,0.8426599167695586,0.8426599167695586,0.45446217280647866,0.14181682941477833
19.10794979079498,204.90174311331268,64.83479283407428,194.37379959510142,0.8998790529453067,0.03244893241400857,0.0036659630759459105,0.9999999999999827,0.9963474271213594,0.9354833601473731,0.6004653698464664,0.84262225069451,0.84262225069451,0.45530773822897447,0.14214011713650784
19.223430962343095,204.90617860955075,64.21177240136228,194.58517496830214,0.9017982545038921,0.0319539770497526,0.0035215567051523067,0.9999999999999827,0.9964908011376312,0.9287119634864904,0.600327209536911,0.8425980324137902,0.8425980324137902,0.4561606922180489,0.1424446863560333
19.338912133891213,204.91041387934627,63.597729453028045,194.7911869788375,0.903671419463353,0.03146895648544626,0.003382719863282091,0.9999999999999827,0.996628684353122,0.921609529958303,0.6002203246454302,0.8425868818164606,0.8425868818164606,0.45702077006981157,0.14273092695841996
19.45439330543933,204.91445796128838,62.99263577547684,194.99195603826004,0.9054994451829086,0.030993672270121616,0.0032492437850351052,1.0,0.9967612796070731,0.9141799756859686,0.6001437654996186,0.8425884195566866,0.8425884195566866,0.4578876956623637,0.14299923328981368
19.569874476987447,204.91831948594782,62.396460722705015,195.1876004008065,0.9072832198598737,0.03052792867432865,0.003120927219015357,1.0,0.9968887826638533,0.9064277435197297,0.600096592276862,0.8426022670132745,0.8426022670132745,0.4587611814835785,0.1432500038783103
19.685355648535563,204.92200669429542,61.809171280572755,195.37823618106924,0.90902362222849,0.03007153273243381,0.002997576174379901,0.9999999999999827,0.997011382434429,0.8983577981753799,0.600077874453522,0.8426280462612681,0.8426280462612681,0.4596409286838619,0.14348364115508463
19.80083682008368,204.92552745528948,61.23073212915211,195.5639773725126,0.9107215212832027,0.029624294278881413,0.002879003674024716,0.9999999999999827,0.9971292611935463,0.889975619989969,0.6000866902912746,0.8426653800522517,0.8426653800522517,0.46052662714570103,0.14370055117810368
19.916317991631797,204.9288892826691,60.661105703260816,195.74493586677093,0.9123777760254066,0.029186025978760757,0.002765029514989692,0.9999999999999827,0.9972425947917958,0.8812871972954758,0.6001221263640698,0.8427138918050296,0.8427138918050296,0.46141795557447274,0.14390114335677703
20.031799163179915,204.93209935098943,60.10025225129015,195.92122147367064,0.9139932352327199,0.028756543353022582,0.002655480037901725,0.9999999999999827,0.9973515528606084,0.8722990174165882,0.6001832771265635,0.8427732056068583,0.8427732056068583,0.4623145816121866,0.1440858301774175
20.147280334728034,204.93516451093294,59.548129892435426,196.09294194191892,0.9155687372498515,0.02833566479866563,0.002550187901931622,0.9999999999999827,0.9974562990135502,0.8630180563039613,0.6002692445175762,0.8428429462233311,0.8428429462233311,0.4632161619690474,0.14425502693051526
20.26276150627615,204.9380913039298,59.00469467243578,196.26020298040686,0.9171051098001636,0.027923211604190475,0.002448991867083805,1.0,0.9975569910419856,0.8534517668201264,0.6003791375985453,0.8429227391166056,0.8429227391166056,0.464122342573446,0.1444091514401619
20.378242677824268,204.94088597611798,58.46990061792942,196.42310828007393,0.9186031698170395,0.027519007960616976,0.0023517365845577842,1.0,0.9976537811042547,0.8436080657003765,0.6005120722303263,0.8430122104734646,0.8430122104734646,0.46503275874457767,0.1445486237941454
20.493723849372383,204.94355449167335,57.94369978952873,196.5817595362867,0.9200637232942033,0.02712288096834937,0.0022582723919413183,0.9999999999999827,0.9977468159114797,0.8334953192163742,0.600667170781377,0.8431109872410769,0.8406967200549409,0.46461278561524394,0.1469001619868196
20.609205020920502,204.94610254553785,57.426042333718414,196.73625647168367,0.9214875651541464,0.026734660640142512,0.002168455115679535,1.0,0.9978362369074676,0.8231223275758107,0.6008435618700267,0.843218697171107,0.8381490680446125,0.4640578862708494,0.14946703245387347
20.724686192468617,204.94853557557337,56.91687653367773,196.88669685944288,0.9228754791338516,0.02635417990043715,0.002082145880876851,1.0,0.9979221804425559,0.8124983080963476,0.6010403801371234,0.8433349688705184,0.835517783177654,0.4634495398301177,0.15211266733404227
20.840167364016736,204.95085877416673,56.4161488591263,197.03317654692913,0.9242282376870156,0.025981274581286833,0.0019992109248505585,1.0,0.9980047779448795,0.8016328771975588,0.6012567660502366,0.8434594318608805,0.8328025176038483,0.4627870942419538,0.15483756983499716
20.95564853556485,204.9530770993108,55.92380401529066,197.1757894796808,0.9255466019020047,0.025615783415128178,0.0019195214189267062,1.0,0.9980841560845044,0.7905360312598821,0.6014918657396026,0.8435917166449398,0.8300029716735989,0.4620699188545002,0.1576421897309608
21.07112970711297,204.95519528518565,55.43978499108617,197.31462772569785,0.9268313214347927,0.025257548024594977,0.001842953294669769,0.9999999999999827,0.9981604369341432,0.7792181264030801,0.6017448308603286,0.8437314547791565,0.8271188943592839,0.4612974055159344,0.16052692299070226
21.186610878661085,204.95721785226166,54.96403310660649,197.44978149999386,0.9280831344561542,0.024906412909595776,0.0017693870769335263,1.0,0.9982337381240043,0.7676898572439901,0.6020148184829301,0.8438782789525902,0.8241500836506727,0.46046896968203904,0.1634921114428037
21.302092050209204,204.959149116947,54.49648806000977,197.58133918937824,0.9293027676124136,0.024562225431842357,0.0016987077204362322,1.0,0.9983041729939914,0.7559622346943412,0.6023009910115106,0.8440318230727254,0.8210963869231852,0.45958405152820697,0.16653804247810655
21.417573221757323,204.96099320079915,54.03708797388787,197.70938737743418,0.9304909359990621,0.024224835797028825,0.0016308044540664923,0.9999999999999827,0.9983718507390003,0.7440465628670301,0.6026025161301384,0.8441917223575541,0.8179577012777464,0.45864211706437563,0.16966494879048144
21.533054393305438,204.962754039321,53.58576944120116,197.8340108696622,0.9316483431465894,0.02389409703483318,0.0015655706280313098,1.0,0.9984368765521267,0.7319544151611231,0.6029185667705024,0.8443576134319939,0.8147339738495949,0.4576426592448242,0.1728730081569321
21.648535564853557,204.96443539035954,53.14246757085794,197.95529271875805,0.9327756810178849,0.023569864976907957,0.0015029035678253422,1.0,0.998499351761766,0.7196976095992321,0.6032483211069327,0.8445291344304372,0.8114252020860697,0.4565851990761099,0.17616234325702818
21.764016736401672,204.96604084212566,52.70711603301442,198.07331424999754,0.9338736300165936,0.023251998233030164,0.0014427044328044758,1.0,0.9985593739647626,0.7072881834968459,0.6035909625734625,0.8447059251037726,0.80803143399162,0.45546928671663306,0.1795330215323302
21.87949790794979,204.96757382085192,52.279647104165576,198.18815508670113,0.9349428590058328,0.022940358165551053,0.0013848780778857872,1.0,0.998617037157038,0.6947383675424248,0.6039456799039183,0.844887626931656,0.8045527683390596,0.45429450256650966,0.18298505508585602
21.994979079497906,204.96903759810434,51.85999171209477,198.29989317575178,0.9359840253366857,0.022634808862302704,0.0013293329217844985,1.0,0.9986724318582523,0.682060559372998,0.6043116671939552,0.8450738832387338,0.8009893548455269,0.4530604583444603,0.18651840062305142
22.110460251046025,204.97043529776448,51.44807948074385,198.4086048131434,0.9369977748859248,0.022335217108086673,0.0012759808188320676,0.9999999999999827,0.9987256452334065,0.6692672967315801,0.6046881239837196,0.8452643393150655,0.7973413943125979,0.4517667981487663,0.19013295943372072
22.22594142259414,204.97176990269617,51.043838775062106,198.5143646695354,0.9379847421024212,0.02204145235488504,0.0012247369355691262,1.0,0.9987767612101578,0.6563712302910331,0.605074255360973,0.8454586425404338,0.7936091387285797,0.45041319949934694,0.19382857741644544
22.34142259414226,204.97304426111128,50.64719674588626,198.6172458157926,0.9389455500617266,0.021753386690906443,0.0011755196302374316,0.9999999999999827,0.9988258605936833,0.6433850962381401,0.6054692720802327,0.8456564425109645,0.7897928913323995,0.44899937435557263,0.19760504514517724
22.456903765690374,204.97426109264813,50.25807937490007,198.71731974848927,0.9398808105283297,0.021470894808588065,0.0011282503379561604,0.9999999999999827,0.9988730211762825,0.6303216887044826,0.6058723907049874,0.8458573911708301,0.7858930066392102,0.4475250701133799,0.20146209797792558
22.572384937238493,204.97542299417566,49.87641151971525,198.814656415359,0.9407911240251075,0.021193853971666263,0.0010828534591382777,0.9999999999999827,0.9989183178441259,0.6171938321363188,0.6062828337605795,0.846061142943774,0.7819098904236469,0.4459900705683385,0.20539941621043786
22.68786610878661,204.9765324453353,49.502116959111866,198.90932424067003,0.9416770799095071,0.020922143981404275,0.0010392562518291015,1.0,0.9989618226804408,0.6040143536959404,0.606699829909583,0.8462673548700538,0.7778439996643903,0.4443941968537261,0.2094166252711075
22.803347280334727,204.97759181383293,49.135118438469085,199.00139015051107,0.9425392564560228,0.020655647142101236,0.0009973887270007253,1.0,0.999003605066074,0.5907960557838998,0.6071226141395446,0.8464756867443001,0.773695842445743,0.4427373083418107,0.21351329596051696
22.918828451882845,204.97860336049186,48.77533771541317,199.0909195979697,0.9433782209445308,0.02039424822594179,0.0009571835487349745,1.0,0.9990437317754777,0.5775516887739739,0.6075504279613596,0.8466858012531377,0.7694659778153151,0.4410193035047882,0.2176889447364563
23.03430962343096,204.97956924407768,48.42269560570308,199.17797658818873,0.9441945297540845,0.020137834437298194,0.0009185759370211599,1.0,0.9990822670703646,0.564293924050146,0.6079825196283307,0.8468973641178632,0.76515501560089,0.43924012074264773,0.22194303404066523
23.14979079497908,204.98049152590534,48.07711202936866,199.2626237032858,0.9449887284617682,0.019886295376555518,0.0008815035740781241,0.9999999999999827,0.9991192727901052,0.5510353274341252,0.6084181443610632,0.8471100442351825,0.7607636161813346,0.43739973916236596,0.22627497267194255
23.265271966527195,204.98137217423823,47.73850605711092,199.34492212712306,0.9457613519462396,0.0196395230035343,0.0008459065138595179,0.9999999999999827,0.9991548084391872,0.5377883330896218,0.6088565645842235,0.8473235138190047,0.7562924902132202,0.43549817931205415,0.2306841162036251
23.380753138075313,204.98221306848876,47.40679595696799,199.42493166991366,0.9465129244955953,0.01939741160058671,0.0008117270950833699,1.0,0.9991889312713796,0.5245652179884198,0.6092970501774216,0.8475374485442785,0.751742398313788,0.43353550387026474,0.2351697674445704
23.49623430962343,204.98301600322918,47.081899241245296,199.502710792654,0.9472439599192181,0.019159857735435347,0.0007789098572175135,0.9999999999999827,0.9992216963711509,0.5113780770199952,0.6097388787343114,0.8477515276904578,0.7471141506984335,0.4315118182834146,0.239731176944915
23.611715481171547,204.9837826920214,46.763732713702076,199.57831663136974,0.9479549616632716,0.018926760223814763,0.0007474014581703159,1.0,0.9992531567335761,0.4982387988223839,0.6101813358257859,0.8479654342831846,0.7424086067712719,0.42942727134594616,0.24436754354735865
23.727196652719662,204.98451477107415,46.452212516982456,199.65180502116633,0.9486464229295296,0.01869802009197081,0.0007171505970973158,1.0,0.9992833633393118,0.48515904241175684,0.6106237152719292,0.8481788552353324,0.7376266746702048,0.4272820557258056,0.2490780149831443
23.84267782426778,204.98521380273453,46.147254180272306,199.72323052007278,0.9493188267972339,0.018473540539079146,0.0006881079384584154,1.0,0.9993123652284867,0.472150214682213,0.6110653194218186,0.8483914814884402,0.7327693107670694,0.4250764084333619,0.25386168851099716
23.9581589958159,204.98588127882257,45.84877266715995,199.79264643267186,0.9499726463476954,0.0182532268996329,0.000660226039144618,1.0,0.9993402095716766,0.4592234488425522,0.6115054594399887,0.8486030081533901,0.7278375191217223,0.4228106112307634,0.258717611600264
24.073640167364015,204.98651862381465,45.55668242367219,199.86010483350643,0.9506083447913606,0.018036986605850507,0.0006334592769690062,0.9999999999999827,0.9993669417396589,0.44638958385665317,0.6119434555949879,0.8488131346489303,0.7228323508904313,0.42048499097737085,0.26364478265721675
24.189121338912134,204.9871271978838,45.27089742645377,199.9256565902558,0.9512263755970829,0.01782472915014266,0.0006077637848420636,1.0,0.9993926053676186,0.433659144943516,0.6123786375459229,0.8490215648350563,0.717754903685724,0.4180999199055581,0.26864215179811185
24.30460251046025,204.9877082998023,44.99133123105361,199.98935138667372,0.9518271826233436,0.017616366047678404,0.0005830973841511877,1.0,0.9994172424202692,0.421042325194229,0.6128103446390504,0.8492280071487,0.7126063208938853,0.4156558158376051,0.2737086216612412
24.420083682008368,204.98826316971346,44.71789702027656,200.05123774528278,0.9524112002511913,0.017411810799103488,0.0005594195210960606,0.9999999999999827,0.999440893254132,0.4085489683557239,0.6132379262029816,0.8494321747356801,0.7073877909467778,0.4131531423327062,0.2788430482618534
24.535564853556483,204.98879299177824,44.45050765255683,200.1113630498181,0.9529788535186644,0.017210978853428687,0.0005366912073441199,0.9999999999999827,0.9994635966756037,0.3961885528222135,0.6136607418415251,0.8496337855780836,0.7021005465465233,0.41059240876165254,0.2840442418915572
24.651046025104602,204.9892988967024,44.1890757103042,200.169773567416,0.9535305582564881,0.017013787571135607,0.000514874960117595,1.0,0.9994853899996858,0.3839701768793693,0.614078161730283,0.8498325626214639,0.6967458638488971,0.40797417031586264,0.2893109680551119
24.766527196652717,204.98978196414956,43.93351354817275,200.22651447054184,0.9540667212248363,0.016820156187523774,0.0004939347459185228,1.0,0.9995063091051681,0.3719025452294131,0.6144895669032145,0.8500282338944881,0.6913250615991808,0.40529902793709344,0.29464194845153385
24.882008368200836,204.9902432250454,43.68373334119725,200.28162985865288,0.9545877402509643,0.016630005776322718,0.00047383592664118623,1.0,0.9995263884875087,0.3599939568290884,0.6148943495445819,0.8502205326286567,0.6858395002276226,0.40256762818173036,0.3000358619922271
24.99748953974895,204.99068366377762,43.43964713274168,200.3351627795925,0.9550940043675299,0.016443259213611106,0.00045454520659404807,1.0,0.9995456613108793,0.3482522940614145,0.6152919132782755,0.8504091973749017,0.6802905809025984,0.3997806630125566,0.30549134585736865
25.11297071129707,204.991104220297,43.20116688220068,200.3871552507119,0.955585893951426,0.01625984114205233,0.00043603058134067396,0.9999999999999827,0.999564159458464,0.33668501325974737,0.6156816734406826,0.8505939721106514,0.6746797445393404,0.3969388695073946,0.3110069965926971
25.22845188284519,204.99150579212304,42.9682045123946,200.43764827971577,0.9560637808629587,0.01607967793546728,0.0004182612898375737,0.9999999999999827,0.999581913579528,0.32529913659216236,0.6160630573642103,0.8507746063495935,0.6690084707710947,0.3940430295061513,0.3165813712404898
25.343933054393304,204.99188923625962,42.74067195659614,200.4866818852304,0.9565280285852168,0.015902697663786294,0.0004012077667994163,1.0,0.9995989531363172,0.31410124531605904,0.6164355046397215,0.850950855240473,0.663278276877645,0.3910939691724673,0.3222129885085227
25.459414225941423,204.99225537102407,42.5184812051268,200.5342951170907,0.9569789923634812,0.015728830058358092,0.0003848415979064157,1.0,0.9996153064481748,0.3030974743999463,0.6167984673776065,0.8511224796634986,0.657490716676127,0.3880925584858213,0.327900329973
25.574895397489538,204.99260497779306,42.301544351460194,200.5805260763441,0.9574170193445389,0.015558006477679291,0.00036913547523909074,1.0,0.9996310007354798,0.29229350850795993,0.6171514104714568,0.8512892463270737,0.6516473793773832,0.38503971066844284,0.3336418413114219
25.690376569037657,204.99293880267075,42.089773637769326,200.62541193497114,0.9578424487157653,0.01539015987352564,0.00035406315657837695,1.0,0.9996460621597706,0.2816945793359139,0.6174938118309113,0.8514509278485262,0.6457498883995729,0.3819363815213696,0.3394359335744118
25.805857740585772,204.99325755808064,41.883081499855365,200.6689889553193,0.9582556118438555,0.015225224757504553,0.00033959942334149673,1.0,0.9996605158652749,0.27130546428298896,0.6178251626257991,0.8516073028399274,0.639799900152925,0.37878356870493846,0.3452809844814304
25.92133891213389,204.99356192428615,41.68138061139568,200.711292509251,0.9586568324130849,0.015063137168059558,0.00032572004261055554,0.9999999999999827,0.99967438601639,0.261130486437149,0.6181449675108879,0.851758155983447,0.6337991027877364,0.3755823109402024,0.3511753397496597
26.036820083682006,204.99385255084243,41.48458392745038,200.7523570970036,0.9590464265629909,0.014903834637907435,0.00031240172972957225,1.0,0.9996876958346319,0.25117351584791137,0.6184527448327157,0.8519032780981246,0.6277492149083198,0.3723336871348177,0.3571173144522723
26.152301255230125,204.99413005798246,41.292604727167316,200.79221636576193,0.9594247030253743,0.014747256161938895,0.0002996221106741359,1.0,0.9997004676358451,0.2414379720558708,0.6187480268411871,0.8520424662087448,0.6216519842607194,0.36903881545269623,0.3631051943982139
26.26778242677824,204.99439503794076,41.105356655627716,200.83090312794232,0.959791963260522,0.014593342165587473,0.00028735968942328327,0.9999999999999827,0.9997127228624457,0.23192682784394103,0.6190303598818212,0.8521755236045627,0.6155091863893004,0.36569885231063815,0.369137237540014
26.38326359832636,204.9946480562173,40.92275376477606,200.86844937918923,0.9601485015925649,0.014442034473668262,0.0002755938116933976,1.0,0.9997244821193295,0.22264261416773612,0.6192993045713305,0.8523022598915725,0.609322623264301,0.3623149913061451,0.3752116754045057
26.498744769874477,204.99488965278437,40.744710553380386,200.90488631608363,0.9604946053438833,0.014293276279693023,0.0002643046353796308,1.0,0.999735765203102,0.21358742622464827,0.6195544359588346,0.8524224910365796,0.6030941218833271,0.35888846208092173,0.3813267145473113
26.614225941422593,204.9951203432389,40.57114200597136,200.94024435356476,0.9608305549684852,0.014147012115664869,0.0002534730971319732,1.0,0.9997465911351978,0.20476293061142803,0.619795343686989,0.8525360394128968,0.596825532852127,0.3554205291328543,0.38748053802208726
26.72970711297071,204.9953406199028,40.40196363071155,200.97455314206482,0.9611566241842843,0.014003187822371385,0.00024308088404723094,1.0,0.9997569781899092,0.1961703735216319,0.620021632127562,0.8526427338333894,0.5905187289403518,0.3519124905603946,0.3936713068719581
26.845188284518827,204.99555095287377,40.23709149614886,201.0078415843591,0.9614730801042101,0.01386175052015272,0.00023311040331464028,1.0,0.9997669439244811,0.18781058992509525,0.6202329205005118,0.852742409577288,0.5841756036150053,0.34836567674809954,0.39989716163785727
26.960669456066945,204.99575179102828,40.07644226681143,201.04013785213093,0.961780183366088,0.013722648580170388,0.00022354475606789492,1.0,0.9997765052050215,0.1796840136781404,0.6204288429921223,0.8528349084162063,0.5777980695602877,0.344781449008955,0.40615622387780764
27.07615062761506,204.99594356297982,39.91993323760473,201.07146940225405,0.9620781882612339,0.013585831596168649,0.00021436770919081027,1.0,0.9997856782344751,0.17179068849842322,0.620609048843575,0.8529200786281342,0.5713880571748097,0.3411611981636008,0.41244659770339126
27.19163179916318,204.99612667799346,39.76748236697446,201.10186299279357,0.9623673428617097,0.013451250356724174,0.0002055636707609665,1.0,0.9997944785769771,0.1641302797504053,0.6207732024332915,0.8529977750085941,0.5649475130585847,0.33750634307903943,0.41876637132373706
27.307112970711295,204.99630152685918,39.61900830880316,201.13134469872654,0.9626478891461899,0.01331885681799714,0.00019711766435648315,0.9999999999999827,0.9998029211833596,0.15670208697050597,0.620920983343293,0.8530678588759406,0.558478398483962,0.3338183291597097,0.42511361860075075
27.422594142259413,204.99646848272616,39.47443044301138,201.15993992738512,0.9629200631243995,0.013188604076969902,0.00018901530575021752,0.9999999999999827,0.9998110204142839,0.1495050570749919,0.6210520864001264,0.8531301980655962,0.5519826878561666,0.33009862679135793,0.43148640061159355
27.538075313807532,204.99662790189882,39.333668904838326,201.18767343362296,0.9631840949600801,0.013060446345175726,0.00018124277994502336,1.0,0.9998187900630477,0.1425377981782416,0.6211662217185943,0.8531846669267547,0.5454623671665162,0.32634872975693,0.43788276721465574
27.653556485355647,204.99678012459736,39.19664461278064,201.2145693347077,0.9634402090924477,0.012934338922928843,0.00017378681855007017,1.0,0.9998262433780605,0.13579859395943936,0.6212631147189709,0.8532311463082709,0.5389194324374155,0.32257015361011976,0.44430075861990387
27.769037656903766,204.99692547568384,39.06327929517136,201.24065112494173,0.9636886243561131,0.012810238174030918,0.0001666346792035256,1.0,0.9998333930832866,0.12928541850928246,0.6213425061195155,0.8532695235341587,0.5323558881602027,0.31876443401084825,0.450738406963359
27.88451882845188,204.99706426535545,38.93349551538546,201.26594169001305,0.9639295540994334,0.012688101500965554,0.00015977412567735882,0.9999999999999827,0.9998402513980158,0.1229959515892975,0.6312255314222766,0.8577717211126966,0.5278390268404453,0.32116732174425183,0.45520263430529395
28.0,204.99719678980654,38.80721669566129,201.29046332107902,0.9641632063012678,0.012575686271880888,0.0001564220427822009,0.9999999999999827,0.9998436024212467,0.11991287931701956,0.6417910311532865,0.8625320440503557,0.5266812853220791,0.3259057963727619,0.4564278737605908
