a,z,H_dimless,rho_MAAT,Omega_MAAT,w_MAAT,P_X,cs2
0.9995949173576371,0.0004052468008077792,1.001945336936353,0.010288278204164048,0.0034161221232106996,-0.7425700409272827,4.857748898847228,1.0002583419330067
0.9975929402864682,0.00241286762999815,1.0028522051532944,0.0103042557496523,0.003415242190550736,-0.7387954979190441,4.856552027673562,1.000261580726504
0.995593161536068,0.004426344649789193,1.0037645743718768,0.010320506879384947,0.003414412947709806,-0.7349764503651826,4.85534336138447,1.0002648641623368
0.9935955729986451,0.0064457080681494805,1.0046824832004617,0.010337036076615463,0.0034136352664613347,-0.7311126040919965,4.854122824822699,1.0002681929273558
0.9916001665598931,0.008470988331161777,1.0056059705772271,0.010353847897563044,0.0034129100289083973,-0.7272036681508692,4.852890342234772,1.0002715677203209
0.9896069340988805,0.010502216125418906,1.0065350757736544,0.010370946972693805,0.003412238127599438,-0.7232493549896374,4.851645837264947,1.0002749892521021
0.987615867487939,0.012539422380445142,1.0074698383980598,0.010388338008024165,0.0034116204656445557,-0.719249380627021,4.8503892329490625,1.0002784582458977
0.9856269585925523,0.014582638271148696,1.0084102983991707,0.010406025786449906,0.003411057956833367,-0.7152034648301636,4.849120451708316,1.0002819754375318
0.983640199271243,0.016631895220302617,1.0093564960697503,0.010424015169105556,0.0034105515257557956,-0.7111113312953744,4.84783941534298,1.0002855415756418
0.9816555813754583,0.018687224901057675,1.010308472050266,0.010442311096740473,0.003410102107921186,-0.7069727078316632,4.846546045026012,1.0002891574219734
0.9796730967494561,0.020748659239483436,1.0112662673326065,0.010460918591131761,0.003409710649882159,-0.7027873265475634,4.845240261296601,1.0002928237516011
0.9776927372301893,0.022816230417142425,1.0122299232638492,0.010479842756518684,0.003409378109358024,-0.6985549240407776,4.843921984053628,1.0002965413532265
0.9757144946471893,0.024889970873695155,1.013199481550073,0.010499088781067704,0.0034091054553605665,-0.6942752415908359,4.842591132549044,1.0003003110294306
0.9737383608224488,0.02696991330953602,1.0141749842602217,0.010518661938361764,0.0034088936683199693,-0.6899480253545339,4.8412476253811665,1.0003041335969312
0.9717643275703036,0.029056090688463376,1.0151564738300212,0.010538567588929406,0.0034087437402157217,-0.6855730265645225,4.839891380487881,1.0003080098869166
0.9697923866973136,0.031148536240380498,1.0161439930659426,0.010558811181788693,0.003408656674704256,-0.6811500017302585,4.838522315139763,1.00031194074527
0.9678225300021424,0.03324728346403183,1.017137585149222,0.010579398256035509,0.0034086334872526743,-0.6766787128421067,4.837140345933117,1.0003159270328836
0.9658547492754364,0.03535236612977122,1.0181372936399289,0.010600334442454373,0.00340867520527133,-0.672158927577856,4.835745388782906,1.0003199696259981
0.9638890362997029,0.03746381828236611,1.0191431624810925,0.010621625465161745,0.0034087828682482758,-0.667590419511867,4.834337358915615,1.0003240694164548
0.9619253828491872,0.039581674243835074,1.0201552360028787,0.010643277143292789,0.0034089575278889034,-0.6629729683270915,4.832916170862013,1.000328227312051
0.9599637806897482,0.041705968616321254,1.0211735589268256,0.010665295392699493,0.0034092002482502843,-0.6583063600288758,4.831481738449806,1.0003324442368113
0.958004221578734,0.04383673628500251,1.0221981763701316,0.010687686227707362,0.0034095121058851305,-0.6535903871619023,4.830033974796216,1.0003367211313619
0.9560466972648555,0.04597401242103549,1.0232291338500037,0.01071045576289056,0.0034098941899823043,-0.6488248490289157,4.828572792300461,1.000341058953277
0.9540911994880594,0.04811783248454038,1.024266477288063,0.01073361021488635,0.0034103476025103617,-0.6440095519117571,4.827098102636112,1.0003454586773446
0.9521377199794006,0.050268232227618226,1.0253102530148073,0.010757155904250944,0.0034108734583645443,-0.6391443092946635,4.825609816743393,1.0003499212960034
0.9501862504609124,0.05242524769741097,1.0263605077741351,0.01078109925734151,0.0034114728855121662,-0.6342289420891966,4.82410784482134,1.0003544478196582
0.9482367826454772,0.054588915239196956,1.0274172887279303,0.010805446808251148,0.003412147025144665,-0.629263278861551,4.822592096319878,1.0003590392770434
0.9462893082366943,0.05675927149952642,1.0284806434607072,0.0108302052007685,0.003412897031827092,-0.6242471560611567,4.821062479931792,1.000363696715608
0.9443438189287484,0.0589363534293974,1.0295506199843205,0.010855381190385024,0.0034137240736521177,-0.6191804182511902,4.819518903584589,1.00036842120194
0.9424003064062756,0.061120198287470284,1.030627266742736,0.010880981646340009,0.003414629332395134,-0.6140629183405032,4.817961274432246,1.0003732138220487
0.9404587623442292,0.0633108436433254,1.031710632616867,0.010907013553705939,0.00341561400367106,-0.6088945178168932,4.816389498846865,1.000378075681894
0.9385191784077439,0.06550832738075973,1.032800766929479,0.010933484015522682,0.0034166792970952097,-0.6036750869818388,4.814803482410201,1.000383007907738
0.936581546251999,0.06771268770112782,1.033897719450156,0.010960400254960725,0.003417826436441811,-0.5984045051858193,4.8132031299050855,1.0003880116465254
0.9346458575220801,0.06992396312672478,1.0350015404003392,0.010987769617548233,0.0034190566598107444,-0.5930826610652685,4.811588345306734,1.0003930880663823
0.9327121038528404,0.07214219250421139,1.0361122804584324,0.011015599573425336,0.0034203712197908116,-0.5877094527796626,4.809959031773937,1.0003982383570493
0.9307802768687604,0.0743674150080853,1.0372299907649762,0.011043897719652418,0.0034217713836276115,-0.5822847882494885,4.808315091640132,1.0004034637302859
0.9288503681838056,0.07659967014419578,1.038354722927897,0.011072671782571115,0.003423258433395304,-0.5768085853948616,4.806656426404357,1.0004087654203524
0.9269223694012846,0.07883899775330439,1.0394865290278241,0.011101929620200334,0.0034248336661664917,-0.5712807723739027,4.804982936722078,1.0004141446845103
0.9249962721137044,0.08108543801469059,1.0406254616234825,0.011131679224694538,0.0034264983941883626,-0.5657012878216706,4.803294522395902,1.000419602803484
0.9230720679026256,0.08333903144980592,1.0417715737571598,0.011161928724841605,0.003428253945057757,-0.5600700810885597,4.801591082366148,1.0004251410819232
0.9211497483385157,0.08559981892597479,1.0429249189602496,0.011192686388624166,0.003430101661902218,-0.5543871124788391,4.79987251470131,1.0004307608489553
0.9192293049806012,0.08786784166014305,1.0440855512588696,0.011223960625822312,0.0034320429035599037,-0.5486523534882282,4.798138716588373,1.0004364634587044
0.9173107293767184,0.09014314122267608,1.0452535251795614,0.011255759990678309,0.003434079044764357,-0.5428657870410518,4.796389584323008,1.0004422502907813
0.9153940130631636,0.09242575954120702,1.0464288957550663,0.011288093184610134,0.0034362114763297727,-0.5370274077261964,4.794625013299624,1.000448122750847
0.9134791475645403,0.09471573890453455,1.047611718530185,0.011320969058989522,0.003438441605341184,-0.5311372220322189,4.792844898001292,1.0004540822711807
0.911566124393607,0.09701312196657286,1.0488020495677173,0.011354396617969414,0.0034407708553446307,-0.5251952485807203,4.791049131989521,1.0004601303112506
0.909654935051122,0.09931795175035307,1.0499999454544868,0.011388385021375652,0.0034432006665414505,-0.5192015183582971,4.789237607893908,1.0004662683582488
0.9077455710256884,0.10163027165207827,1.05120546330745,0.011422943587659828,0.0034457324959853864,-0.5131560749466529,4.787410217401623,1.0004724979277513
0.9058380237935958,0.10395012544523086,1.0524186607798904,0.011458081796908428,0.0034483678177806487,-0.5070589747503621,4.785566851246775,1.0004788205643016
0.9039322848186623,0.10627755728473609,1.053639596067704,0.01149380929392253,0.00345110812328488,-0.5009102872225742,4.783707399199599,1.0004852378420028
0.902028345552074,0.10861261171118053,1.0548683279157696,0.011530135891357063,0.003453954921313269,-0.49471009508787817,4.781831750055526,1.0004917513652094
0.9001261974322239,0.11095533365508592,1.0561049156244124,0.011567071572926878,0.0034569097383456253,-0.4884584945623041,4.77993979162407,1.0004983627692043
0.8982258318845482,0.11330576844124107,1.0573494190559598,0.011604626496684253,0.003459974118737371,-0.4821555955703414,4.778031410717579,1.0005050737207637
0.896327240321362,0.11566396179309235,1.0586018986413905,0.011642810998362289,0.0034631496249323455,-0.47580152195838255,4.776106493139828,1.0005118859189606
0.8944304141416933,0.11802995983719144,1.0598624153870777,0.011681635594788931,0.0034664378376784376,-0.46939641170446206,4.774164923674432,1.000518801095817
0.8925353447311154,0.12040380910770465,1.0611310308816324,0.011721110987378783,0.0034698403562476946,-0.46294041712425177,4.772206586073118,1.0005258210170076
0.8906420234615773,0.12278555655098211,1.0624078073028418,0.011761248065690896,0.003473358798656973,-0.45643370507242725,4.770231363043825,1.0005329474826705
0.8887504416912334,0.12517524953018988,1.06369280742471,0.011802057911072342,0.00347699480189451,-0.4498764571399338,4.768239136238625,1.0005401823280708
0.886860590764271,0.12757293583000306,1.064986094624601,0.011843551800372248,0.003480750022147412,-0.44326886984608677,4.766229786241482,1.00054752742447
0.8849724620107362,0.12997866366136512,1.0662877328904825,0.011885741209736147,0.0034846261350324945,-0.43661115482557084,4.764203192555834,1.000554984679892
0.8830860467463584,0.13239248166631024,1.0675977868282798,0.011928637818489803,0.0034886248358326423,-0.4299035390103969,4.762159233591998,1.00056255603986
0.8812013362723728,0.13481443892285183,1.0689163216693323,0.011972253513095362,0.0034927478397331437,-0.42314626480561546,4.760097786654393,1.0005702434884145
0.879318321875342,0.13724458494993885,1.0702434032779626,0.012016600391203346,0.003496996882064379,-0.41633959025950856,4.758018727928587,1.000578049048762
0.8774369948269742,0.13968296971247995,1.0715790981591542,0.012061690765781927,0.003501373718544883,-0.4094837892269751,4.755921932468137,1.0005859747843107
0.8755573463839422,0.1421296436264361,1.0729234734663429,0.012107537169347546,0.0035058801255312554,-0.4025791515268663,4.753807274181263,1.0005940227994825
0.873679367787698,0.14458465756398375,1.0742765970093247,0.012154152358277312,0.0035105179002686442,-0.39562598309192076,4.7516746258173175,1.0006021952407012
0.8718030502642873,0.14704806285874983,1.075638537262277,0.012201549317222024,0.003515288861146722,-0.3886246061118026,4.749523858953053,1.0006104942973078
0.8699283850241621,0.1495199113111192,1.0770093633719013,0.012249741263610019,0.003520194847957698,-0.3815753591683527,4.747354843978703,1.0006189222025033
0.8680553632619907,0.15200025519361549,1.078389145165687,0.01229874165225723,0.0035252377221602076,-0.37447859736339634,4.74516745008385,1.0006274812344234
0.8661839761564663,0.15448914725635765,1.0797779531602956,0.012348564180067563,0.003530419367143899,-0.36733469243789874,4.742961545243087,1.0006361737170664
0.8643142148701134,0.15698664073259172,1.0811758585700733,0.012399222790849254,0.0035357416885014163,-0.3601440328833327,4.740736996201468,1.0006450020214281
0.8624460705490935,0.15949278934430078,1.0825829333156887,0.01245073168022784,0.0035412066143016103,-0.3529070240438628,4.738493668459759,1.000653968566519
0.8605795343230069,0.16200764730789374,1.0839992500328999,0.012503105300666974,0.003546816095366505,-0.3456240882094817,4.736231426259439,1.0006630758204735
0.8587145973046943,0.16453126933997364,1.0854248820814567,0.012556358366612654,0.0035525721055557633,-0.3382956647004863,4.733950132567519,1.0006723263017412
0.8568512505900353,0.16706371066318826,1.086859903554132,0.01261050585973318,0.0035584766420501024,-0.33092220994142824,4.731649649061101,1.0006817225801428
0.8549894852577454,0.1696050270121623,1.0883043892858941,0.01266556303429316,0.00356453172564378,-0.3235041975261051,4.7293298361117255,1.0006912672781862
0.8531292923691712,0.17215527463951386,1.0897584148632153,0.012721545422633327,0.003570739401037452,-0.3160421182716969,4.726990552769482,1.0007009630721169
0.8512706629680826,0.17471451032195828,1.0912220566335242,0.012778468840782726,0.0035771017371381227,-0.30853648026300795,4.724631656746887,1.0007108126933604
0.8494135880804639,0.1772827913664965,1.0926953917147997,0.012836349394190332,0.0035836208273617855,-0.3009878088857175,4.722253004402495,1.0007208189297099
0.8475580587143021,0.1798601756166931,1.0941784980053115,0.012895203483586302,0.003590298789940822,-0.29339664684874794,4.719854450724298,1.0007309846266044
0.8457040658593739,0.18244672145904395,1.095671454193514,0.012955047810978549,0.0035971377682369296,-0.28576355419564453,4.717435849312853,1.0007413126886
0.843851600487029,0.1850424878294359,1.0971743397680858,0.0130158993857798,0.0036041399310574158,-0.27808910830428113,4.71499705236416,1.0007518060806544
0.842000653549973,0.18764753421969838,1.098687235028128,0.013077775531073685,0.0036113074729763675,-0.2703739038749402,4.712537910652267,1.0007624678296274
0.8401512159820467,0.19026192068425107,1.1002102210935203,0.013140693890026959,0.003618642614661804,-0.2626185529067449,4.710058273511638,1.0007733010256896
0.8383032786980034,0.19288570784684644,1.1017433799154326,0.013204672432439776,0.003626147603205683,-0.25482368466158606,4.707557988819227,1.0007843088238395
0.8364568325932846,0.19551895690741028,1.103286794287006,0.013269729461453522,0.0036338247124612097,-0.24698994561622212,4.7050369029762775,1.000795494445492
0.8346118685437927,0.19816172964898282,1.1048405478541952,0.013335883620401518,0.0036416762433825,-0.23911799940132597,4.7024948608898685,1.00080686118001
0.8327683774056609,0.20081408844475934,1.1064047251267821,0.013403153899826527,0.0036497045243721617,-0.23120852672843,4.699931705954143,1.000818412386368
0.8309263500150221,0.203476096265236,1.1079794114895616,0.013471559644648023,0.003657911911631185,-0.22326222530340947,4.697347280031261,1.0008301514947666
0.8290857771877739,0.20614781668545845,1.1095646932137018,0.013541120561505195,0.0036663007895171825,-0.21527980972759492,4.694741423432071,1.0008420820084387
0.8272466497193418,0.20882931389237758,1.1111606574682833,0.013611856726258191,0.003674873570905201,-0.20726201138513614,4.692113974896452,1.000854207505331
0.8254089583844401,0.21152065269231413,1.1127673923320225,0.0136837885916721,0.0036836326975566752,-0.1992095783176422,4.689464771573373,1.0008665316399539
0.8235726939368295,0.21422189851853313,1.1143849868051747,0.013756936995266174,0.003692580640490721,-0.1911232750847219,4.6867936490006326,1.000879058145269
0.821737847109073,0.21693311743893107,1.1160135308216332,0.013831323167358963,0.0037017199003648994,-0.1830038826118422,4.684100441084272,1.0008917908345152
0.8199044086122884,0.21965437616383654,1.1176531152612146,0.013906968739286003,0.003711053007858042,-0.1748521980237816,4.681384980077683,1.000904733603228
0.8180723691358985,0.2223857420539277,1.1193038319621424,0.013983895751821816,0.0037205825240624662,-0.16666903446519923,4.678647096560367,1.0009178904313487
0.8162417193473788,0.22512728312826757,1.1209657737337309,0.014062126663786867,0.003730311040879206,-0.15845522090683012,4.6758866194163735,1.000931265385051
0.8144124498920018,0.22787906807245983,1.1226390343692696,0.014141684360861908,0.003740241181421006,-0.15021160193830252,4.673103375812385,1.0009448626191089
0.8125845513925795,0.230641166246927,1.124323708659118,0.014222592164608503,0.003750375600421485,-0.1419390375471783,4.6702971911754565,1.0009586863790358
0.8107580144492018,0.23341364769531392,1.1260198924040075,0.01430487384169633,0.0037607169846493333,-0.133638402883931,4.667467889170405,1.0009727410031977
0.8089328296389735,0.23619658315301617,1.1277276824285623,0.014388553613354536,0.0037712680533307733,-0.12531058801358996,4.664615291676823,1.0009870309252824
0.807108987515747,0.23899004405584034,1.1294471765950358,0.014473656165041609,0.003782031558577453,-0.116956497653405,4.661739218765742,1.0010015606766836
0.8052864786098529,0.24179410254879286,1.1311784738172717,0.014560206656340923,0.003793010285820263,-0.10857705089667692,4.658839488675902,1.0010163348887475
0.8034652934278275,0.24460883149500545,1.1329216740748929,0.014648230731100002,0.0038042070542523565,-0.10017318092355025,4.6559159177896445,1.0010313582955734
0.8016454224521368,0.24743430448479398,1.1346768784277206,0.014737754527798626,0.0038156247172760082,-0.091745834697589,4.652968320608418,1.001046635736298
0.7998268561408981,0.25027059584485767,1.136444189030431,0.014828804690173752,0.0038272661629590973,-0.08329597264956308,4.649996509727876,1.001062172158037
0.7980095849275981,0.2531177806476197,1.1382237091474523,0.014921408378092542,0.0038391343144973783,-0.07482456834765208,4.64700029581258,1.0010779726184038
0.7961935992208076,0.2559759347207098,1.1400155431681054,0.015015593278687182,0.0038512321306844997,-0.06633260815464101,4.643979487570275,1.0010940422884402
0.7943788894038931,0.25884513465659476,1.1418197966219978,0.015111387617751701,0.0038635626063882092,-0.05782109087187026,4.640933891725752,1.0011103864554811
0.7925654458347259,0.2617254578223569,1.1436365761946694,0.015208820171423802,0.003876128773036942,-0.049291027371115924,4.63786331299428,1.0011270105261003
0.7907532588453865,0.2646169823696254,1.1454659897434996,0.015307920278133777,0.0038889336991105162,-0.04074344021304838,4.634767554054585,1.0011439200291574
0.7889423187418666,0.26751978724466063,1.1473081463138797,0.015408717850853704,0.0039019804906416256,-0.032179363254094095,4.631646415521408,1.0011611206190727
0.7871326158037674,0.270433952198597,1.1491631561556535,0.01551124338963599,0.0039152722917235525,-0.023599841240793132,4.628499695917572,1.0011786180788675
0.7853241402839944,0.27335955779784515,1.1510311307398347,0.015615527994456365,0.003928812285026064,-0.015005929392365518,4.62532719164561,1.0011964183236792
0.783516882408449,0.2762966854346578,1.1529121827756055,0.01572160337837533,0.003942603692321125,-0.006398692972142975,4.622128696958905,1.0012145274041342
0.7817108323757154,0.2792454173378627,1.1548064262275999,0.01582950188101069,0.003956649775014618,0.0022207931528174657,4.618904003932348,1.0012329515098128
0.7799059803567454,0.2822058365837623,1.1567139763334797,0.01593925648234426,0.003970953834687872,0.01085144496269898,4.615652902432498,1.001251696972923
0.7781023164945386,0.28517802710720863,1.1586349496218087,0.016050900816872368,0.003985519213649322,0.019492169746087695,4.61237518008725,1.0012707702721895
0.7762998309038189,0.2881620737128523,1.160569463930229,0.01616446918808912,0.0040003492954914475,0.02814186657223008,4.609070622254963,1.0012901780364447
0.7744985136707073,0.2911580620865708,1.1625176384239488,0.016279996583340346,0.004015447505660259,0.03679942677221756,4.605739011993089,1.0013099270487904
0.7726983548523908,0.2941660788070797,1.1644795936145447,0.016397518689034003,0.004030817312031548,0.04546373443020438,4.6023801300262495,1.0013300242505712
0.7708993444767874,0.29718621135772816,1.1664554513790863,0.01651707190623159,0.004046462225497716,0.05413366688332343,4.598993754713771,1.001350476745765
0.7691014725422072,0.3002185481384856,1.1684453349795902,0.016638693366626725,0.004062385800564297,0.06280809523013095,4.595579662016654,1.0013712918051014
0.7673047290170091,0.30326317847812034,1.1704493690828077,0.016762420948914204,0.004078591635954629,0.07148588484759433,4.592137625463987,1.00139247687051
0.7655091038392537,0.30632019264657373,1.1724676797803564,0.01688829329557121,0.004095083375225462,0.08016589591547538,4.58866741611877,1.0014140395600455
0.7637145869163523,0.309389681867537,1.1745003946091985,0.01701634983006097,0.004111864707393483,0.08884698394768814,4.5851688025431265,1.001435987672283
0.7619211681247106,0.31247173833122965,1.1765476425724775,0.017146630774457355,0.004128939367569755,0.09752800033098111,4.581641550762949,1.0014583291913235
0.7601288373093691,0.315566455207388,1.1786095541607156,0.017279177167519325,0.004146311137606435,0.10620779286934157,4.578085424231883,1.0014810722918441
0.7583375842836388,0.31867392665846417,1.1806862613733833,0.017414030883215453,0.004163983846753017,0.11488520633438823,4.5745001837947115,1.0015042253441682
0.7565473988287325,0.3217942478530422,1.182777897740848,0.017551234649720394,0.0041819613723245545,0.12355908302062434,4.570885587650071,1.0015277969199288
0.754758270693391,0.32492751497947436,1.1848845983467056,0.017690832068878663,0.004200247640377855,0.13222826330614026,4.567241391312514,1.0015517957971043
0.7529701895935056,0.3280738252597417,1.187006499850509,0.017832867636183143,0.004218846626403952,0.14089158621604686,4.563567347573917,1.0015762309661302
0.7511831452117353,0.33123327696354377,1.1891437405108978,0.017977386761234077,0.004237762356025665,0.14954788999114949,4.559863206464163,1.0016011116354766
0.7493971271971197,0.33440596942262135,1.1912964602091365,0.018124435788742475,0.004256998905712245,0.15819601265811842,4.556128715211164,1.0016264472377723
0.7476121251646863,0.33759200304531833,1.1934648004730755,0.018274062020053865,0.004276560403502183,0.16683479260305942,4.5523636182001255,1.0016522474360725
0.745828128695054,0.3407914793313849,1.195648904501535,0.018426313735227365,0.004296451029739081,0.1754630691466348,4.548567656932108,1.001678522130193
0.7440451273340305,0.3440045008870296,1.1978489171891307,0.01858124021568386,0.0043166750178204195,0.18407968312026068,4.54474056998183,1.00170528146341
0.7422631105922054,0.3472311714402221,1.2000649851515388,0.018738891767427643,0.004337236654956725,0.19268347744353725,4.54088209295469,1.0017325358293
0.740482067944538,0.350471595856255,1.2022972567512236,0.018899319744877886,0.004358140282945972,0.20127329770105626,4.536991958443032,1.0017602958786602
0.7387019888299395,0.35372588015356654,1.204545882123623,0.019062576575304482,0.00437939029895829,0.20984799271942245,4.5330698959815985,1.0017885725269384
0.7369228626508504,0.35699413151983306,1.2068110132038123,0.01922871578390191,0.004400991156334918,0.21840641514286296,4.529115632002155,1.0018173769615788
0.7351446787728119,0.3602764583283322,1.2090928037536526,0.019397792019513815,0.00442294736540041,0.22694742200718163,4.5251288897873,1.0018467206499417
0.7333674265240325,0.3635729701545858,1.2113914093894302,0.019569861081022995,0.004445263494287472,0.23546987531170463,4.521109389423414,1.0018766153471663
0.7315910951949486,0.3668837777932876,1.2137069876100075,0.019744979944435984,0.004467944169776932,0.24397264258799772,4.517056847752723,1.0019070731043733
0.7298156740377789,0.3702089932755199,1.2160396978254846,0.019923206790666975,0.004490994078149695,0.2524545974657131,4.512970978324486,1.001938106277457
0.7280411522660745,0.37354872988626586,1.2183897013863918,0.02010460103405811,0.004514417966054709,0.26091462023393824,4.508851491345266,1.0019697275353676
0.7262675190542615,0.3769031021822238,1.220757161613417,0.020289223351643952,0.004538220641390232,0.269351598398294,4.504698093628257,1.002001949869824
0.7244947635371786,0.38027222600993094,1.223142243827689,0.02047713571318672,0.004562406974199724,0.27776442723289974,4.500510488541671,1.0020347866041763
0.7227228748096085,0.3836562185241976,1.225545115381617,0.02066840141200705,0.004586981897583266,0.28615201032649634,4.496288375956141,1.0020682514032377
0.7209518419258027,0.38705519820686685,1.2279659456903071,0.020863085096628455,0.004611950408623566,0.2945132601224622,4.492031452191117,1.0021023582836048
0.7191816538990007,0.39046928488589683,1.2304049062635678,0.021061252803260586,0.0046373175693272305,0.30284709845210234,4.487739409960266,1.002137121623318
0.7174122997009418,0.39389859975478103,1.23286217073851,0.021262971989147627,0.004663088507581944,0.31115245706054734,4.483411938315797,1.0021725561732246
0.7156437682613718,0.39734326539230613,1.2353379149127641,0.021468311566809287,0.0046892684181302794,0.31942827812461094,4.479048722591738,1.0022086770675662
0.7138760484675419,0.40080340578265994,1.2378323167783227,0.021677341939185045,0.0047158625635571145,0.3276735147630289,4.474649444346103,1.0022454998356616
0.7121091291637015,0.40427914633589457,1.2403455565560213,0.02189013503573574,0.004742876275296823,0.33588713153691435,4.4702137813019505,1.0022830404133316
0.7103429991505837,0.40777061390875,1.2428778167306755,0.02210676434950246,0.004770314954654512,0.3440681049416378,4.465741407287295,1.0023213151555146
0.7085776471848846,0.41127793682585145,1.2454292820868846,0.022327304975166253,0.004798184073844831,0.3522154238887456,4.461231992173838,1.0023603408485595
0.7068130619787345,0.41480124490128123,1.2480001397455214,0.022551833648139303,0.004826489177048863,0.3603280901773883,4.456685201814494,1.0024001347233362
0.7050492321991632,0.41834066946053894,1.2505905792009189,0.02278042878470814,0.0048552358814872906,0.36840511895541944,4.452100697979713,1.0024407144685408
0.7032861464675566,0.42189634336289483,1.253200792358772,0.02301317052326651,0.004884429878511461,0.3764455391693566,4.447478138292508,1.002482098245095
0.701523793359107,0.4254684010241465,1.2558309735747701,0.023250140766673102,0.004914076934713224,0.38444839400262887,4.442817176162217,1.0025243046999817
0.6997621614022551,0.4290569784397853,1.2584813196939744,0.023491423225755242,0.004944182893051259,0.39241274130245946,4.4381174607169385,1.0025673529813606
0.6980012390781246,0.432662213208584,1.2611520300909633,0.02373710346401392,0.004974753673998538,0.4003376539937632,4.4333786367346155,1.0026112627541524
0.6962410148199492,0.43628424455661263,1.2638433067107546,0.023987268943538628,0.0050057952767055824,0.40822222048132245,4.42860034457272,1.002656054215707
0.6944814770124906,0.4399232133616926,1.2665553541105283,0.02424200907219319,0.0050373137801848905,0.4160655450384542,4.42378222009655,1.0027017481125098
0.6927226139914502,0.4435792621782986,1.2692883795021668,0.024501415252092654,0.005069315344513119,0.42386674818290704,4.4189238946060385,1.0027483657572158
0.6909644140428706,0.44725253526291664,1.2720425927956291,0.024765580929427284,0.005101806212054847,0.4316249670387091,4.4140249947610934,1.0027959290462196
0.6892068654025298,0.45094317859987076,1.2748182066431817,0.02503460164564839,0.005134792708702882,0.4393393556851801,4.409085142505402,1.002844460478155
0.6874499562553271,0.45465133992762685,1.2776154364845034,0.02530857509009271,0.005168281245142641,0.4470090854908335,4.404103954988672,1.0028939831728287
0.6856936747346591,0.45837716876558177,1.2804345005926827,0.025587601154048626,0.00520227831813275,0.4546333454342258,4.399081044487274,1.00294452089066
0.6839380089217879,0.46212081644135616,1.283275620121134,0.025871781986344433,0.0052367905118094575,0.46221134240948536,4.394016018323226,1.002996098053076
0.6821829468451999,0.4658824361185898,1.2861390191514477,0.026161222050480774,0.005271824499010311,0.4697423015177018,4.388908478781515,1.0030487397638996
0.6804284764799554,0.46966218282526384,1.2890249247421992,0.02645602818336135,0.0053073870426187855,0.47722546634361235,4.383758023025656,1.0031024718307564
0.6786745857470291,0.47346021348255185,1.2919335669787388,0.026756309655671703,0.005343484996930311,0.48466009921739117,4.3785642430115175,1.003157320787792
0.6769212625126406,0.4772766869342153,1.2948651790239862,0.0270621782339613,0.005380125309040936,0.49204548146115695,4.373326725399299,1.0032133139194086
0.6751684945875759,0.4811117639765554,1.2978199971702493,0.02737374824446622,0.005417315020255958,0.4993809136209234,4.368045051463657,1.003270479284141
0.673416269726498,0.484965607388935,1.3007982608920983,0.02769113663873987,0.005455061267521484,0.5066657156831479,4.362718797001914,1.0033288457400906
0.671664575627249,0.4888383819648783,1.303800212900313,0.028014463061141737,0.005493371284878103,0.5138992272761326,4.357347532240306,1.0033884429709017
0.6699133999301403,0.49273025454376884,1.306826099196933,0.028343849918241043,0.005532252404936831,0.5210808078562712,4.35193082173822,1.003449301513076
0.6681627302172335,0.49664139404315377,1.309876169131436,0.028679422450195093,0.005571712060377651,0.5282098368790894,4.346468224290357,1.0035114527836784
0.6664125540116105,0.5005719714916679,1.3129506754580704,0.029021308804159623,0.0056117577854701926,0.5352857139552946,4.340959292826774,1.0035749291097908
0.6646628587766326,0.5045221600625969,1.316049874394372,0.02936964010980222,0.005652397217618263,0.5423078589914305,4.335403574310762,1.0036397637585708
0.6629136319151885,0.5084921351080882,1.3191740256808877,0.029724550556975052,0.005693638098926751,0.5492757123156753,4.329800609634469,1.003705990968682
0.6611648607689317,0.5124820741940288,1.3223233926421436,0.030086177475617447,0.0057354882777916755,0.5561887347886614,4.324149933512239,1.0037736459826907
0.6594165326175057,0.5164921571356016,1.325498242248881,0.030454661417958162,0.005777955710513668,0.5630464078994017,4.318451074371601,1.003842765081056
0.6576686346777583,0.5205225660335404,1.3286988451815918,0.03083014624308894,0.005821048462934995,0.5698482338464341,4.312703554241815,1.003913385617105
0.6559211541029437,0.5245734853110939,1.331925475895389,0.03121277920397937,0.005864774712099472,0.5765937356045175,4.306906888639961,1.0039855460530605
0.6541740779819126,0.5286451017517224,1.3351784126862387,0.031602711037013995,0.005909142747936272,0.5832824569768017,4.301060586454445,1.0040592859987063
0.65242739333829,0.5327376045375369,1.3384579377585935,0.03200009605412929,0.005954160974967402,0.5899139626327077,4.295164149825899,1.0041346462495095
0.6506810871296408,0.5368511852885027,1.3417643372944545,0.03240509223762732,0.00599983791403808,0.5964878381319368,4.289217074025386,1.004211668828694
0.6489351462466222,0.540986038102425,1.3450979015239046,0.03281786133775343,0.006046182204070605,0.6030036899346457,4.283218847329818,1.004290397028127
0.6471895575121234,0.5451423595957321,1.3484589247971412,0.033238568973128824,0.006093202603842467,0.6094611453978186,4.277168950894538,1.0043708754538134
0.6454443076803922,0.5493203489450789,1.3518477056580542,0.03366738473411967,0.006140907993787162,0.6158598527584679,4.271066858622978,1.0044531500706069
0.6436993834361477,0.5535202079297872,1.3552645469193803,0.03410448228923339,0.006189307377817265,0.6221994811040044,4.264912037033287,1.0045372682502676
0.6419547713936803,0.5577421409751431,1.3587097557394747,0.03455003949465366,0.006238409885172602,0.6284797203292755,4.258703945121889,1.0046232788204947
0.6402104580959359,0.5619863551965742,1.3621836437007449,0.035004238506987854,0.0062882247722887445,0.6347002810817597,4.252442034223831,1.0047112321168707
0.6384664300135878,0.5662530604447253,1.365686526889783,0.0354672658993546,0.006338761424690341,0.6408608946939721,4.246125747869879,1.0048011800362657
0.6367226735440932,0.5705424693514543,1.3692187259792388,0.03593931278089089,0.006390029358904378,0.6469613131046189,4.239754521640232,1.0048931760918494
0.6349791750107344,0.5748547973767719,1.3727805663114827,0.036420574919807026,0.006442038224396574,0.6530013087678853,4.23332778301477,1.004987275471411
0.6332359206616464,0.5791902628567478,1.3763723779840995,0.036911252870092136,0.006494797805528893,0.6589806745516397,4.226844951219748,1.0050835350979064
0.6314928966688274,0.5835490870524045,1.3799944959372605,0.037411552101986656,0.006548318023537832,0.6648992236248522,4.220305437070799,1.0051820136916347
0.629750089127135,0.5879314941996272,1.3836472600430192,0.03792168313633636,0.006602608938532202,0.6707567893348094,4.213708642812176,1.0052827718353066
0.6280074840532661,0.5923377115601098,1.387331015196587,0.03844186168296171,0.006657680751511606,0.676553225074007,4.207053961952099,1.005385872042792
0.62626506738472,0.5967679694733659,1.3910461114096286,0.03897230878315983,0.006713543806403309,0.6822884041375418,4.200340779094084,1.0054913788291346
0.6245228249787457,0.6012225014098291,1.3947929039056388,0.03951325095646955,0.006770208592116596,0.6879622195714126,4.193568469764177,1.005599358784259
0.6227807426112718,0.6057015440250719,1.3985717532174478,0.0400649203518431,0.006827685744615236,0.6935745840117604,4.186736400233904,1.0057098806502338
0.6210388059758196,0.6102053372151681,1.402383025286913,0.04062755490335222,0.006885986049005095,0.6991254295159665,4.179843927338867,1.0058230154007306
0.6192970006823985,0.6147341241732285,1.4062270915668509,0.04120139849058048,0.006945120441637196,0.7046147073856659,4.172890398292834,1.005938836324624
0.6175553122563829,0.6192881514471407,1.4101043291252722,0.041786701103845546,0.007005100012224279,0.7100423879823022,4.165875150497159,1.006057419113116
0.6158137261373726,0.6238676689985392,1.4140151207519727,0.042383719014406185,0.007065936005969889,0.7154084605355675,4.158797511345444,1.006178841949371
0.6140722276780326,0.6284729302630425,1.4179598550675483,0.042992714949807116,0.0071276398257077945,0.7207129329453429,4.151656798023238,1.0063031856042532
0.6123308021429152,0.633104192211785,1.421938926634892,0.04361395827453047,0.007190223034051234,0.7259558315773226,4.144452317302665,1.0064305335341501
0.6105894347072627,0.6377617154142767,1.4259527360732422,0.044247725176112196,0.007253697355548734,0.7311372010531342,4.137183365331799,1.0065609719835624
0.60884811045579,0.642445764102626,1.4300016901748454,0.04489429885690222,0.007318074678845693,0.7362571040351386,4.129849227418621,1.0066945900925914
0.607106814381448,0.6471566062371612,1.434086202024304,0.0455539697316445,0.007383367058849378,0.7413156210064344,4.122449177809408,1.0068314800095741
0.6053655313841652,0.6518945135734855,1.4382066911206823,0.04622703563104935,0.007449586718893395,0.7463128500469204,4.11498247946135,1.00697173700641
0.6036242462695698,0.6566597617310002,1.4423635835024373,0.046913802011567564,0.007516746052902608,0.7512489066050638,4.1074483838092375,1.0071154596022285
0.6018829437476904,0.6614526302629378,1.4465573118752544,0.047614582171530716,0.007584857627551074,0.7561239232669557,4.099846130526005,1.0072627496892188
0.600141608431634,0.6662734027279438,1.4507883157428663,0.04832969747387923,0.007653934184413665,0.7609380495222767,4.092174947276956,1.0074137126669618
0.5984002248362436,0.6711223667632429,1.455057041540927,0.04905947757567165,0.007723988642106381,0.7656914515280708,4.084434049467452,1.0075684575809032
0.5966587773767317,0.6759998141594383,1.4593639427740313,0.049804260664588956,0.0077950340984123696,0.7703843118706969,4.076622639983851,1.0077270972683017
0.5949172503672923,0.6809060409369811,1.4637094801559598,0.05056439370264286,0.007867083832388756,0.7750168293266847,4.068739908927492,1.00788974850842
0.5931756280196884,0.6858413474243559,1.4680941217532315,0.05134023267731759,0.00794015130645137,0.7795892186227401,4.060785033341466,1.0080565321839468
0.5914338944418168,0.6908060383380283,1.472518343132062,0.05213214286036774,0.008014250168432078,0.7841017101955601,4.052757176929975,1.0082275734450012
0.5896920336362479,0.6958004228642014,1.4769826275088134,0.05294049907450326,0.00808939425360348,0.7885545499520638,4.044655489769998,1.0084030018833454
0.5879500294987409,0.7008248147424263,1.4814874659040265,0.05376568596820394,0.00816559758666624,0.7929479990304296,4.036479108015021,1.0085829517151441
0.586207865816734,0.7058795323511229,1.4860333573001423,0.054608098298909724,0.008242874383693479,0.7972823335624472,4.02822715359058,1.0087675619693814
0.5844655262678092,0.7109648987950536,1.4906208088030022,0.05546814122482789,0.008321239054024586,0.8015578444380146,4.0198987338813055,1.0089569766892095
0.5827229944181306,0.7160812419948095,1.4952503358072342,0.05634623060562126,0.008400706202102967,0.8057748370720714,4.011492941409214,1.0091513451378928
0.5809802537208557,0.7212288947783605,1.4999224621656309,0.05724279331223753,0.008481290629250142,0.8099336311745992,4.00300885350293,1.00935082202023
0.5792372875145207,0.7264081949747256,1.5046377203626256,0.05815826754614743,0.008563007335368437,0.8140345605242171,3.994445531957531,1.0095555677079233
0.5774940790213973,0.7316194855098213,1.5093966516919801,0.05909310316825449,0.008645871520562358,0.8180779727462736,3.985802022684698,1.009765748481558
0.5757506113458213,0.7368631145045468,1.5141998064387965,0.06004776203777031,0.008729898586671865,0.8220642290955134,3.9770773553528294,1.0099815367812472
0.5740068674724931,0.7421394353751716,1.5190477440659724,0.061022718361323953,0.008815104138705626,0.8259937042443475,3.9682705430167657,1.010203111469865
0.5722628302647488,0.7474488069360805,1.5239410334052226,0.062018459052595704,0.008901503986164096,0.8298667860772362,3.959380581736781,1.0104306581085467
0.5705184824628011,0.7527915935049516,1.5288802528527856,0.06303548410277207,0.00898911414424174,0.8336838754916492,3.950406450186437,1.010664369247807
0.5687738066819508,0.7581681650104257,1.5338659905699519,0.06407430696210094,0.009077950834893662,0.8374453862067244,3.941347109248925,1.0109044447294224
0.5670287854107666,0.7635788971023414,1.5388988446885379,0.06513545493286921,0.009168030487756844,0.841151744579549,3.9322015016014875,1.011151092007739
0.5652834010092344,0.7690241712646082,1.543979423521445,0.06621946957407349,0.00925936974090712,0.8448033894306618,3.9229685512874775,1.0114045264822407
0.5635376357068737,0.774504374930788,1.5491083457784423,0.06732690711811132,0.009351985441440065,0.8484007718787272,3.913647163275638,1.0116649718503545
0.5617914716008225,0.7800199016024647,1.554286240787313,0.06845833889978026,0.009445894645856547,0.8519443551855849,3.9042362230061163,1.011932660476925
0.5600448906538888,0.7855711509704784,1.5595137487205173,0.06961435179789167,0.00954111462023539,0.8554346146123325,3.894734595922757,1.012207833780158
0.5582978746925682,0.7911585290391068,1.5647915208275123,0.07079554868980768,0.009637662840174416,0.8588720372871071,3.8851411269911575,1.0124907426421588
0.5565504054050274,0.7967824482532788,1.5701202196728954,0.07200254891918877,0.009735556990476903,0.8622571220856781,3.875454640201977,1.0127816478355889
0.5548024643390537,0.8024433276289036,1.5755005193805198,0.07323598877726067,0.00983481496456243,0.8655903795254549,3.865673938058963,1.0130808204747734
0.5530540328999682,0.8081415928864071,1.5809331058837481,0.074496521997881,0.009935454863575967,0.8688723316740903,3.8557978010511165,1.0133885424899052
0.551305092348504,0.8138776765875697,1.5864186771820143,0.07578482026670079,0.010037494995170112,0.8721035120733276,3.845824987108436,1.0137051071254481
0.549555623798647,0.8196520182757558,1.5919579436038584,0.07710157374468331,0.010140953871930059,0.8752844656795021,3.8357542310406094,1.0140308194648429
0.5478056082154408,0.8254650646196386,1.5975516280766129,0.07844749160625838,0.010245850209412287,0.878415748821351,3.825584243958044,1.014365996985173
0.5460550264127534,0.8313172695605178,1.6032004664029187,0.0798233025923484,0.010352202923761595,0.8814979291766321,3.815313712674552,1.014710970136002
0.5443038590510059,0.8372090944633401,1.6089052075442565,0.081229755578513,0.01046003112887218,0.8845315857684378,3.804941299091025,1.0150660829547475
0.5425520866348628,0.8431410082715236,1.6146666139116754,0.0826676201584148,0.010569354133052348,0.8875173089827391,3.7944656395593834,1.015431693711462
0.5407996895108828,0.8491134876657072,1.6204854616639164,0.08413768724280651,0.010680191435151939,0.8904557006082578,3.783885344226046,1.0158081755912092
0.5390466478651302,0.8551270172265324,1.6263625410131224,0.08564076967419794,0.010792562720106536,0.8933473739002491,3.7731989963541777,1.0161959174112793
0.5372929417207466,0.8611820896015816,1.632298656538337,0.08717770285733017,0.010906487853848802,0.8961929536697741,3.762405151623874,1.0165953243779067
0.5355385509354806,0.8672792056765968,1.6382946275069927,0.08874934540556118,0.011021986877535202,0.8989930763998665,3.751502337409502,1.0170068188865735
0.5337834551991781,0.8734188747511029,1.6443512882045983,0.09035657980320763,0.01113908000102988,0.90174839039051,3.740489052033279,1.017430841366655
0.5320276340312301,0.879601614718569,1.6504694882728363,0.0920003130838421,0.011257787595583291,0.9044595559343189,3.729363763994242,1.017867851168558
0.5302710667779784,0.8858279522512484,1.6566500930562824,0.09368147752450229,0.011378130185639828,0.9071272455247447,3.71812491117163,1.0183183275063297
0.5285137326100802,0.8920984229898274,1.6628939839579675,0.09540103135568609,0.011500128439700793,0.9097521440990841,3.7067709000017603,1.018782770453906
0.5267556105198286,0.8984135717380408,1.6692020588039986,0.09715995948693965,0.011623803160164006,0.9123349493186509,3.6953001046273455,1.0192617019895518
0.5249966793184316,0.9047739526623932,1.6755752322174673,0.09895927424777712,0.011749175272056472,0.9148763718883642,3.683710866018262,1.0197556671127528
0.5232369176332473,0.9111801294971515,1.6820144360018636,0.10080001614354456,0.011876265810565705,0.9173771359187509,3.672001491062649,1.0202652350135935
0.5214763039049755,0.917632675754759,1.6885206195342293,0.10268325462577542,0.012005095907272468,0.9198379793329132,3.66017025162727,1.0207910003186342
0.5197148163848067,0.9241321749418456,1.6950947501682716,0.10461008887642259,0.012135686774974425,0.9222596543218905,3.64821538358594,1.021333584403418
0.5179524331315274,0.9306792207809993,1.7017378136476695,0.10658164860524846,0.012268059690984814,0.9246429278515969,3.636135085814867,1.021893636786281
0.516189132008582,0.9372744174384795,1.7084508145298016,0.10859909485948904,0.012402235978778866,0.9269885822250038,3.6239275191536637,1.022471836602777
0.5144248906810908,0.9439183797580539,1.7152347766201193,0.11066362084472331,0.012538236987848473,0.9292974157037154,3.6115908053307684,1.0230688941664767
0.5126596866128262,0.9506117335011475,1.7220907434173893,0.11277645275571246,0.01267608407161695,0.931570243192995,3.5991230258519833,1.0236855526265778
0.5108934970631454,0.9573551155934994,1.7290197785700359,0.11493885061573199,0.012815798563249986,0.9338078969950351,3.5865222208507914,1.0243225897211097
0.5091262990838806,0.9641491743785287,1.7360229663437863,0.11715210912268376,0.012957401749186102,0.9360112276355598,3.5737863878990854,1.0249808196413144
0.5073580695161886,0.9709945698776206,1.7431014121008452,0.11941755849999636,0.013100914840193743,0.9381811047692603,3.5609134807769203,1.0256610950048195
0.505588784987358,0.9778919740575425,1.7502562427907915,0.1217365653500164,0.013246358939746097,0.9403184181700848,3.5479014081998557,1.026364308950899
0.5038184219075782,0.9848420711052179,1.7574886074534013,0.12411053350724585,0.01339375500948568,0.942424078812922,3.534748032502449,1.027091397373094
0.5020469564666677,0.9918455577100838,1.7647996777335706,0.12654090488838887,0.013543123831530706,0.9444990200538349,3.5214511682764393,1.0278433412758674
0.5002743646307664,0.9989031433542719,1.7721906484085197,0.12902916033573172,0.01369448596735222,0.9465441989167065,3.508008580962136,1.0286211692880227
0.49850062213899016,1.0060155506108548,1.7796627379274241,0.131576820449902,0.013847861712928358,0.9485605974947617,3.4944179853915376,1.0294259603405007
0.49672570450005293,1.0131835154504136,1.787217188963609,0.13418544640749183,0.01400327104985378,0.9505492244763087,3.4806770442817077,1.0302588464952134
0.49494958698885516,1.0204077875561843,1.7948552689794224,0.136856640758417,0.014160733592053205,0.9525111168049883,3.4667833666769443,1.031121015972348
0.493172244643043,1.0276891306480516,1.8025782708038638,0.13959204819719928,0.014320268527716567,0.9544473414856723,3.452734506338319,1.0320137163598229
0.49139365225954046,1.0350283228156716,1.810387513223034,0.1423933563015827,0.014481894556037149,0.9563589975482275,3.438527960079188,1.0329382580347495
0.48961378439105735,1.042426156861005,1.8182843415834127,0.14526229623102047,0.014645629818294557,0.9582472181827743,3.4241611660453732,1.033896017807029
0.48783261534257677,1.049883440650555,1.8262701284079499,0.14820064337661676,0.01481149182278339,0.9601131730610586,3.409631501938745,1.0348884427955034
0.48605011916782626,1.0574009974776164,1.8343462740248937,0.15121021795298512,0.014979497363037783,0.96195807086034,3.394936283183113,1.0359170545642753
0.48426626966573666,1.0649796664348457,1.8425142072092338,0.15429288552128528,0.015149662428752247,0.9637831620076615,3.3800727610314243,1.0369834535189284
0.4824810403768943,1.072620302797476,1.8507753858365683,0.15745055743133546,0.015322002108742253,0.9655897416641462,3.365038120613443,1.0380893236196822
0.4806944045799921,1.080323778417501,1.859131297549137,0.16068519116911117,0.015496530485219923,0.9673791529711818,3.349829478923372,1.039236437371613
0.47890633528828547,1.088090982129175,1.8675834604336758,0.16399879059427108,0.01567326051859555,0.9691527905823457,3.3344438827470375,1.0404266611762292
0.4771168052460613,1.095922820166174,1.87613342371066,0.16739340605035846,0.015852203921933043,0.9709121045076269,3.318878306528701,1.0416619610315982
0.4753257869251269,1.1038202165907727,1.8847827684343894,0.17087113432816542,0.016033371024103245,0.9726586042992251,3.30312965017785,1.042944408617984
0.4735332525213287,1.1117841137354096,1.8935331082032596,0.1744341184602924,0.016216770620583413,0.9743938636112676,3.28719473681689,1.0442761877854538
0.47173917395111076,1.1198154726570073,1.90238608987941,0.17808454732217743,0.016402409810745307,0.9761195251693082,3.271070310471144,1.0456596015017168
0.46994352284812385,1.1279152736044402,1.9113433943167966,0.18182465501173734,0.0165902938203541,0.9778373061894912,3.2547530337033175,1.0470970792428196
0.4681462705598984,1.1360845164995328,1.9204067370965545,0.18565671997633126,0.016780425807875504,0.9795490042913386,3.238239485195307,1.0485911849176832
0.4663473881445944,1.144324221431991,1.9295778692683123,0.18958306385175733,0.01697280665303721,0.98125650395329,3.2215261572812697,1.0501446253079199
0.4645468463678453,1.1526354291686722,1.938858578095893,0.19360604997359693,0.017167434725932695,0.9829617835655462,3.204609453436916,1.051760259096472
0.4627446156997117,1.1610192016776026,1.9482506878055794,0.197728081516242,0.01736430563477712,0.9846669231407085,3.187485685731376,1.0534411065113491
0.46094066631176567,1.1694766226671605,1.9577560603348296,0.2019515992092679,0.017563411950221295,0.9863741127500416,3.1701510722495105,1.0551903596201364
0.45913496807432647,1.178008798140847,1.967376596078985,0.20627907857450933,0.017764742903911328,0.9880856617606163,3.152601734494407,1.057011393332974
0.4573274905538724,1.186616856968063,1.977114234633154,0.21071302662001068,0.01796828405873146,0.9898040089576048,3.1348336947819266,1.0589077771468007
0.455518203010655,1.1953019514713206,1.9869709555260113,0.21525597791890766,0.018174016947889223,0.9915317336458727,3.116842873641779,1.0608832876825922
0.4537070743965462,1.2040652580303086,1.9969487789417806,0.21991048999221438,0.01838191867969813,0.9932715678362408,3.098625087242477,1.0629419220718004
0.4518940733531515,1.2129079777032352,2.0070497664261144,0.22467913790407656,0.018591961504561643,0.9950264096343603,3.080176044861155,1.0650879122183383
0.4500791682102262,1.2218313368658573,2.0172760215709715,0.2295645079664443,0.018804112340283227,0.9967993379647544,3.061491346423215,1.067325740020791
0.4482623269844362,1.2308365878686036,2.0276296906728843,0.2345691904368411,0.0190183322513923,0.998593628778601,3.0425664801416734,1.0696601535635257
0.4464435173785096,1.2399250097121843,2.038112963358215,0.23969577107796658,0.01923457587769609,1.0004127729124308,3.0233968202916888,1.0720961843653922
0.4446227067808305,1.2490979087420602,2.0487280731681135,0.24494682143096863,0.019452790806732408,1.0022604957859147,3.003977625162354,1.0746391657005911
0.4427998622655319,1.258356619362122,2.0594772980948504,0.2503248876349824,0.01967291688419197,1.0041407791507484,2.984304035235635,1.077294752035564
0.4409749505931526,1.2677025047679154,2.0703629610600642,0.25583247760385425,0.019894885455710005,1.0060578851298345,2.9643710716514264,1.0800689396271406
0.43914793821192816,1.2771369576996867,2.0813874303241597,0.26147204634634885,0.020118618532674503,1.0080163828169344,2.944173635028352,1.082968088299727
0.4373187912597963,1.2866614012155124,2.09255311981462,0.26724597918830306,0.02034402787386196,1.0100211777424277,2.923706504722448,1.0859989444049178
0.4354874755672052,1.296277289484708,2.1038624893593245,0.27315657262353893,0.020571013973769002,1.0120775445510533,2.9029643386205732,1.0891686649459544
0.43365395666082385,1.3059861086016458,2.1153180448091184,0.2792060124846891,0.02079946494747041,1.014191163283918,2.8819416735825634,1.0924848428412852
0.4318181997682645,1.3157893774200593,2.1269223380317266,0.2853963490845412,0.021029255300665194,1.0163681597098384,2.8606329266663613,1.0959555332847548
0.42998016982394127,1.3256886484078039,2.138677966756758,0.2917294689327521,0.021260244572281192,1.018615150211741,2.8390323972940514,1.0995892810147088
0.42813983147620177,1.3356855085219634,2.1505875742488545,0.29820706258106433,0.02149227583557588,1.0209392918034697,2.817134270544467,1.103395148416147
0.42629714909588673,1.3457815801040476,2.162653848783019,0.3048305880915859,0.02172517404207363,1.023348337932163,2.7949326217907533,1.107382744158705
0.42445208678648777,1.3559785217949236,2.1748795228928417,0.31160122955708114,0.0219587441909476,1.0258507008131257,2.7724214229393107,1.1115622520857067
0.42260460839609615,1.3662780294689223,2.187267372358525,0.3185198500278125,0.02219276930451248,1.0284555211496844,2.7495945505716133,1.1159444598919088
0.4207546775313555,1.3766818371864162,2.1998202148974992,0.3255869381165536,0.02242700818841603,1.0311727462118705,2.7264457963427877,1.120540787026893
0.41890225757365684,1.3871917181639133,2.2125409085157575,0.33280254746030424,0.02266119295284326,1.0340132173876273,2.702968880052388,1.1253633110948105
0.4170473116978424,1.3978094857604941,2.22543234947298,0.3401662281135486,0.022895026268608735,1.0369887684810741,2.679157465874987,1.130424791747683
0.4151898028937126,1.408536994479118,2.2384974698089835,0.34767694883330225,0.02312817832945081,1.04011233621795,2.6550051823221095,1.135738690853678
0.41332969399066616,1.419376140981011,2.251739234373008,0.35533300908953225,0.023360283489140994,1.0433980846316964,2.6305056466055974,1.1413191873999848
0.4114669476858382,1.4303288651109747,2.265160637290995,0.36313193949689015,0.023590936539314426,1.0468615452498486,2.605652494186569,1.147181185004816
0.4096015265761409,1.441397150931052,2.278764697799268,0.37107038921456514,0.02381968859123285,1.0505197752832836,2.5804394144273073,1.1533403097342427
0.4077333931946539,1.4525830277595024,2.292554455366186,0.3791439987031388,0.02404604252222535,1.0543915363468732,2.554860193416774,1.1598128948959014
0.40586251005185725,1.4638885712115401,2.3065329640165193,0.38734725606211495,0.024269447945430452,1.0584974966141247,2.5289087652179987,1.1666159489714258
0.4039888396822476,1.4753159042376955,2.3207032857669048,0.39567333500491597,0.024489295660030084,1.0628604597378815,2.502579272988594,1.1737671018928566
0.4021123446969275,1.4868671981550357,2.3350684830753514,0.40411391236663163,0.024704911538799723,1.0675056243612013,2.475866141656349,1.1812845235952394
0.4002329878428083,1.4985446736658061,2.349631610203897,0.4126589628930166,0.0249155498109496,1.0724608786039824,2.448764164093215,1.1891868075207996
0.39835073206911387,1.51035060185731,2.364395703392471,0.4212965289448105,0.025120385701749924,1.0777571345514212,2.42126860302059,1.1974928102452091
0.3964655406019184,1.5222873051761039,2.379363769744902,0.43001246268861804,0.02531850739711532,1.0834287084965057,2.3933753111978513,1.2062214362418764
0.3945773770274854,1.534357158368819,2.394538774736838,0.4387901383657038,0.025508907312498667,1.0895137535095378,2.3650808727882815,1.2153913549347093
0.39268620538519783,1.5465625893811819,2.409923628272627,0.4476101323746126,0.025690472662762868,1.0960547518312416,2.336382769151885,1.2250206345595847
0.3907919902708707,1.5589060802061665,2.425521169246949,0.4564498692243165,0.025861975355064196,1.103099075616755,2.307279572670822,1.2351262746584215
0.3888946969512072,1.571390167671701,2.4413341486118263,0.4652832319884651,0.02602206126307824,1.1106996257047552,2.2777711725393557,1.2457236163823506
0.3869942914900865,1.5840174441581305,2.4573652110153392,0.4740801368070283,0.02616923899109962,1.118915559349938,2.2478590367135105,1.2568256068687396
0.38509074088723805,1.5967905582357775,2.473616875172026,0.4828060723602419,0.026301868304712747,1.1278131192429277,2.217546514356846,1.2684418915307585
0.3831840132296419,1.6097122152136882,2.4900915132540318,0.49142160722628836,0.026418148495356935,1.1374665776533095,2.186839183059918,1.2805777067208133
0.3812740778556726,1.6227851775922195,2.506791329766078,0.49988187080299284,0.026516107064256302,1.1479593111770034,2.1557452447436827,1.2932325450888924
0.3793609055315406,1.6360122654147835,2.523718340596068,0.5081360172232219,0.026593589262034277,1.1593850233691678,2.1242759733380794,1.306398568694616
0.377444468638948,1.6493963565182614,2.5408743532267195,0.5161266866366012,0.026648249208634674,1.1718491345456277,2.092446215870505,1.3200587516824775
0.3755247413720139,1.6629403866877284,2.5582609494605766,0.5237894845660092,0.02667754354684219,1.1854703603326397,2.0602749462810914,1.3341847467744545
0.3736016999404076,1.6766473497296932,2.5758794724554095,0.5310525079300892,0.026678728851532368,1.2003825033240436,2.027785867833047,1.3487344908186867
0.3716753227741987,1.6905202974896536,2.5937310203854214,0.5378359557776603,0.02664886431893176,1.216736485786166,1.9950080551334564,1.3636495956865153
0.369745590724179,1.704562339854852,2.6118164496184013,0.5440518736277403,0.026584821579776523,1.2347026562974455,1.9619766202520967,1.3788526155439942
0.3678124872493084,1.7187766448021278,2.6301363908913435,0.5496040920152216,0.026483303786986417,1.25447341042524,1.9287333790496914,1.3942443406780056
0.3658759985805324,1.733166438573837,2.6486912825088083,0.5543884313643207,0.026340876373215118,1.2762661764278929,1.8953274836232372,1.4097013404806116
0.3639361138476024,1.747735006091614,2.6674814249747825,0.5582932549482451,0.02615401198527265,1.300326833640409,1.8618159750813357,1.4250740636922283
0.3619928251528821,1.7624856917472478,2.68650706155298,0.5612004569373791,0.025919151985571685,1.3269336566430863,1.8282641985502264,1.4401858878026979
0.3600461275737433,1.7774219007401593,2.70576848884962,0.5629869701261737,0.025632786452841394,1.3564019166434707,1.7947460109090545,1.454833580357256
0.3580960190734524,1.792547101158588,2.725266200425278,0.5635268640660611,0.025291553699248508,1.3890893280625527,1.7613437036069213,1.468789666256295
0.35614250029995353,1.8078648270222484,2.7450010644906424,0.5626940753518977,0.024892358859016077,1.4254026097914296,1.7281475610848118,1.481807155697331
0.3541855742532638,1.8233786825121805,2.7649745338326643,0.5603657652237612,0.02443250907215298,1.4658055449163903,1.6952549833008106,1.4936269487627754
0.35222524580586856,1.8390923476029233,2.7851888823292876,0.5564262356320933,0.023909860282324117,1.5108290792271415,1.6627691217612273,1.5039879718534948
0.3502615210669349,1.855009585277568,2.80564745806293,0.5507712577972018,0.023322967946572692,1.5610842084668093,1.630797014041237,1.5126397196973687
0.34829440659037675,1.871134250444864,2.8263549387410976,0.5433125865819568,0.02267123144776029,1.6172786811076474,1.5994472510098063,1.5193564194088438
0.34632390843831734,1.8874703005903122,2.8473175717226566,0.533982364002519,0.02195502026858456,1.680238907489891,1.5688272691419627,1.5239515769364675
0.3443500311242104,1.904021808086581,2.868543379365271,0.5227370728136901,0.02117576960625467,1.750938949781891,1.5390404186929543,1.5262913336947643
0.34237277647215547,1.9207929739744598,2.890042311420662,0.5095607015056527,0.020336034500462685,1.830539124865201,1.5101830057723382,1.5263049633719905
0.34039214243885924,1.9377881429199517,2.9118263301248937,0.49446683358452326,0.019439494802836067,1.9204376769511122,1.4823415309759556,1.5239910611678296
0.3384081219504464,1.9550118189729249,2.933909420116413,0.4774994739556998,0.01849090807876595,2.0223403240148716,1.4555903412178366,1.5194185072049644
0.3364207018067003,1.972468681712035,2.9563075233506964,0.45873255871818996,0.017496013032621154,2.1383545091353713,1.4299898731062712,1.5127220316775885
0.334429861700042,1.990163602366715,2.9790384073081153,0.4382682377467434,0.01646139127924661,2.271118317656241,1.4055856016699306,1.5040929978617257
0.33243557338641033,2.0081016595586734,3.0021214815086226,0.41623414554734384,0.015394299285548857,2.4239789593400256,1.3824077296828585,1.493766666119429
0.33043780003182327,2.0262881543930313,3.0255775815301744,0.39277996340339494,0.014302484425807168,2.6012436669933545,1.3604715752368755,1.482007570105847
0.3284364957438606,2.0447286247380836,3.0494287409121577,0.36807361360658886,0.013193999150825217,2.808538958450481,1.339778551937884,1.469094676753004
0.32643160528364173,2.0634288586458522,3.073697969745023,0.3422974155128254,0.012077025542370425,3.0533363450787068,1.3203175957141053,1.455307756364252
0.3244230639426434,2.082394906968746,3.0984090551582413,0.31564448398571077,0.010959719601780379,3.3457411674126316,1.3020668770454336,1.4409159660994384
0.32241079756079055,2.1016330953104942,3.123586394304716,0.28831557932198776,0.009850081202395188,3.6997110334068366,1.2849956443864754,1.426169170934523
0.32039472265784724,2.1211500355076387,3.1492548657299677,0.2605165400171243,0.008755852336652463,4.135002018980158,1.2690660672332634,1.4112920935573454
0.31837474664887205,2.140952636871279,3.175439740895123,0.23245635837790526,0.007684443535473049,4.68040188776438,1.2542349782638356,1.3964810627567399
0.3163507681156945,2.1610481174311045,3.2021666344727167,0.20434590175219494,0.006642886335792643,5.379358517898767,1.2404554467315996,1.381902932416644
0.3143226771092207,2.1814440154202446,3.2294614899535503,0.17639724197484244,0.005637808441550603,6.300349797908355,1.22767814512407,1.367695664519286
0.3122903554611291,2.2021482012257354,3.2573505959959412,0.14882353188740088,0.004675427661462966,7.55738450144036,1.2158524954021492,1.353970073896881
0.3102536770875686,2.2231688900104527,3.285860628616152,0.12183935774641258,0.0037615606529757184,9.354359217552902,1.2049275990354869,1.3408122932284139
0.308212508271377,2.2445146551921034,3.315018714530458,0.09566149642704977,0.002901642786143459,12.09329247027124,1.194852966859327,1.32828660097928
0.3061667079128353,2.2661944429460856,3.3448525115052434,0.07051001310468086,0.0021007559164079904,16.68722566613747,1.1855790714857875,1.3164383453103103
0.30411612774192615,2.288217587883412,3.3753903022836336,0.04660964566775977,0.0013636614081399304,25.735687857139023,1.1770577478208137,1.3052967789153256
0.3020606124874288,2.3105938300433593,3.4066610994158966,0.024191434334482127,0.0006948363039464687,50.68689062859238,1.1692424673437223,1.2948776878377881
0.3,2.3333333333333335,3.43869475905089,0.003494567401799747,9.851104208492294e-05,359.76237161053484,1.1620885102041516,1.2851857504091047
