gamma,alpha,z_tr
5.000000000000000000e-01,5.000000000000000000e-01,2.807303651825913127e-01
5.000000000000000000e-01,5.625000000000000000e-01,3.345772886443221794e-01
5.000000000000000000e-01,6.250000000000000000e-01,3.869284642321160761e-01
5.000000000000000000e-01,6.875000000000000000e-01,4.362881440720360327e-01
5.000000000000000000e-01,7.500000000000000000e-01,4.826563281640820491e-01
5.000000000000000000e-01,8.125000000000000000e-01,5.260330165082541809e-01
5.000000000000000000e-01,8.750000000000000000e-01,5.694097048524262572e-01
5.000000000000000000e-01,9.375000000000000000e-01,6.082991495747874788e-01
5.000000000000000000e-01,1.000000000000000000e+00,6.471885942971485894e-01
5.000000000000000000e-01,1.062500000000000000e+00,6.830865432716358709e-01
5.000000000000000000e-01,1.125000000000000000e+00,7.189844922461231524e-01
5.000000000000000000e-01,1.187500000000000000e+00,7.518909454727363828e-01
5.000000000000000000e-01,1.250000000000000000e+00,7.833016508254126986e-01
5.000000000000000000e-01,1.312500000000000000e+00,8.132166083041520999e-01
5.000000000000000000e-01,1.375000000000000000e+00,8.431315657828915011e-01
5.000000000000000000e-01,1.437500000000000000e+00,8.715507753876938768e-01
5.000000000000000000e-01,1.500000000000000000e+00,8.984742371185593379e-01
5.000000000000000000e-01,1.562500000000000000e+00,9.239019509754877735e-01
5.000000000000000000e-01,1.625000000000000000e+00,9.493296648324162090e-01
5.000000000000000000e-01,1.687500000000000000e+00,9.732616308154077300e-01
5.000000000000000000e-01,1.750000000000000000e+00,9.956978489244622255e-01
5.000000000000000000e-01,1.812500000000000000e+00,1.019629814907453857e+00
5.000000000000000000e-01,1.875000000000000000e+00,1.040570285142571327e+00
5.000000000000000000e-01,1.937500000000000000e+00,1.061510755377688797e+00
5.000000000000000000e-01,2.000000000000000000e+00,1.082451225612806489e+00
6.875000000000000000e-01,5.000000000000000000e-01,4.003901950975488067e-01
6.875000000000000000e-01,5.625000000000000000e-01,4.512456228114057333e-01
6.875000000000000000e-01,6.250000000000000000e-01,4.991095547773887198e-01
6.875000000000000000e-01,6.875000000000000000e-01,5.439819909954978217e-01
6.875000000000000000e-01,7.500000000000000000e-01,5.873586793396698980e-01
6.875000000000000000e-01,8.125000000000000000e-01,6.292396198099049487e-01
6.875000000000000000e-01,8.750000000000000000e-01,6.681290645322661703e-01
6.875000000000000000e-01,9.375000000000000000e-01,7.055227613806903664e-01
6.875000000000000000e-01,1.000000000000000000e+00,7.414207103551776479e-01
6.875000000000000000e-01,1.062500000000000000e+00,7.743271635817909893e-01
6.875000000000000000e-01,1.125000000000000000e+00,8.072336168084042196e-01
6.875000000000000000e-01,1.187500000000000000e+00,8.386443221610805354e-01
6.875000000000000000e-01,1.250000000000000000e+00,8.685592796398199367e-01
6.875000000000000000e-01,1.312500000000000000e+00,8.969784892446223123e-01
6.875000000000000000e-01,1.375000000000000000e+00,9.239019509754877735e-01
6.875000000000000000e-01,1.437500000000000000e+00,9.493296648324162090e-01
6.875000000000000000e-01,1.500000000000000000e+00,9.747573786893447556e-01
6.875000000000000000e-01,1.562500000000000000e+00,1.000185092546273191e+00
6.875000000000000000e-01,1.625000000000000000e+00,1.022621310655327687e+00
6.875000000000000000e-01,1.687500000000000000e+00,1.045057528764382182e+00
6.875000000000000000e-01,1.750000000000000000e+00,1.067493746873436677e+00
6.875000000000000000e-01,1.812500000000000000e+00,1.088434217108554369e+00
6.875000000000000000e-01,1.875000000000000000e+00,1.109374687343671839e+00
6.875000000000000000e-01,1.937500000000000000e+00,1.130315157578789531e+00
6.875000000000000000e-01,2.000000000000000000e+00,1.149759879939969975e+00
8.750000000000000000e-01,5.000000000000000000e-01,4.901350675337668994e-01
8.750000000000000000e-01,5.625000000000000000e-01,5.379989994997499414e-01
8.750000000000000000e-01,6.250000000000000000e-01,5.828714357178589323e-01
8.750000000000000000e-01,6.875000000000000000e-01,6.262481240620310086e-01
8.750000000000000000e-01,7.500000000000000000e-01,6.666333166583291447e-01
8.750000000000000000e-01,8.125000000000000000e-01,7.055227613806903664e-01
8.750000000000000000e-01,8.750000000000000000e-01,7.429164582291145624e-01
8.750000000000000000e-01,9.375000000000000000e-01,7.773186593296648184e-01
8.750000000000000000e-01,1.000000000000000000e+00,8.117208604302151853e-01
8.750000000000000000e-01,1.062500000000000000e+00,8.431315657828915011e-01
8.750000000000000000e-01,1.125000000000000000e+00,8.730465232616309024e-01
8.750000000000000000e-01,1.187500000000000000e+00,9.029614807403701926e-01
8.750000000000000000e-01,1.250000000000000000e+00,9.313806903451726793e-01
8.750000000000000000e-01,1.312500000000000000e+00,9.583041520760380294e-01
8.750000000000000000e-01,1.375000000000000000e+00,9.837318659329665760e-01
8.750000000000000000e-01,1.437500000000000000e+00,1.009159579789894901e+00
8.750000000000000000e-01,1.500000000000000000e+00,1.033091545772886422e+00
8.750000000000000000e-01,1.562500000000000000e+00,1.055527763881940917e+00
8.750000000000000000e-01,1.625000000000000000e+00,1.077963981990995634e+00
8.750000000000000000e-01,1.687500000000000000e+00,1.100400200100050130e+00
8.750000000000000000e-01,1.750000000000000000e+00,1.121340670335167600e+00
8.750000000000000000e-01,1.812500000000000000e+00,1.142281140570285292e+00
8.750000000000000000e-01,1.875000000000000000e+00,1.161725862931465736e+00
8.750000000000000000e-01,1.937500000000000000e+00,1.181170585292646402e+00
8.750000000000000000e-01,2.000000000000000000e+00,1.200615307653827069e+00
1.062500000000000000e+00,5.000000000000000000e-01,5.634267133566783770e-01
1.062500000000000000e+00,5.625000000000000000e-01,6.082991495747874788e-01
1.062500000000000000e+00,6.250000000000000000e-01,6.501800900450225296e-01
1.062500000000000000e+00,6.875000000000000000e-01,6.920610305152576913e-01
1.062500000000000000e+00,7.500000000000000000e-01,7.294547273636818874e-01
1.062500000000000000e+00,8.125000000000000000e-01,7.668484242121060834e-01
1.062500000000000000e+00,8.750000000000000000e-01,8.012506253126563394e-01
1.062500000000000000e+00,9.375000000000000000e-01,8.356528264132065953e-01
1.062500000000000000e+00,1.000000000000000000e+00,8.670635317658830221e-01
1.062500000000000000e+00,1.062500000000000000e+00,8.969784892446223123e-01
1.062500000000000000e+00,1.125000000000000000e+00,9.268934467233617136e-01
1.062500000000000000e+00,1.187500000000000000e+00,9.538169084542271747e-01
1.062500000000000000e+00,1.250000000000000000e+00,9.807403701850926359e-01
1.062500000000000000e+00,1.312500000000000000e+00,1.007663831915957875e+00
1.062500000000000000e+00,1.375000000000000000e+00,1.031595797898949618e+00
1.062500000000000000e+00,1.437500000000000000e+00,1.055527763881940917e+00
1.062500000000000000e+00,1.500000000000000000e+00,1.079459729864932438e+00
1.062500000000000000e+00,1.562500000000000000e+00,1.101895947973987155e+00
1.062500000000000000e+00,1.625000000000000000e+00,1.122836418209104625e+00
1.062500000000000000e+00,1.687500000000000000e+00,1.143776888444222095e+00
1.062500000000000000e+00,1.750000000000000000e+00,1.164717358679339787e+00
1.062500000000000000e+00,1.812500000000000000e+00,1.184162081040520231e+00
1.062500000000000000e+00,1.875000000000000000e+00,1.203606803401700898e+00
1.062500000000000000e+00,1.937500000000000000e+00,1.223051525762881564e+00
1.062500000000000000e+00,2.000000000000000000e+00,1.241000500250125205e+00
1.250000000000000000e+00,5.000000000000000000e-01,6.232566283141570684e-01
1.250000000000000000e+00,5.625000000000000000e-01,6.651375687843922302e-01
1.250000000000000000e+00,6.250000000000000000e-01,7.070185092546273919e-01
1.250000000000000000e+00,6.875000000000000000e-01,7.459079539769885026e-01
1.250000000000000000e+00,7.500000000000000000e-01,7.818059029514757841e-01
1.250000000000000000e+00,8.125000000000000000e-01,8.177038519259630656e-01
1.250000000000000000e+00,8.750000000000000000e-01,8.506103051525762959e-01
1.250000000000000000e+00,9.375000000000000000e-01,8.820210105052527227e-01
1.250000000000000000e+00,1.000000000000000000e+00,9.134317158579290385e-01
1.250000000000000000e+00,1.062500000000000000e+00,9.418509254627314142e-01
1.250000000000000000e+00,1.125000000000000000e+00,9.702701350675337899e-01
1.250000000000000000e+00,1.187500000000000000e+00,9.971935967983992510e-01
1.250000000000000000e+00,1.250000000000000000e+00,1.022621310655327687e+00
1.250000000000000000e+00,1.312500000000000000e+00,1.048049024512256233e+00
1.250000000000000000e+00,1.375000000000000000e+00,1.071980990495247754e+00
1.250000000000000000e+00,1.437500000000000000e+00,1.095912956478239275e+00
1.250000000000000000e+00,1.500000000000000000e+00,1.118349174587293771e+00
1.250000000000000000e+00,1.562500000000000000e+00,1.139289644822411240e+00
1.250000000000000000e+00,1.625000000000000000e+00,1.160230115057528710e+00
1.250000000000000000e+00,1.687500000000000000e+00,1.181170585292646402e+00
1.250000000000000000e+00,1.750000000000000000e+00,1.200615307653827069e+00
1.250000000000000000e+00,1.812500000000000000e+00,1.220060030015007513e+00
1.250000000000000000e+00,1.875000000000000000e+00,1.239504752376188179e+00
1.250000000000000000e+00,1.937500000000000000e+00,1.257453726863431820e+00
1.250000000000000000e+00,2.000000000000000000e+00,1.275402701350675461e+00
1.437500000000000000e+00,5.000000000000000000e-01,6.741120560280140506e-01
1.437500000000000000e+00,5.625000000000000000e-01,7.144972486243121867e-01
1.437500000000000000e+00,6.250000000000000000e-01,7.548824412206103229e-01
1.437500000000000000e+00,6.875000000000000000e-01,7.907803901950976044e-01
1.437500000000000000e+00,7.500000000000000000e-01,8.266783391695848859e-01
1.437500000000000000e+00,8.125000000000000000e-01,8.595847923961981163e-01
1.437500000000000000e+00,8.750000000000000000e-01,8.924912456228114577e-01
1.437500000000000000e+00,9.375000000000000000e-01,9.224062031015508589e-01
1.437500000000000000e+00,1.000000000000000000e+00,9.523211605802901492e-01
1.437500000000000000e+00,1.062500000000000000e+00,9.807403701850926359e-01
1.437500000000000000e+00,1.125000000000000000e+00,1.007663831915957875e+00
1.437500000000000000e+00,1.187500000000000000e+00,1.033091545772886422e+00
1.437500000000000000e+00,1.250000000000000000e+00,1.058519259629814968e+00
1.437500000000000000e+00,1.312500000000000000e+00,1.082451225612806489e+00
1.437500000000000000e+00,1.375000000000000000e+00,1.106383191595798010e+00
1.437500000000000000e+00,1.437500000000000000e+00,1.128819409704852506e+00
1.437500000000000000e+00,1.500000000000000000e+00,1.151255627813907001e+00
1.437500000000000000e+00,1.562500000000000000e+00,1.172196098049024471e+00
1.437500000000000000e+00,1.625000000000000000e+00,1.193136568284142163e+00
1.437500000000000000e+00,1.687500000000000000e+00,1.212581290645322829e+00
1.437500000000000000e+00,1.750000000000000000e+00,1.232026013006503273e+00
1.437500000000000000e+00,1.812500000000000000e+00,1.251470735367683940e+00
1.437500000000000000e+00,1.875000000000000000e+00,1.269419709854927580e+00
1.437500000000000000e+00,1.937500000000000000e+00,1.287368684342171221e+00
1.437500000000000000e+00,2.000000000000000000e+00,1.305317658829414862e+00
1.625000000000000000e+00,5.000000000000000000e-01,7.189844922461231524e-01
1.625000000000000000e+00,5.625000000000000000e-01,7.578739369684842631e-01
1.625000000000000000e+00,6.250000000000000000e-01,7.952676338169084591e-01
1.625000000000000000e+00,6.875000000000000000e-01,8.311655827913957406e-01
1.625000000000000000e+00,7.500000000000000000e-01,8.655677838919459965e-01
1.625000000000000000e+00,8.125000000000000000e-01,8.969784892446223123e-01
1.625000000000000000e+00,8.750000000000000000e-01,9.283891945972987392e-01
1.625000000000000000e+00,9.375000000000000000e-01,9.583041520760380294e-01
1.625000000000000000e+00,1.000000000000000000e+00,9.867233616808405161e-01
1.625000000000000000e+00,1.062500000000000000e+00,1.013646823411705977e+00
1.625000000000000000e+00,1.125000000000000000e+00,1.040570285142571327e+00
1.625000000000000000e+00,1.187500000000000000e+00,1.065997998999499874e+00
1.625000000000000000e+00,1.250000000000000000e+00,1.089929964982491395e+00
1.625000000000000000e+00,1.312500000000000000e+00,1.113861930965482694e+00
1.625000000000000000e+00,1.375000000000000000e+00,1.136298149074537411e+00
1.625000000000000000e+00,1.437500000000000000e+00,1.158734367183591907e+00
1.625000000000000000e+00,1.500000000000000000e+00,1.179674837418709377e+00
1.625000000000000000e+00,1.562500000000000000e+00,1.200615307653827069e+00
1.625000000000000000e+00,1.625000000000000000e+00,1.220060030015007513e+00
1.625000000000000000e+00,1.687500000000000000e+00,1.241000500250125205e+00
1.625000000000000000e+00,1.750000000000000000e+00,1.258949474737368845e+00
1.625000000000000000e+00,1.812500000000000000e+00,1.278394197098549290e+00
1.625000000000000000e+00,1.875000000000000000e+00,1.296343171585792931e+00
1.625000000000000000e+00,1.937500000000000000e+00,1.314292146073036571e+00
1.625000000000000000e+00,2.000000000000000000e+00,1.332241120560280212e+00
1.812500000000000000e+00,5.000000000000000000e-01,7.578739369684842631e-01
1.812500000000000000e+00,5.625000000000000000e-01,7.952676338169084591e-01
1.812500000000000000e+00,6.250000000000000000e-01,8.311655827913957406e-01
1.812500000000000000e+00,6.875000000000000000e-01,8.655677838919459965e-01
1.812500000000000000e+00,7.500000000000000000e-01,8.984742371185593379e-01
1.812500000000000000e+00,8.125000000000000000e-01,9.298849424712356537e-01
1.812500000000000000e+00,8.750000000000000000e-01,9.612956478239119695e-01
1.812500000000000000e+00,9.375000000000000000e-01,9.897148574287144562e-01
1.812500000000000000e+00,1.000000000000000000e+00,1.016638319159579806e+00
1.812500000000000000e+00,1.062500000000000000e+00,1.043561780890445378e+00
1.812500000000000000e+00,1.125000000000000000e+00,1.068989494747373703e+00
1.812500000000000000e+00,1.187500000000000000e+00,1.094417208604302250e+00
1.812500000000000000e+00,1.250000000000000000e+00,1.118349174587293771e+00
1.812500000000000000e+00,1.312500000000000000e+00,1.140785392696348266e+00
1.812500000000000000e+00,1.375000000000000000e+00,1.163221610805402761e+00
1.812500000000000000e+00,1.437500000000000000e+00,1.184162081040520231e+00
1.812500000000000000e+00,1.500000000000000000e+00,1.205102551275637923e+00
1.812500000000000000e+00,1.562500000000000000e+00,1.226043021510755393e+00
1.812500000000000000e+00,1.625000000000000000e+00,1.245487743871936059e+00
1.812500000000000000e+00,1.687500000000000000e+00,1.264932466233116726e+00
1.812500000000000000e+00,1.750000000000000000e+00,1.284377188594297170e+00
1.812500000000000000e+00,1.812500000000000000e+00,1.302326163081540811e+00
1.812500000000000000e+00,1.875000000000000000e+00,1.320275137568784452e+00
1.812500000000000000e+00,1.937500000000000000e+00,1.338224112056028092e+00
1.812500000000000000e+00,2.000000000000000000e+00,1.354677338669334707e+00
2.000000000000000000e+00,5.000000000000000000e-01,7.937718859429715446e-01
2.000000000000000000e+00,5.625000000000000000e-01,8.296698349174588261e-01
2.000000000000000000e+00,6.250000000000000000e-01,8.640720360180090820e-01
2.000000000000000000e+00,6.875000000000000000e-01,8.969784892446223123e-01
2.000000000000000000e+00,7.500000000000000000e-01,9.298849424712356537e-01
2.000000000000000000e+00,8.125000000000000000e-01,9.597998999499750550e-01
2.000000000000000000e+00,8.750000000000000000e-01,9.897148574287144562e-01
2.000000000000000000e+00,9.375000000000000000e-01,1.016638319159579806e+00
2.000000000000000000e+00,1.000000000000000000e+00,1.043561780890445378e+00
2.000000000000000000e+00,1.062500000000000000e+00,1.070485242621310729e+00
2.000000000000000000e+00,1.125000000000000000e+00,1.094417208604302250e+00
2.000000000000000000e+00,1.187500000000000000e+00,1.119844922461230574e+00
2.000000000000000000e+00,1.250000000000000000e+00,1.142281140570285292e+00
2.000000000000000000e+00,1.312500000000000000e+00,1.164717358679339787e+00
2.000000000000000000e+00,1.375000000000000000e+00,1.187153576788394282e+00
2.000000000000000000e+00,1.437500000000000000e+00,1.208094047023511752e+00
2.000000000000000000e+00,1.500000000000000000e+00,1.229034517258629444e+00
2.000000000000000000e+00,1.562500000000000000e+00,1.248479239619809888e+00
2.000000000000000000e+00,1.625000000000000000e+00,1.267923961980990555e+00
2.000000000000000000e+00,1.687500000000000000e+00,1.287368684342171221e+00
2.000000000000000000e+00,1.750000000000000000e+00,1.306813406703351665e+00
2.000000000000000000e+00,1.812500000000000000e+00,1.324762381190595306e+00
2.000000000000000000e+00,1.875000000000000000e+00,1.342711355677838947e+00
2.000000000000000000e+00,1.937500000000000000e+00,1.359164582291145562e+00
2.000000000000000000e+00,2.000000000000000000e+00,1.377113556778389203e+00
2.187500000000000000e+00,5.000000000000000000e-01,8.251825912956478604e-01
2.187500000000000000e+00,5.625000000000000000e-01,8.595847923961981163e-01
2.187500000000000000e+00,6.250000000000000000e-01,8.939869934967483722e-01
2.187500000000000000e+00,6.875000000000000000e-01,9.253976988494247991e-01
2.187500000000000000e+00,7.500000000000000000e-01,9.568084042021011149e-01
2.187500000000000000e+00,8.125000000000000000e-01,9.867233616808405161e-01
2.187500000000000000e+00,8.750000000000000000e-01,1.015142571285642781e+00
2.187500000000000000e+00,9.375000000000000000e-01,1.042066033016508353e+00
2.187500000000000000e+00,1.000000000000000000e+00,1.068989494747373703e+00
2.187500000000000000e+00,1.062500000000000000e+00,1.094417208604302250e+00
2.187500000000000000e+00,1.125000000000000000e+00,1.118349174587293771e+00
2.187500000000000000e+00,1.187500000000000000e+00,1.142281140570285292e+00
2.187500000000000000e+00,1.250000000000000000e+00,1.164717358679339787e+00
2.187500000000000000e+00,1.312500000000000000e+00,1.187153576788394282e+00
2.187500000000000000e+00,1.375000000000000000e+00,1.209589794897448778e+00
2.187500000000000000e+00,1.437500000000000000e+00,1.230530265132566248e+00
2.187500000000000000e+00,1.500000000000000000e+00,1.249974987493746914e+00
2.187500000000000000e+00,1.562500000000000000e+00,1.269419709854927580e+00
2.187500000000000000e+00,1.625000000000000000e+00,1.288864432216108025e+00
2.187500000000000000e+00,1.687500000000000000e+00,1.308309154577288691e+00
2.187500000000000000e+00,1.750000000000000000e+00,1.326258129064532332e+00
2.187500000000000000e+00,1.812500000000000000e+00,1.344207103551775973e+00
2.187500000000000000e+00,1.875000000000000000e+00,1.362156078039019613e+00
2.187500000000000000e+00,1.937500000000000000e+00,1.378609304652326228e+00
2.187500000000000000e+00,2.000000000000000000e+00,1.396558279139569869e+00
2.375000000000000000e+00,5.000000000000000000e-01,8.536018009004502360e-01
2.375000000000000000e+00,5.625000000000000000e-01,8.880040020010004920e-01
2.375000000000000000e+00,6.250000000000000000e-01,9.209104552276138334e-01
2.375000000000000000e+00,6.875000000000000000e-01,9.523211605802901492e-01
2.375000000000000000e+00,7.500000000000000000e-01,9.822361180590295504e-01
2.375000000000000000e+00,8.125000000000000000e-01,1.010655327663831926e+00
2.375000000000000000e+00,8.750000000000000000e-01,1.039074537268634302e+00
2.375000000000000000e+00,9.375000000000000000e-01,1.065997998999499874e+00
2.375000000000000000e+00,1.000000000000000000e+00,1.091425712856428198e+00
2.375000000000000000e+00,1.062500000000000000e+00,1.116853426713356745e+00
2.375000000000000000e+00,1.125000000000000000e+00,1.140785392696348266e+00
2.375000000000000000e+00,1.187500000000000000e+00,1.163221610805402761e+00
2.375000000000000000e+00,1.250000000000000000e+00,1.185657828914457257e+00
2.375000000000000000e+00,1.312500000000000000e+00,1.208094047023511752e+00
2.375000000000000000e+00,1.375000000000000000e+00,1.229034517258629444e+00
2.375000000000000000e+00,1.437500000000000000e+00,1.249974987493746914e+00
2.375000000000000000e+00,1.500000000000000000e+00,1.269419709854927580e+00
2.375000000000000000e+00,1.562500000000000000e+00,1.288864432216108025e+00
2.375000000000000000e+00,1.625000000000000000e+00,1.308309154577288691e+00
2.375000000000000000e+00,1.687500000000000000e+00,1.326258129064532332e+00
2.375000000000000000e+00,1.750000000000000000e+00,1.345702851425712998e+00
2.375000000000000000e+00,1.812500000000000000e+00,1.363651825912956639e+00
2.375000000000000000e+00,1.875000000000000000e+00,1.380105052526263254e+00
2.375000000000000000e+00,1.937500000000000000e+00,1.398054027013506895e+00
2.375000000000000000e+00,2.000000000000000000e+00,1.414507253626813510e+00
2.562500000000000000e+00,5.000000000000000000e-01,8.790295147573787826e-01
2.562500000000000000e+00,5.625000000000000000e-01,9.134317158579290385e-01
2.562500000000000000e+00,6.250000000000000000e-01,9.448424212106053544e-01
2.562500000000000000e+00,6.875000000000000000e-01,9.747573786893447556e-01
2.562500000000000000e+00,7.500000000000000000e-01,1.004672336168084046e+00
2.562500000000000000e+00,8.125000000000000000e-01,1.033091545772886422e+00
2.562500000000000000e+00,8.750000000000000000e-01,1.060015007503751994e+00
2.562500000000000000e+00,9.375000000000000000e-01,1.086938469234617344e+00
2.562500000000000000e+00,1.000000000000000000e+00,1.112366183091545890e+00
2.562500000000000000e+00,1.062500000000000000e+00,1.136298149074537411e+00
2.562500000000000000e+00,1.125000000000000000e+00,1.160230115057528710e+00
2.562500000000000000e+00,1.187500000000000000e+00,1.182666333166583428e+00
2.562500000000000000e+00,1.250000000000000000e+00,1.205102551275637923e+00
2.562500000000000000e+00,1.312500000000000000e+00,1.226043021510755393e+00
2.562500000000000000e+00,1.375000000000000000e+00,1.246983491745873085e+00
2.562500000000000000e+00,1.437500000000000000e+00,1.267923961980990555e+00
2.562500000000000000e+00,1.500000000000000000e+00,1.287368684342171221e+00
2.562500000000000000e+00,1.562500000000000000e+00,1.306813406703351665e+00
2.562500000000000000e+00,1.625000000000000000e+00,1.326258129064532332e+00
2.562500000000000000e+00,1.687500000000000000e+00,1.344207103551775973e+00
2.562500000000000000e+00,1.750000000000000000e+00,1.362156078039019613e+00
2.562500000000000000e+00,1.812500000000000000e+00,1.380105052526263254e+00
2.562500000000000000e+00,1.875000000000000000e+00,1.398054027013506895e+00
2.562500000000000000e+00,1.937500000000000000e+00,1.414507253626813510e+00
2.562500000000000000e+00,2.000000000000000000e+00,1.430960480240120125e+00
2.750000000000000000e+00,5.000000000000000000e-01,9.044572286143072182e-01
2.750000000000000000e+00,5.625000000000000000e-01,9.358679339669835340e-01
2.750000000000000000e+00,6.250000000000000000e-01,9.672786393196598498e-01
2.750000000000000000e+00,6.875000000000000000e-01,9.971935967983992510e-01
2.750000000000000000e+00,7.500000000000000000e-01,1.025612806403201738e+00
2.750000000000000000e+00,8.125000000000000000e-01,1.054032016008004113e+00
2.750000000000000000e+00,8.750000000000000000e-01,1.080955477738869464e+00
2.750000000000000000e+00,9.375000000000000000e-01,1.106383191595798010e+00
2.750000000000000000e+00,1.000000000000000000e+00,1.131810905452726335e+00
2.750000000000000000e+00,1.062500000000000000e+00,1.155742871435717856e+00
2.750000000000000000e+00,1.125000000000000000e+00,1.178179089544772351e+00
2.750000000000000000e+00,1.187500000000000000e+00,1.200615307653827069e+00
2.750000000000000000e+00,1.250000000000000000e+00,1.223051525762881564e+00
2.750000000000000000e+00,1.312500000000000000e+00,1.243991995997999034e+00
2.750000000000000000e+00,1.375000000000000000e+00,1.264932466233116726e+00
2.750000000000000000e+00,1.437500000000000000e+00,1.284377188594297170e+00
2.750000000000000000e+00,1.500000000000000000e+00,1.305317658829414862e+00
2.750000000000000000e+00,1.562500000000000000e+00,1.323266633316658281e+00
2.750000000000000000e+00,1.625000000000000000e+00,1.342711355677838947e+00
2.750000000000000000e+00,1.687500000000000000e+00,1.360660330165082588e+00
2.750000000000000000e+00,1.750000000000000000e+00,1.378609304652326228e+00
2.750000000000000000e+00,1.812500000000000000e+00,1.396558279139569869e+00
2.750000000000000000e+00,1.875000000000000000e+00,1.413011505752876484e+00
2.750000000000000000e+00,1.937500000000000000e+00,1.429464732366183100e+00
2.750000000000000000e+00,2.000000000000000000e+00,1.445917958979489715e+00
2.937500000000000000e+00,5.000000000000000000e-01,9.268934467233617136e-01
2.937500000000000000e+00,5.625000000000000000e-01,9.583041520760380294e-01
2.937500000000000000e+00,6.250000000000000000e-01,9.882191095547774307e-01
2.937500000000000000e+00,6.875000000000000000e-01,1.018134067033516832e+00
2.937500000000000000e+00,7.500000000000000000e-01,1.046553276638319208e+00
2.937500000000000000e+00,8.125000000000000000e-01,1.073476738369184558e+00
2.937500000000000000e+00,8.750000000000000000e-01,1.098904452226113104e+00
2.937500000000000000e+00,9.375000000000000000e-01,1.124332166083041651e+00
2.937500000000000000e+00,1.000000000000000000e+00,1.149759879939969975e+00
2.937500000000000000e+00,1.062500000000000000e+00,1.172196098049024471e+00
2.937500000000000000e+00,1.125000000000000000e+00,1.196128064032015992e+00
2.937500000000000000e+00,1.187500000000000000e+00,1.218564282141070487e+00
2.937500000000000000e+00,1.250000000000000000e+00,1.239504752376188179e+00
2.937500000000000000e+00,1.312500000000000000e+00,1.260445222611305649e+00
2.937500000000000000e+00,1.375000000000000000e+00,1.281385692846423341e+00
2.937500000000000000e+00,1.437500000000000000e+00,1.300830415207603785e+00
2.937500000000000000e+00,1.500000000000000000e+00,1.320275137568784452e+00
2.937500000000000000e+00,1.562500000000000000e+00,1.339719859929965118e+00
2.937500000000000000e+00,1.625000000000000000e+00,1.357668834417208759e+00
2.937500000000000000e+00,1.687500000000000000e+00,1.375617808904452399e+00
2.937500000000000000e+00,1.750000000000000000e+00,1.393566783391695818e+00
2.937500000000000000e+00,1.812500000000000000e+00,1.411515757878939459e+00
2.937500000000000000e+00,1.875000000000000000e+00,1.427968984492246296e+00
2.937500000000000000e+00,1.937500000000000000e+00,1.444422211105552911e+00
2.937500000000000000e+00,2.000000000000000000e+00,1.460875437718859526e+00
3.125000000000000000e+00,5.000000000000000000e-01,9.478339169584792945e-01
3.125000000000000000e+00,5.625000000000000000e-01,9.777488744372186957e-01
3.125000000000000000e+00,6.250000000000000000e-01,1.007663831915957875e+00
3.125000000000000000e+00,6.875000000000000000e-01,1.036083041520760473e+00
3.125000000000000000e+00,7.500000000000000000e-01,1.064502251125562848e+00
3.125000000000000000e+00,8.125000000000000000e-01,1.091425712856428198e+00
3.125000000000000000e+00,8.750000000000000000e-01,1.116853426713356745e+00
3.125000000000000000e+00,9.375000000000000000e-01,1.142281140570285292e+00
3.125000000000000000e+00,1.000000000000000000e+00,1.166213106553276591e+00
3.125000000000000000e+00,1.062500000000000000e+00,1.188649324662331308e+00
3.125000000000000000e+00,1.125000000000000000e+00,1.212581290645322829e+00
3.125000000000000000e+00,1.187500000000000000e+00,1.233521760880440299e+00
3.125000000000000000e+00,1.250000000000000000e+00,1.255957978989494794e+00
3.125000000000000000e+00,1.312500000000000000e+00,1.275402701350675461e+00
3.125000000000000000e+00,1.375000000000000000e+00,1.296343171585792931e+00
3.125000000000000000e+00,1.437500000000000000e+00,1.315787893946973597e+00
3.125000000000000000e+00,1.500000000000000000e+00,1.335232616308154041e+00
3.125000000000000000e+00,1.562500000000000000e+00,1.354677338669334707e+00
3.125000000000000000e+00,1.625000000000000000e+00,1.372626313156578348e+00
3.125000000000000000e+00,1.687500000000000000e+00,1.390575287643821989e+00
3.125000000000000000e+00,1.750000000000000000e+00,1.408524262131065630e+00
3.125000000000000000e+00,1.812500000000000000e+00,1.424977488744372245e+00
3.125000000000000000e+00,1.875000000000000000e+00,1.442926463231615886e+00
3.125000000000000000e+00,1.937500000000000000e+00,1.459379689844922501e+00
3.125000000000000000e+00,2.000000000000000000e+00,1.475832916458229116e+00
3.312500000000000000e+00,5.000000000000000000e-01,9.672786393196598498e-01
3.312500000000000000e+00,5.625000000000000000e-01,9.971935967983992510e-01
3.312500000000000000e+00,6.250000000000000000e-01,1.025612806403201738e+00
3.312500000000000000e+00,6.875000000000000000e-01,1.054032016008004113e+00
3.312500000000000000e+00,7.500000000000000000e-01,1.080955477738869464e+00
3.312500000000000000e+00,8.125000000000000000e-01,1.107878939469734814e+00
3.312500000000000000e+00,8.750000000000000000e-01,1.133306653326663360e+00
3.312500000000000000e+00,9.375000000000000000e-01,1.157238619309654881e+00
3.312500000000000000e+00,1.000000000000000000e+00,1.181170585292646402e+00
3.312500000000000000e+00,1.062500000000000000e+00,1.205102551275637923e+00
3.312500000000000000e+00,1.125000000000000000e+00,1.227538769384692419e+00
3.312500000000000000e+00,1.187500000000000000e+00,1.248479239619809888e+00
3.312500000000000000e+00,1.250000000000000000e+00,1.269419709854927580e+00
3.312500000000000000e+00,1.312500000000000000e+00,1.290360180090045050e+00
3.312500000000000000e+00,1.375000000000000000e+00,1.311300650325162742e+00
3.312500000000000000e+00,1.437500000000000000e+00,1.330745372686343186e+00
3.312500000000000000e+00,1.500000000000000000e+00,1.350190095047523853e+00
3.312500000000000000e+00,1.562500000000000000e+00,1.368139069534767494e+00
3.312500000000000000e+00,1.625000000000000000e+00,1.386088044022011134e+00
3.312500000000000000e+00,1.687500000000000000e+00,1.404037018509254775e+00
3.312500000000000000e+00,1.750000000000000000e+00,1.421985992996498416e+00
3.312500000000000000e+00,1.812500000000000000e+00,1.438439219609805031e+00
3.312500000000000000e+00,1.875000000000000000e+00,1.456388194097048672e+00
3.312500000000000000e+00,1.937500000000000000e+00,1.472841420710355287e+00
3.312500000000000000e+00,2.000000000000000000e+00,1.487798899449724876e+00
3.500000000000000000e+00,5.000000000000000000e-01,9.852276138069034905e-01
3.500000000000000000e+00,5.625000000000000000e-01,1.015142571285642781e+00
3.500000000000000000e+00,6.250000000000000000e-01,1.043561780890445378e+00
3.500000000000000000e+00,6.875000000000000000e-01,1.070485242621310729e+00
3.500000000000000000e+00,7.500000000000000000e-01,1.097408704352176079e+00
3.500000000000000000e+00,8.125000000000000000e-01,1.124332166083041651e+00
3.500000000000000000e+00,8.750000000000000000e-01,1.148264132066033172e+00
3.500000000000000000e+00,9.375000000000000000e-01,1.173691845922961496e+00
3.500000000000000000e+00,1.000000000000000000e+00,1.196128064032015992e+00
3.500000000000000000e+00,1.062500000000000000e+00,1.220060030015007513e+00
3.500000000000000000e+00,1.125000000000000000e+00,1.241000500250125205e+00
3.500000000000000000e+00,1.187500000000000000e+00,1.263436718359179700e+00
3.500000000000000000e+00,1.250000000000000000e+00,1.284377188594297170e+00
3.500000000000000000e+00,1.312500000000000000e+00,1.303821910955477836e+00
3.500000000000000000e+00,1.375000000000000000e+00,1.324762381190595306e+00
3.500000000000000000e+00,1.437500000000000000e+00,1.344207103551775973e+00
3.500000000000000000e+00,1.500000000000000000e+00,1.362156078039019613e+00
3.500000000000000000e+00,1.562500000000000000e+00,1.381600800400200058e+00
3.500000000000000000e+00,1.625000000000000000e+00,1.399549774887443698e+00
3.500000000000000000e+00,1.687500000000000000e+00,1.417498749374687339e+00
3.500000000000000000e+00,1.750000000000000000e+00,1.433951975987993954e+00
3.500000000000000000e+00,1.812500000000000000e+00,1.451900950475237595e+00
3.500000000000000000e+00,1.875000000000000000e+00,1.468354177088544432e+00
3.500000000000000000e+00,1.937500000000000000e+00,1.484807403701851047e+00
3.500000000000000000e+00,2.000000000000000000e+00,1.501260630315157663e+00
3.687500000000000000e+00,5.000000000000000000e-01,1.001680840420209995e+00
3.687500000000000000e+00,5.625000000000000000e-01,1.031595797898949618e+00
3.687500000000000000e+00,6.250000000000000000e-01,1.060015007503751994e+00
3.687500000000000000e+00,6.875000000000000000e-01,1.086938469234617344e+00
3.687500000000000000e+00,7.500000000000000000e-01,1.113861930965482694e+00
3.687500000000000000e+00,8.125000000000000000e-01,1.139289644822411240e+00
3.687500000000000000e+00,8.750000000000000000e-01,1.163221610805402761e+00
3.687500000000000000e+00,9.375000000000000000e-01,1.187153576788394282e+00
3.687500000000000000e+00,1.000000000000000000e+00,1.211085542771385803e+00
3.687500000000000000e+00,1.062500000000000000e+00,1.233521760880440299e+00
3.687500000000000000e+00,1.125000000000000000e+00,1.254462231115557769e+00
3.687500000000000000e+00,1.187500000000000000e+00,1.276898449224612264e+00
3.687500000000000000e+00,1.250000000000000000e+00,1.297838919459729956e+00
3.687500000000000000e+00,1.312500000000000000e+00,1.317283641820910622e+00
3.687500000000000000e+00,1.375000000000000000e+00,1.336728364182091067e+00
3.687500000000000000e+00,1.437500000000000000e+00,1.356173086543271733e+00
3.687500000000000000e+00,1.500000000000000000e+00,1.375617808904452399e+00
3.687500000000000000e+00,1.562500000000000000e+00,1.393566783391695818e+00
3.687500000000000000e+00,1.625000000000000000e+00,1.411515757878939459e+00
3.687500000000000000e+00,1.687500000000000000e+00,1.429464732366183100e+00
3.687500000000000000e+00,1.750000000000000000e+00,1.447413706853426740e+00
3.687500000000000000e+00,1.812500000000000000e+00,1.463866933466733355e+00
3.687500000000000000e+00,1.875000000000000000e+00,1.480320160080040193e+00
3.687500000000000000e+00,1.937500000000000000e+00,1.496773386693346808e+00
3.687500000000000000e+00,2.000000000000000000e+00,1.513226613306653423e+00
3.875000000000000000e+00,5.000000000000000000e-01,1.018134067033516832e+00
3.875000000000000000e+00,5.625000000000000000e-01,1.046553276638319208e+00
3.875000000000000000e+00,6.250000000000000000e-01,1.074972486243121583e+00
3.875000000000000000e+00,6.875000000000000000e-01,1.101895947973987155e+00
3.875000000000000000e+00,7.500000000000000000e-01,1.127323661830915480e+00
3.875000000000000000e+00,8.125000000000000000e-01,1.152751375687844027e+00
3.875000000000000000e+00,8.750000000000000000e-01,1.178179089544772351e+00
3.875000000000000000e+00,9.375000000000000000e-01,1.200615307653827069e+00
3.875000000000000000e+00,1.000000000000000000e+00,1.224547273636818367e+00
3.875000000000000000e+00,1.062500000000000000e+00,1.246983491745873085e+00
3.875000000000000000e+00,1.125000000000000000e+00,1.267923961980990555e+00
3.875000000000000000e+00,1.187500000000000000e+00,1.288864432216108025e+00
3.875000000000000000e+00,1.250000000000000000e+00,1.309804902451225717e+00
3.875000000000000000e+00,1.312500000000000000e+00,1.330745372686343186e+00
3.875000000000000000e+00,1.375000000000000000e+00,1.350190095047523853e+00
3.875000000000000000e+00,1.437500000000000000e+00,1.368139069534767494e+00
3.875000000000000000e+00,1.500000000000000000e+00,1.387583791895947938e+00
3.875000000000000000e+00,1.562500000000000000e+00,1.405532766383191579e+00
3.875000000000000000e+00,1.625000000000000000e+00,1.423481740870435219e+00
3.875000000000000000e+00,1.687500000000000000e+00,1.441430715357678860e+00
3.875000000000000000e+00,1.750000000000000000e+00,1.459379689844922501e+00
3.875000000000000000e+00,1.812500000000000000e+00,1.475832916458229116e+00
3.875000000000000000e+00,1.875000000000000000e+00,1.492286143071535731e+00
3.875000000000000000e+00,1.937500000000000000e+00,1.508739369684842568e+00
3.875000000000000000e+00,2.000000000000000000e+00,1.523696848424212158e+00
4.062500000000000000e+00,5.000000000000000000e-01,1.034587293646823447e+00
4.062500000000000000e+00,5.625000000000000000e-01,1.063006503251625823e+00
4.062500000000000000e+00,6.250000000000000000e-01,1.089929964982491395e+00
4.062500000000000000e+00,6.875000000000000000e-01,1.115357678839419719e+00
4.062500000000000000e+00,7.500000000000000000e-01,1.142281140570285292e+00
4.062500000000000000e+00,8.125000000000000000e-01,1.166213106553276591e+00
4.062500000000000000e+00,8.750000000000000000e-01,1.190145072536268112e+00
4.062500000000000000e+00,9.375000000000000000e-01,1.214077038519259633e+00
4.062500000000000000e+00,1.000000000000000000e+00,1.236513256628314128e+00
4.062500000000000000e+00,1.062500000000000000e+00,1.258949474737368845e+00
4.062500000000000000e+00,1.125000000000000000e+00,1.279889944972486315e+00
4.062500000000000000e+00,1.187500000000000000e+00,1.300830415207603785e+00
4.062500000000000000e+00,1.250000000000000000e+00,1.321770885442721477e+00
4.062500000000000000e+00,1.312500000000000000e+00,1.342711355677838947e+00
4.062500000000000000e+00,1.375000000000000000e+00,1.362156078039019613e+00
4.062500000000000000e+00,1.437500000000000000e+00,1.380105052526263254e+00
4.062500000000000000e+00,1.500000000000000000e+00,1.399549774887443698e+00
4.062500000000000000e+00,1.562500000000000000e+00,1.417498749374687339e+00
4.062500000000000000e+00,1.625000000000000000e+00,1.435447723861930980e+00
4.062500000000000000e+00,1.687500000000000000e+00,1.453396698349174621e+00
4.062500000000000000e+00,1.750000000000000000e+00,1.469849924962481236e+00
4.062500000000000000e+00,1.812500000000000000e+00,1.486303151575788073e+00
4.062500000000000000e+00,1.875000000000000000e+00,1.502756378189094688e+00
4.062500000000000000e+00,1.937500000000000000e+00,1.519209604802401303e+00
4.062500000000000000e+00,2.000000000000000000e+00,1.535662831415707918e+00
4.250000000000000000e+00,5.000000000000000000e-01,1.049544772386193037e+00
4.250000000000000000e+00,5.625000000000000000e-01,1.076468234117058609e+00
4.250000000000000000e+00,6.250000000000000000e-01,1.103391695847923959e+00
4.250000000000000000e+00,6.875000000000000000e-01,1.130315157578789531e+00
4.250000000000000000e+00,7.500000000000000000e-01,1.154247123561781052e+00
4.250000000000000000e+00,8.125000000000000000e-01,1.179674837418709377e+00
4.250000000000000000e+00,8.750000000000000000e-01,1.203606803401700898e+00
4.250000000000000000e+00,9.375000000000000000e-01,1.226043021510755393e+00
4.250000000000000000e+00,1.000000000000000000e+00,1.248479239619809888e+00
4.250000000000000000e+00,1.062500000000000000e+00,1.270915457728864384e+00
4.250000000000000000e+00,1.125000000000000000e+00,1.291855927963982076e+00
4.250000000000000000e+00,1.187500000000000000e+00,1.312796398199099546e+00
4.250000000000000000e+00,1.250000000000000000e+00,1.333736868434217238e+00
4.250000000000000000e+00,1.312500000000000000e+00,1.353181590795397682e+00
4.250000000000000000e+00,1.375000000000000000e+00,1.372626313156578348e+00
4.250000000000000000e+00,1.437500000000000000e+00,1.392071035517759015e+00
4.250000000000000000e+00,1.500000000000000000e+00,1.410020010005002655e+00
4.250000000000000000e+00,1.562500000000000000e+00,1.427968984492246296e+00
4.250000000000000000e+00,1.625000000000000000e+00,1.445917958979489715e+00
4.250000000000000000e+00,1.687500000000000000e+00,1.463866933466733355e+00
4.250000000000000000e+00,1.750000000000000000e+00,1.480320160080040193e+00
4.250000000000000000e+00,1.812500000000000000e+00,1.496773386693346808e+00
4.250000000000000000e+00,1.875000000000000000e+00,1.513226613306653423e+00
4.250000000000000000e+00,1.937500000000000000e+00,1.529679839919960038e+00
4.250000000000000000e+00,2.000000000000000000e+00,1.546133066533266653e+00
4.437500000000000000e+00,5.000000000000000000e-01,1.063006503251625823e+00
4.437500000000000000e+00,5.625000000000000000e-01,1.089929964982491395e+00
4.437500000000000000e+00,6.250000000000000000e-01,1.116853426713356745e+00
4.437500000000000000e+00,6.875000000000000000e-01,1.142281140570285292e+00
4.437500000000000000e+00,7.500000000000000000e-01,1.167708854427213616e+00
4.437500000000000000e+00,8.125000000000000000e-01,1.191640820410205137e+00
4.437500000000000000e+00,8.750000000000000000e-01,1.215572786393196658e+00
4.437500000000000000e+00,9.375000000000000000e-01,1.238009004502251154e+00
4.437500000000000000e+00,1.000000000000000000e+00,1.260445222611305649e+00
4.437500000000000000e+00,1.062500000000000000e+00,1.282881440720360144e+00
4.437500000000000000e+00,1.125000000000000000e+00,1.303821910955477836e+00
4.437500000000000000e+00,1.187500000000000000e+00,1.324762381190595306e+00
4.437500000000000000e+00,1.250000000000000000e+00,1.344207103551775973e+00
4.437500000000000000e+00,1.312500000000000000e+00,1.363651825912956639e+00
4.437500000000000000e+00,1.375000000000000000e+00,1.383096548274137083e+00
4.437500000000000000e+00,1.437500000000000000e+00,1.402541270635317749e+00
4.437500000000000000e+00,1.500000000000000000e+00,1.420490245122561390e+00
4.437500000000000000e+00,1.562500000000000000e+00,1.438439219609805031e+00
4.437500000000000000e+00,1.625000000000000000e+00,1.456388194097048672e+00
4.437500000000000000e+00,1.687500000000000000e+00,1.474337168584292312e+00
4.437500000000000000e+00,1.750000000000000000e+00,1.490790395197598928e+00
4.437500000000000000e+00,1.812500000000000000e+00,1.507243621810905543e+00
4.437500000000000000e+00,1.875000000000000000e+00,1.523696848424212158e+00
4.437500000000000000e+00,1.937500000000000000e+00,1.540150075037518773e+00
4.437500000000000000e+00,2.000000000000000000e+00,1.556603301650825388e+00
4.625000000000000000e+00,5.000000000000000000e-01,1.076468234117058609e+00
4.625000000000000000e+00,5.625000000000000000e-01,1.103391695847923959e+00
4.625000000000000000e+00,6.250000000000000000e-01,1.128819409704852506e+00
4.625000000000000000e+00,6.875000000000000000e-01,1.154247123561781052e+00
4.625000000000000000e+00,7.500000000000000000e-01,1.179674837418709377e+00
4.625000000000000000e+00,8.125000000000000000e-01,1.203606803401700898e+00
4.625000000000000000e+00,8.750000000000000000e-01,1.227538769384692419e+00
4.625000000000000000e+00,9.375000000000000000e-01,1.249974987493746914e+00
4.625000000000000000e+00,1.000000000000000000e+00,1.272411205602801409e+00
4.625000000000000000e+00,1.062500000000000000e+00,1.293351675837919101e+00
4.625000000000000000e+00,1.125000000000000000e+00,1.314292146073036571e+00
4.625000000000000000e+00,1.187500000000000000e+00,1.335232616308154041e+00
4.625000000000000000e+00,1.250000000000000000e+00,1.354677338669334707e+00
4.625000000000000000e+00,1.312500000000000000e+00,1.375617808904452399e+00
4.625000000000000000e+00,1.375000000000000000e+00,1.393566783391695818e+00
4.625000000000000000e+00,1.437500000000000000e+00,1.413011505752876484e+00
4.625000000000000000e+00,1.500000000000000000e+00,1.430960480240120125e+00
4.625000000000000000e+00,1.562500000000000000e+00,1.448909454727363766e+00
4.625000000000000000e+00,1.625000000000000000e+00,1.466858429214607407e+00
4.625000000000000000e+00,1.687500000000000000e+00,1.483311655827914022e+00
4.625000000000000000e+00,1.750000000000000000e+00,1.501260630315157663e+00
4.625000000000000000e+00,1.812500000000000000e+00,1.517713856928464278e+00
4.625000000000000000e+00,1.875000000000000000e+00,1.534167083541770893e+00
4.625000000000000000e+00,1.937500000000000000e+00,1.550620310155077508e+00
4.625000000000000000e+00,2.000000000000000000e+00,1.565577788894447320e+00
4.812500000000000000e+00,5.000000000000000000e-01,1.089929964982491395e+00
4.812500000000000000e+00,5.625000000000000000e-01,1.115357678839419719e+00
4.812500000000000000e+00,6.250000000000000000e-01,1.142281140570285292e+00
4.812500000000000000e+00,6.875000000000000000e-01,1.166213106553276591e+00
4.812500000000000000e+00,7.500000000000000000e-01,1.191640820410205137e+00
4.812500000000000000e+00,8.125000000000000000e-01,1.215572786393196658e+00
4.812500000000000000e+00,8.750000000000000000e-01,1.238009004502251154e+00
4.812500000000000000e+00,9.375000000000000000e-01,1.260445222611305649e+00
4.812500000000000000e+00,1.000000000000000000e+00,1.282881440720360144e+00
4.812500000000000000e+00,1.062500000000000000e+00,1.303821910955477836e+00
4.812500000000000000e+00,1.125000000000000000e+00,1.324762381190595306e+00
4.812500000000000000e+00,1.187500000000000000e+00,1.345702851425712998e+00
4.812500000000000000e+00,1.250000000000000000e+00,1.365147573786893442e+00
4.812500000000000000e+00,1.312500000000000000e+00,1.384592296148074109e+00
4.812500000000000000e+00,1.375000000000000000e+00,1.404037018509254775e+00
4.812500000000000000e+00,1.437500000000000000e+00,1.423481740870435219e+00
4.812500000000000000e+00,1.500000000000000000e+00,1.441430715357678860e+00
4.812500000000000000e+00,1.562500000000000000e+00,1.459379689844922501e+00
4.812500000000000000e+00,1.625000000000000000e+00,1.475832916458229116e+00
4.812500000000000000e+00,1.687500000000000000e+00,1.493781890945472757e+00
4.812500000000000000e+00,1.750000000000000000e+00,1.510235117558779372e+00
4.812500000000000000e+00,1.812500000000000000e+00,1.526688344172086209e+00
4.812500000000000000e+00,1.875000000000000000e+00,1.543141570785392824e+00
4.812500000000000000e+00,1.937500000000000000e+00,1.559594797398699439e+00
4.812500000000000000e+00,2.000000000000000000e+00,1.574552276138069029e+00
5.000000000000000000e+00,5.000000000000000000e-01,1.101895947973987155e+00
5.000000000000000000e+00,5.625000000000000000e-01,1.127323661830915480e+00
5.000000000000000000e+00,6.250000000000000000e-01,1.152751375687844027e+00
5.000000000000000000e+00,6.875000000000000000e-01,1.178179089544772351e+00
5.000000000000000000e+00,7.500000000000000000e-01,1.202111055527763872e+00
5.000000000000000000e+00,8.125000000000000000e-01,1.226043021510755393e+00
5.000000000000000000e+00,8.750000000000000000e-01,1.248479239619809888e+00
5.000000000000000000e+00,9.375000000000000000e-01,1.270915457728864384e+00
5.000000000000000000e+00,1.000000000000000000e+00,1.293351675837919101e+00
5.000000000000000000e+00,1.062500000000000000e+00,1.314292146073036571e+00
5.000000000000000000e+00,1.125000000000000000e+00,1.335232616308154041e+00
5.000000000000000000e+00,1.187500000000000000e+00,1.356173086543271733e+00
5.000000000000000000e+00,1.250000000000000000e+00,1.375617808904452399e+00
5.000000000000000000e+00,1.312500000000000000e+00,1.395062531265632844e+00
5.000000000000000000e+00,1.375000000000000000e+00,1.414507253626813510e+00
5.000000000000000000e+00,1.437500000000000000e+00,1.432456228114057151e+00
5.000000000000000000e+00,1.500000000000000000e+00,1.450405202601300791e+00
5.000000000000000000e+00,1.562500000000000000e+00,1.468354177088544432e+00
5.000000000000000000e+00,1.625000000000000000e+00,1.486303151575788073e+00
5.000000000000000000e+00,1.687500000000000000e+00,1.502756378189094688e+00
5.000000000000000000e+00,1.750000000000000000e+00,1.519209604802401303e+00
5.000000000000000000e+00,1.812500000000000000e+00,1.535662831415707918e+00
5.000000000000000000e+00,1.875000000000000000e+00,1.552116058029014534e+00
5.000000000000000000e+00,1.937500000000000000e+00,1.568569284642321149e+00
5.000000000000000000e+00,2.000000000000000000e+00,1.583526763381690960e+00
