dataset,model,target,spearman,pearson,r2,rmse,auroc_top_hard,hard_threshold,null_id
wine,MAAT_v14_field_shuffled_null,misclassification_rate,-0.023721723847755085,0.006085515877129329,-0.20742272031274722,0.12812283716823802,0.5077694235588972,0.0,0
wine,MAAT_v14_field_shuffled_null,misclassification_rate,0.07989929450420158,0.06918370629501738,-0.1245497655644574,0.12364774913905398,0.5244778613199665,0.0,1
wine,MAAT_v14_field_shuffled_null,misclassification_rate,0.07257294500999235,0.01491655613611281,-0.11442737732277353,0.12308999712452043,0.5560568086883877,0.0,2
wine,MAAT_v14_field_shuffled_null,misclassification_rate,0.06281040648494171,-0.011988688842303828,-0.18457634066775963,0.12690490327381698,0.44728487886382623,0.0,3
wine,MAAT_v14_field_shuffled_null,misclassification_rate,0.21151277684192116,0.15630027871242927,-0.15506981893335636,0.1253144041320471,0.5916457811194653,0.0,4
wine,MAAT_v14_field_shuffled_null,misclassification_rate,0.0823088099325155,0.048916374726756195,-0.1476064509272179,0.12490889479217933,0.5587301587301587,0.0,5
wine,MAAT_v14_field_shuffled_null,misclassification_rate,0.004247030269094582,0.03728743240858753,-0.0651176717375701,0.12033602745181829,0.48220551378446114,0.0,6
wine,MAAT_v14_field_shuffled_null,misclassification_rate,0.06120109913245159,0.10691941409195439,-0.1133760717424328,0.12303192437038547,0.5812865497076024,0.0,7
wine,MAAT_v14_field_shuffled_null,misclassification_rate,0.14973374965470793,0.0854088656201955,-0.12112192630229446,0.12345915450994106,0.5076023391812865,0.0,8
wine,MAAT_v14_field_shuffled_null,misclassification_rate,0.14506290547878814,0.17209318375188126,-0.025339842562468906,0.11806761542265248,0.5213032581453634,0.0,9
wine,MAAT_v14_field_shuffled_null,misclassification_rate,0.02833329335139163,-0.01867144026190566,-0.20085402391104323,0.12777385095126914,0.5124477861319967,0.0,10
wine,MAAT_v14_field_shuffled_null,misclassification_rate,0.06685590286827327,-0.03381757058077668,-0.2497772444775066,0.1303506441733997,0.5253132832080201,0.0,11
wine,MAAT_v14_field_shuffled_null,misclassification_rate,0.1750766357894098,0.08283830204535213,-0.09762010406811772,0.12215827791395437,0.519966583124478,0.0,12
wine,MAAT_v14_field_shuffled_null,misclassification_rate,0.08184054002147786,0.02461701741549847,-0.21649529606628892,0.12860329389449007,0.5969924812030075,0.0,13
wine,MAAT_v14_field_shuffled_null,misclassification_rate,-0.03125849842856982,-0.023705544049473865,-0.10591595906930729,0.1226190474080101,0.5162907268170426,0.0,14
wine,MAAT_v14_field_shuffled_null,misclassification_rate,-0.1435336189338804,-0.11817862922169606,-0.24075026745016093,0.12987903824475297,0.4962406015037594,0.0,15
wine,MAAT_v14_field_shuffled_null,misclassification_rate,0.047108545797109824,0.005043805104700721,-0.11355133225845715,0.12304160743732198,0.5849624060150377,0.0,16
wine,MAAT_v14_field_shuffled_null,misclassification_rate,-0.1036951116923107,-0.1033641869683383,-0.18967121762400563,0.12717752020673254,0.4944026733500418,0.0,17
wine,MAAT_v14_field_shuffled_null,misclassification_rate,-0.1421110267990825,-0.054121497152678166,-0.31398562559690557,0.13365714571324708,0.5380116959064328,0.0,18
wine,MAAT_v14_field_shuffled_null,misclassification_rate,0.07756683614985582,0.08431930181312709,-0.08699394789350623,0.12156552732390986,0.4818713450292398,0.0,19
wine,MAAT_v14_field_shuffled_null,misclassification_rate,-0.036661384807187704,-0.05049648899500458,-0.1391973572921441,0.12445041801092539,0.493734335839599,0.0,20
wine,MAAT_v14_field_shuffled_null,misclassification_rate,0.04372396200973648,-0.03445798841757052,-0.18580888506885174,0.12697090799480187,0.4579782790309106,0.0,21
wine,MAAT_v14_field_shuffled_null,misclassification_rate,-0.1994563084995089,-0.08376517870320888,-0.11635086397073158,0.12319617716678283,0.43926482873851297,0.0,22
wine,MAAT_v14_field_shuffled_null,misclassification_rate,0.08155602159451829,0.03328622162991392,-0.12292342069428575,0.1235583059468828,0.4930659983291563,0.0,23
wine,MAAT_v14_field_shuffled_null,misclassification_rate,-0.09411039718410982,-0.12266408311334719,-0.14041161586203477,0.12451672554714985,0.40618212197159564,0.0,24
wine,MAAT_v14_field_shuffled_null,misclassification_rate,-0.0871070946538443,-0.05917031915603087,-0.3408405135181236,0.13501606209514108,0.433249791144528,0.0,25
wine,MAAT_v14_field_shuffled_null,misclassification_rate,0.06560817101671093,-0.0022535584092707134,-0.9039187306899217,0.16088704625884392,0.5136173767752714,0.0,26
wine,MAAT_v14_field_shuffled_null,misclassification_rate,0.17003532491171974,0.15357101604440215,-0.06018755813541676,0.12005720455130389,0.5680868838763575,0.0,27
wine,MAAT_v14_field_shuffled_null,misclassification_rate,-0.03138001150675048,-0.020277057911373148,-0.200783677465453,0.12777010837818567,0.5467000835421888,0.0,28
wine,MAAT_v14_field_shuffled_null,misclassification_rate,-0.1109295854444809,-0.08542227571497919,-0.1256103653486491,0.12370604352221415,0.4930659983291562,0.0,29
wine,MAAT_v14_field_shuffled_null,misclassification_rate,0.12331502821806517,0.1383207348146846,-0.028411331559740294,0.11824432376398963,0.5869674185463659,0.0,30
wine,MAAT_v14_field_shuffled_null,misclassification_rate,0.06199241600743292,0.04900766764041104,-0.34761101763075053,0.13535651114178907,0.5012531328320802,0.0,31
wine,MAAT_v14_field_shuffled_null,misclassification_rate,0.10592383937016076,0.12272706969542821,-0.021798591391894107,0.11786355200075908,0.534001670843776,0.0,32
wine,MAAT_v14_field_shuffled_null,misclassification_rate,-0.07724675291952629,-0.10082218959754466,-0.19881775612520158,0.12766547301296405,0.4558061821219716,0.0,33
wine,MAAT_v14_field_shuffled_null,misclassification_rate,0.020909140647915058,-0.0022959621713957417,-0.1133160920765508,0.12302861034501154,0.5861319966583125,0.0,34
wine,MAAT_v14_field_shuffled_null,misclassification_rate,0.09031385442436789,0.018385190166854307,-0.6235217989490671,0.14856822591934757,0.5725981620718463,0.0,35
wine,MAAT_v14_field_shuffled_null,misclassification_rate,-0.09283895546363419,-0.04096039319440141,-0.2565665218304849,0.13070422239531965,0.4947368421052632,0.0,36
wine,MAAT_v14_field_shuffled_null,misclassification_rate,-0.11485060501601763,-0.09168417089791979,-0.1963028314744768,0.12753149201043046,0.4863826232247284,0.0,37
wine,MAAT_v14_field_shuffled_null,misclassification_rate,-0.14041577117178167,-0.1332625719251653,-0.2247868088257885,0.1290408233471311,0.4482873851294904,0.0,38
wine,MAAT_v14_field_shuffled_null,misclassification_rate,-0.14452646969462477,-0.08226526925784755,-0.14843847850589853,0.12495416676448891,0.4083542188805347,0.0,39
wine,MAAT_v14_field_shuffled_null,hybrid_hardness,0.04905583294057316,0.05183917032951936,-0.14597974107789757,0.14060454580120685,0.49824561403508777,0.14525103437225298,0
wine,MAAT_v14_field_shuffled_null,hybrid_hardness,-0.048466426719464974,-0.03252833371107758,-0.22444255880211683,0.14533830799185168,0.42155388471177946,0.14525103437225298,1
wine,MAAT_v14_field_shuffled_null,hybrid_hardness,0.07292572098530847,0.0027155191767074633,-0.46929998169957243,0.15920845517959764,0.6152046783625731,0.14525103437225298,2
wine,MAAT_v14_field_shuffled_null,hybrid_hardness,0.018449265848803475,-0.02245820377691042,-0.262756894113797,0.14759470110944192,0.43057644110275695,0.14525103437225298,3
wine,MAAT_v14_field_shuffled_null,hybrid_hardness,-0.14715260407966985,-0.08333237457278542,-0.16903500621733913,0.14201187117660344,0.3916457811194653,0.14525103437225298,4
wine,MAAT_v14_field_shuffled_null,hybrid_hardness,-0.07817930928825474,-0.05771554741877603,-0.14529025458638967,0.14056224159730957,0.4222222222222222,0.14525103437225298,5
wine,MAAT_v14_field_shuffled_null,hybrid_hardness,-0.10436639363185943,-0.054306891578608976,-0.5100715433414493,0.1614022756054299,0.4573099415204679,0.14525103437225298,6
wine,MAAT_v14_field_shuffled_null,hybrid_hardness,-0.08772683894209031,-0.15466247867764327,-0.2602364244351252,0.14744732761712798,0.4559732664995823,0.14525103437225298,7
wine,MAAT_v14_field_shuffled_null,hybrid_hardness,0.12959383102340707,0.09850567844171329,-0.15478353023490699,0.14114359741917912,0.5381787802840434,0.14525103437225298,8
wine,MAAT_v14_field_shuffled_null,hybrid_hardness,-0.06474425195945652,-0.046933747219770075,-0.11807067366677004,0.13888185862170585,0.4506265664160401,0.14525103437225298,9
wine,MAAT_v14_field_shuffled_null,hybrid_hardness,-0.1536679898162521,-0.11832045885775543,-0.2304471896529683,0.14569423958281244,0.41754385964912283,0.14525103437225298,10
wine,MAAT_v14_field_shuffled_null,hybrid_hardness,-0.10839435744614753,-0.06375590529026312,-0.17649842965549345,0.142464470303181,0.48705096073517135,0.14525103437225298,11
wine,MAAT_v14_field_shuffled_null,hybrid_hardness,-0.054645616849783335,0.14037304761746622,-0.23297230739906882,0.14584365946781597,0.487218045112782,0.14525103437225298,12
wine,MAAT_v14_field_shuffled_null,hybrid_hardness,0.0668103654637744,0.07480106909219535,-0.1659571391705057,0.14182480161342145,0.5478696741854637,0.14525103437225298,13
wine,MAAT_v14_field_shuffled_null,hybrid_hardness,-0.050564457528175,-0.049032177006356606,-0.13640356367648776,0.14001584484454724,0.4706766917293233,0.14525103437225298,14
wine,MAAT_v14_field_shuffled_null,hybrid_hardness,-0.0024757189106836795,0.03084934701427842,-0.10217966865714234,0.13789137096762627,0.5358395989974938,0.14525103437225298,15
wine,MAAT_v14_field_shuffled_null,hybrid_hardness,-0.033641902739462236,-0.011296589452088127,-0.23167327964463547,0.14576681066600716,0.5355054302422724,0.14525103437225298,16
wine,MAAT_v14_field_shuffled_null,hybrid_hardness,-0.0628292136959281,-0.09195445841481588,-0.20520745940327445,0.14419220968335014,0.4426065162907269,0.14525103437225298,17
wine,MAAT_v14_field_shuffled_null,hybrid_hardness,0.10206834771562533,0.10272929852355753,-0.12198888959371534,0.13912499763082434,0.5299916457811195,0.14525103437225298,18
wine,MAAT_v14_field_shuffled_null,hybrid_hardness,0.10142361816690411,0.13399284129757288,-0.0982031425573755,0.13764239880789597,0.516123642439432,0.14525103437225298,19
wine,MAAT_v14_field_shuffled_null,hybrid_hardness,0.07439604480763973,0.050085298916638515,-0.2092578073621536,0.1444343002683769,0.5341687552213867,0.14525103437225298,20
wine,MAAT_v14_field_shuffled_null,hybrid_hardness,-0.056030827860402234,-0.057686920732116925,-0.1998254161164983,0.14386989295693944,0.5034252297410192,0.14525103437225298,21
wine,MAAT_v14_field_shuffled_null,hybrid_hardness,0.023068763704492574,0.025953274046480415,-0.11853146833250161,0.1389104746245916,0.4860484544695072,0.14525103437225298,22
wine,MAAT_v14_field_shuffled_null,hybrid_hardness,-0.022334665703473346,0.024691250799365,-0.16005751442234262,0.14146553702793527,0.4870509607351713,0.14525103437225298,23
wine,MAAT_v14_field_shuffled_null,hybrid_hardness,-0.052436939385847224,-0.035504713963524455,-0.19536331884754166,0.14360212090578975,0.46015037593984964,0.14525103437225298,24
wine,MAAT_v14_field_shuffled_null,hybrid_hardness,0.10791347005997261,0.019040583510676168,-0.15925725346171227,0.14141673389699586,0.5684210526315789,0.14525103437225298,25
wine,MAAT_v14_field_shuffled_null,hybrid_hardness,-0.20272063102638604,-0.17063579534879433,-0.19382349571069213,0.1435095996108186,0.3909774436090226,0.14525103437225298,26
wine,MAAT_v14_field_shuffled_null,hybrid_hardness,-0.12678510823689876,-0.06358209972279324,-0.14658768646305553,0.14064183640411473,0.3971595655806182,0.14525103437225298,27
wine,MAAT_v14_field_shuffled_null,hybrid_hardness,-0.0241901249988031,0.04072949854323599,-0.26440756612324656,0.1476911372788862,0.5104427736006683,0.14525103437225298,28
wine,MAAT_v14_field_shuffled_null,hybrid_hardness,0.0669720798060279,-0.027754576856965377,-0.3028883196401011,0.14992169618328557,0.49055973266499586,0.14525103437225298,29
wine,MAAT_v14_field_shuffled_null,hybrid_hardness,-0.018808867478288256,-0.017982817962422543,-0.20095929862829243,0.14393785827512798,0.48872180451127817,0.14525103437225298,30
wine,MAAT_v14_field_shuffled_null,hybrid_hardness,-0.07565784224127567,-0.18290498653715803,-0.42640064251322873,0.15686702300264033,0.4041771094402673,0.14525103437225298,31
wine,MAAT_v14_field_shuffled_null,hybrid_hardness,-0.10656230417403868,-0.10529813169096713,-0.17167340243987295,0.14217203422337532,0.47268170426065165,0.14525103437225298,32
wine,MAAT_v14_field_shuffled_null,hybrid_hardness,-0.06148443127087259,-0.009060669893725837,-0.24286420675882892,0.14642752853566396,0.4472848788638263,0.14525103437225298,33
wine,MAAT_v14_field_shuffled_null,hybrid_hardness,-0.02711162226083034,-0.030289570924677333,-0.1165108316954615,0.13878494642846562,0.5055973266499583,0.14525103437225298,34
wine,MAAT_v14_field_shuffled_null,hybrid_hardness,0.018881213368243773,0.0091435874863873,-0.2062355793301156,0.14425369921378198,0.5266499582289056,0.14525103437225298,35
wine,MAAT_v14_field_shuffled_null,hybrid_hardness,0.05390513538788568,0.035809210534101535,-0.11759219620295647,0.13885213825068055,0.4771929824561404,0.14525103437225298,36
wine,MAAT_v14_field_shuffled_null,hybrid_hardness,-0.3050453810872949,-0.21464346253075556,-0.21368290473743823,0.14469832676508362,0.35989974937343366,0.14525103437225298,37
wine,MAAT_v14_field_shuffled_null,hybrid_hardness,0.12472325037316649,0.08397730391029978,-0.2746852403803117,0.14829017248165632,0.5674185463659147,0.14525103437225298,38
wine,MAAT_v14_field_shuffled_null,hybrid_hardness,0.019294010505048788,-0.11385696267595558,-0.17060529158156212,0.14210721662263856,0.4618212197159565,0.14525103437225298,39
