dataset_id,family,split,policy,n_vars,n_clauses,alpha,solved,sat,timeout,runtime_budget_exceeded,decisions,propagations,conflicts,learned_clauses,max_level,gate_value,runtime_s,compute_cost
aim_aim-100-1_6-no-1,satlib_dimacs_aim,test,vsids,100,160,1.6,1,0,0,0,79,276,28,27,27,0.012855279806752431,0.04173183301463723,52.804
aim_aim-100-1_6-no-1,satlib_dimacs_aim,test,moms,100,160,1.6,1,0,0,0,42,117,16,15,24,0.012855279806752431,0.023207457968965173,29.068
aim_aim-100-1_6-no-1,satlib_dimacs_aim,test,jeroslow_wang,100,160,1.6,1,0,0,0,45,99,15,14,19,0.012855279806752431,0.023425167019013315,28.896
aim_aim-100-1_6-no-1,satlib_dimacs_aim,test,score_with_R,100,160,1.6,1,0,0,0,113,149,18,17,34,0.012855279806752431,0.05165137496078387,52.495999999999995
aim_aim-100-1_6-no-1,satlib_dimacs_aim,test,frozen_gate_v17,100,160,1.6,1,0,0,0,111,215,25,24,36,0.012855279806752431,0.0527177500189282,59.16
aim_aim-100-1_6-no-1,satlib_dimacs_aim,test,gate_plus_L,100,160,1.6,1,0,0,0,78,130,18,17,31,0.012855279802995095,0.036103707971051335,41.92
aim_aim-100-1_6-no-1,satlib_dimacs_aim,test,gate_shuffled_L,100,160,1.6,1,0,0,0,109,148,19,18,33,0.012855279802995095,0.048731459013652056,52.291999999999994
aim_aim-100-1_6-no-2,satlib_dimacs_aim,test,vsids,100,160,1.6,1,0,0,0,193,386,30,29,35,0.01225869169872339,0.08539500000188127,89.444
aim_aim-100-1_6-no-2,satlib_dimacs_aim,test,moms,100,160,1.6,1,0,0,0,73,227,25,24,30,0.01225869169872339,0.033807249972596765,47.808
aim_aim-100-1_6-no-2,satlib_dimacs_aim,test,jeroslow_wang,100,160,1.6,1,0,0,0,74,315,36,35,26,0.01225869169872339,0.04248512501362711,59.46
aim_aim-100-1_6-no-2,satlib_dimacs_aim,test,score_with_R,100,160,1.6,1,0,0,0,205,377,31,30,38,0.01225869169872339,0.088416957994923,94.008
aim_aim-100-1_6-no-2,satlib_dimacs_aim,test,frozen_gate_v17,100,160,1.6,1,0,0,0,158,334,35,34,36,0.01225869169872339,0.07098312501329929,83.736
aim_aim-100-1_6-no-2,satlib_dimacs_aim,test,gate_plus_L,100,160,1.6,1,0,0,0,142,185,26,25,28,0.012258691691945331,0.07174049998866394,69.33999999999999
aim_aim-100-1_6-no-2,satlib_dimacs_aim,test,gate_shuffled_L,100,160,1.6,1,0,0,0,153,195,20,19,36,0.012258691691810632,0.07379362499341369,66.68
aim_aim-100-1_6-no-3,satlib_dimacs_aim,calibration,vsids,100,157,1.57,1,0,0,0,124,518,47,46,27,0.011462651006492956,0.06691895803669468,86.27199999999999
aim_aim-100-1_6-no-3,satlib_dimacs_aim,calibration,moms,100,157,1.57,1,0,0,0,81,203,25,24,28,0.011462651006492956,0.039859166950918734,50.111999999999995
aim_aim-100-1_6-no-3,satlib_dimacs_aim,calibration,jeroslow_wang,100,157,1.57,1,0,0,0,95,223,26,25,23,0.011462651006492956,0.04704087501158938,55.392
aim_aim-100-1_6-no-3,satlib_dimacs_aim,calibration,score_with_R,100,157,1.57,1,0,0,0,132,385,44,43,32,0.011462651006492956,0.06631862500216812,85.14
aim_aim-100-1_6-no-3,satlib_dimacs_aim,calibration,frozen_gate_v17,100,157,1.57,1,0,0,0,130,472,45,44,33,0.011462651006492956,0.07058470899937674,85.888
aim_aim-100-1_6-no-3,satlib_dimacs_aim,calibration,gate_plus_L,100,157,1.57,1,0,0,0,207,224,23,22,38,0.011462651006458555,0.0933533749775961,85.996
aim_aim-100-1_6-no-3,satlib_dimacs_aim,calibration,gate_shuffled_L,100,157,1.57,1,0,0,0,168,228,27,26,34,0.011462651001134656,0.07934433297486976,78.31200000000001
aim_aim-100-1_6-no-4,satlib_dimacs_aim,test,vsids,100,160,1.6,1,0,0,0,102,286,27,26,22,0.01273860091851245,0.04992491699522361,58.74399999999999
aim_aim-100-1_6-no-4,satlib_dimacs_aim,test,moms,100,160,1.6,1,0,0,0,48,105,17,16,21,0.01273860091851245,0.026485375012271106,31.82
aim_aim-100-1_6-no-4,satlib_dimacs_aim,test,jeroslow_wang,100,160,1.6,1,0,0,0,70,99,17,16,26,0.01273860091851245,0.03556254197610542,38.396
aim_aim-100-1_6-no-4,satlib_dimacs_aim,test,score_with_R,100,160,1.6,1,0,0,0,107,176,22,21,30,0.01273860091851245,0.05190995801240206,54.804
aim_aim-100-1_6-no-4,satlib_dimacs_aim,test,frozen_gate_v17,100,160,1.6,1,0,0,0,89,259,28,27,28,0.01273860091851245,0.04573108401382342,55.736000000000004
aim_aim-100-1_6-no-4,satlib_dimacs_aim,test,gate_plus_L,100,160,1.6,1,0,0,0,125,156,19,18,35,0.012738600912565384,0.057594167010392994,57.124
aim_aim-100-1_6-no-4,satlib_dimacs_aim,test,gate_shuffled_L,100,160,1.6,1,0,0,0,124,165,22,21,31,0.01273860090406893,0.06183058297028765,59.85999999999999
aim_aim-100-1_6-yes1-1,satlib_dimacs_aim,test,vsids,100,160,1.6,1,1,0,0,84,455,28,28,17,0.013473542054126686,0.03865041700191796,55.02
aim_aim-100-1_6-yes1-1,satlib_dimacs_aim,test,moms,100,160,1.6,1,1,0,0,43,245,17,17,20,0.013473542054126686,0.022393207997083664,30.88
aim_aim-100-1_6-yes1-1,satlib_dimacs_aim,test,jeroslow_wang,100,160,1.6,1,1,0,0,60,462,26,26,17,0.013473542054126686,0.03218333300901577,45.848
aim_aim-100-1_6-yes1-1,satlib_dimacs_aim,test,score_with_R,100,160,1.6,1,1,0,0,106,466,31,31,20,0.013473542054126686,0.04862104100175202,64.664
aim_aim-100-1_6-yes1-1,satlib_dimacs_aim,test,frozen_gate_v17,100,160,1.6,1,1,0,0,73,258,16,16,29,0.013473542054126686,0.03284174995496869,38.932
aim_aim-100-1_6-yes1-1,satlib_dimacs_aim,test,gate_plus_L,100,160,1.6,1,1,0,0,100,203,17,17,28,0.01347354203886123,0.04580779204843566,47.812
aim_aim-100-1_6-yes1-1,satlib_dimacs_aim,test,gate_shuffled_L,100,160,1.6,1,1,0,0,49,164,8,8,16,0.01347354205914668,0.0255278330296278,23.355999999999998
aim_aim-100-1_6-yes1-2,satlib_dimacs_aim,test,vsids,100,160,1.6,1,1,0,0,153,827,44,44,22,0.013517459124507743,0.07780999998794869,93.20800000000001
aim_aim-100-1_6-yes1-2,satlib_dimacs_aim,test,moms,100,160,1.6,1,1,0,0,34,232,11,11,15,0.013517459124507743,0.018327833036892116,22.128
aim_aim-100-1_6-yes1-2,satlib_dimacs_aim,test,jeroslow_wang,100,160,1.6,1,1,0,0,20,144,10,10,11,0.013517459124507743,0.010866250027902424,16.576
aim_aim-100-1_6-yes1-2,satlib_dimacs_aim,test,score_with_R,100,160,1.6,1,1,0,0,120,410,27,27,30,0.013517459124507743,0.053203541960101575,64.64
aim_aim-100-1_6-yes1-2,satlib_dimacs_aim,test,frozen_gate_v17,100,160,1.6,1,1,0,0,119,291,20,20,36,0.013517459124507743,0.04656037496170029,56.864
aim_aim-100-1_6-yes1-2,satlib_dimacs_aim,test,gate_plus_L,100,160,1.6,1,1,0,0,84,260,16,16,31,0.013517459120831457,0.03749254101421684,42.24
aim_aim-100-1_6-yes1-2,satlib_dimacs_aim,test,gate_shuffled_L,100,160,1.6,1,1,0,0,57,198,14,14,23,0.013517459114538397,0.027575624990276992,31.892
aim_aim-100-1_6-yes1-3,satlib_dimacs_aim,test,vsids,100,160,1.6,1,1,0,0,116,531,23,23,22,0.013209298858445092,0.05696279200492427,59.924
aim_aim-100-1_6-yes1-3,satlib_dimacs_aim,test,moms,100,160,1.6,1,1,0,0,19,150,9,9,10,0.013209298858445092,0.010382583015598357,15.299999999999999
aim_aim-100-1_6-yes1-3,satlib_dimacs_aim,test,jeroslow_wang,100,160,1.6,1,1,0,0,59,330,24,24,21,0.013209298858445092,0.027976833982393146,43.02
aim_aim-100-1_6-yes1-3,satlib_dimacs_aim,test,score_with_R,100,160,1.6,1,1,0,0,83,228,20,20,21,0.013209298858445092,0.03718174999812618,45.812
aim_aim-100-1_6-yes1-3,satlib_dimacs_aim,test,frozen_gate_v17,100,160,1.6,1,1,0,0,120,480,33,33,31,0.013209298858445092,0.05700737499864772,70.92
aim_aim-100-1_6-yes1-3,satlib_dimacs_aim,test,gate_plus_L,100,160,1.6,1,1,0,0,109,291,19,19,36,0.013209298851003451,0.04395075002685189,52.864
aim_aim-100-1_6-yes1-3,satlib_dimacs_aim,test,gate_shuffled_L,100,160,1.6,1,1,0,0,129,285,18,18,31,0.013209298858469507,0.05378704203758389,57.839999999999996
aim_aim-100-1_6-yes1-4,satlib_dimacs_aim,test,vsids,100,160,1.6,1,1,0,0,115,470,20,20,30,0.013460474298374549,0.05017924995627254,56.38
aim_aim-100-1_6-yes1-4,satlib_dimacs_aim,test,moms,100,160,1.6,1,1,0,0,29,157,7,7,20,0.013460474298374549,0.014842625008895993,16.328
aim_aim-100-1_6-yes1-4,satlib_dimacs_aim,test,jeroslow_wang,100,160,1.6,1,1,0,0,23,149,6,6,19,0.013460474298374549,0.011822458996903151,13.495999999999999
aim_aim-100-1_6-yes1-4,satlib_dimacs_aim,test,score_with_R,100,160,1.6,1,1,0,0,54,138,9,9,23,0.013460474298374549,0.026990999991539866,25.752
aim_aim-100-1_6-yes1-4,satlib_dimacs_aim,test,frozen_gate_v17,100,160,1.6,1,1,0,0,45,145,9,9,28,0.013460474298374549,0.022004124999511987,23.08
aim_aim-100-1_6-yes1-4,satlib_dimacs_aim,test,gate_plus_L,100,160,1.6,1,1,0,0,95,573,28,28,31,0.013460474288446655,0.05000687501160428,58.792
aim_aim-100-1_6-yes1-4,satlib_dimacs_aim,test,gate_shuffled_L,100,160,1.6,1,1,0,0,77,290,17,17,27,0.01346047429094106,0.03560275002382696,41.25999999999999
aim_aim-100-2_0-no-1,satlib_dimacs_aim,test,vsids,100,200,2.0,1,0,0,0,63,168,17,16,24,0.08068486698376007,0.03791549999732524,36.571999999999996
aim_aim-100-2_0-no-1,satlib_dimacs_aim,test,moms,100,200,2.0,1,0,0,0,29,99,8,7,24,0.08068486698376007,0.017364375002216548,17.096
aim_aim-100-2_0-no-1,satlib_dimacs_aim,test,jeroslow_wang,100,200,2.0,1,0,0,0,23,46,7,6,18,0.08068486698376007,0.014406208007130772,14.083999999999998
aim_aim-100-2_0-no-1,satlib_dimacs_aim,test,score_with_R,100,200,2.0,1,0,0,0,58,85,10,9,36,0.08068486698376007,0.032934167014900595,27.74
aim_aim-100-2_0-no-1,satlib_dimacs_aim,test,frozen_gate_v17,100,200,2.0,1,0,0,0,42,58,8,7,29,0.08068486698376007,0.024857582990080118,20.832
aim_aim-100-2_0-no-1,satlib_dimacs_aim,test,gate_plus_L,100,200,2.0,1,0,0,0,84,117,8,7,28,0.08068486701177369,0.04815883300034329,33.668000000000006
aim_aim-100-2_0-no-1,satlib_dimacs_aim,test,gate_shuffled_L,100,200,2.0,1,0,0,0,75,116,15,14,38,0.08068486698353491,0.03965125000104308,37.964
aim_aim-100-2_0-no-2,satlib_dimacs_aim,calibration,vsids,100,199,1.99,1,0,0,0,104,263,22,21,24,0.07221815988369902,0.0614025000249967,54.252
aim_aim-100-2_0-no-2,satlib_dimacs_aim,calibration,moms,100,199,1.99,1,0,0,0,71,281,24,23,28,0.07221815988369902,0.04095283296192065,46.424
aim_aim-100-2_0-no-2,satlib_dimacs_aim,calibration,jeroslow_wang,100,199,1.99,1,0,0,0,73,452,39,38,21,0.07221815988369902,0.047490666969679296,62.708
aim_aim-100-2_0-no-2,satlib_dimacs_aim,calibration,score_with_R,100,199,1.99,1,0,0,0,127,203,21,20,36,0.07221815988369902,0.06965983298141509,59.912
aim_aim-100-2_0-no-2,satlib_dimacs_aim,calibration,frozen_gate_v17,100,199,1.99,1,0,0,0,106,226,21,20,30,0.07221815988369902,0.060907417035195976,53.704
aim_aim-100-2_0-no-2,satlib_dimacs_aim,calibration,gate_plus_L,100,199,1.99,1,0,0,0,57,115,16,15,31,0.07221815988382452,0.034814041981007904,33.559999999999995
aim_aim-100-2_0-no-2,satlib_dimacs_aim,calibration,gate_shuffled_L,100,199,1.99,1,0,0,0,129,500,31,30,29,0.07221815986522691,0.07361720904009417,71.69999999999999
dubois_dubois100,satlib_dimacs_dubois,test,vsids,300,396,1.32,1,1,0,0,100,99,0,0,100,0.0020941733988784797,0.10083304200088605,30.396
dubois_dubois100,satlib_dimacs_dubois,test,moms,300,396,1.32,1,1,0,0,100,99,0,0,100,0.0020941733988784797,0.10484295897185802,30.396
dubois_dubois100,satlib_dimacs_dubois,test,jeroslow_wang,300,396,1.32,1,1,0,0,100,99,0,0,100,0.0020941733988784797,0.10388504201546311,30.396
dubois_dubois100,satlib_dimacs_dubois,test,score_with_R,300,396,1.32,1,1,0,0,100,99,0,0,100,0.0020941733988784797,0.10218254098435864,30.396
dubois_dubois100,satlib_dimacs_dubois,test,frozen_gate_v17,300,396,1.32,1,1,0,0,100,99,0,0,100,0.0020941733988784797,0.10406862501986325,30.396
dubois_dubois100,satlib_dimacs_dubois,test,gate_plus_L,300,396,1.32,1,1,0,0,100,99,0,0,100,0.002094173344291844,0.10375983401900157,30.396
dubois_dubois100,satlib_dimacs_dubois,test,gate_shuffled_L,300,396,1.32,1,1,0,0,101,99,0,0,101,0.0020941733988756785,0.10384429100668058,30.695999999999998
dubois_dubois20,satlib_dimacs_dubois,calibration,vsids,60,160,2.6666666666666665,1,0,0,0,492,1386,156,155,30,0.5,0.1996671250090003,309.144
dubois_dubois20,satlib_dimacs_dubois,calibration,moms,60,160,2.6666666666666665,1,0,0,0,67,1229,44,43,21,0.5,0.047217583982273936,69.01599999999999
dubois_dubois20,satlib_dimacs_dubois,calibration,jeroslow_wang,60,160,2.6666666666666665,1,0,0,0,377,2105,245,244,21,0.5,0.24782154196873307,366.52000000000004
dubois_dubois20,satlib_dimacs_dubois,calibration,score_with_R,60,160,2.6666666666666665,1,0,0,0,504,1413,131,130,24,0.5,0.20453175000147894,287.852
dubois_dubois20,satlib_dimacs_dubois,calibration,frozen_gate_v17,60,160,2.6666666666666665,1,0,0,0,395,1297,135,134,23,0.5,0.1719738329993561,258.688
dubois_dubois20,satlib_dimacs_dubois,calibration,gate_plus_L,60,160,2.6666666666666665,1,0,0,0,571,2237,201,200,22,0.4999999999996649,0.30732995900325477,381.24799999999993
dubois_dubois20,satlib_dimacs_dubois,calibration,gate_shuffled_L,60,160,2.6666666666666665,1,0,0,0,445,1268,130,129,23,0.5000000000003976,0.1921257089707069,268.572
dubois_dubois21,satlib_dimacs_dubois,test,vsids,63,168,2.6666666666666665,1,0,0,0,557,1752,171,170,23,0.4996365487580128,0.2460118749877438,345.108
dubois_dubois21,satlib_dimacs_dubois,test,moms,63,168,2.6666666666666665,1,0,0,0,70,1353,46,45,22,0.4996365487580128,0.052839041978586465,72.412
dubois_dubois21,satlib_dimacs_dubois,test,jeroslow_wang,63,168,2.6666666666666665,1,0,0,0,417,2305,262,261,22,0.4996365487580128,0.28743329201824963,396.32000000000005
dubois_dubois21,satlib_dimacs_dubois,test,score_with_R,63,168,2.6666666666666665,1,0,0,0,705,2539,255,254,25,0.4996365487580128,0.4173316250089556,476.656
dubois_dubois21,satlib_dimacs_dubois,test,frozen_gate_v17,63,168,2.6666666666666665,1,0,0,0,675,2361,208,207,26,0.4996365487580128,0.33132304198807105,419.944
dubois_dubois21,satlib_dimacs_dubois,test,gate_plus_L,63,168,2.6666666666666665,1,0,0,0,466,1571,157,156,26,0.49963654875806157,0.22079520899569616,303.08399999999995
dubois_dubois21,satlib_dimacs_dubois,test,gate_shuffled_L,63,168,2.6666666666666665,1,0,0,0,546,1972,175,174,25,0.49963654222785137,0.27517037501093,346.68799999999993
dubois_dubois22,satlib_dimacs_dubois,test,vsids,66,176,2.6666666666666665,1,0,0,0,581,1614,177,176,33,0.4993060256651834,0.258124666986987,357.756
dubois_dubois22,satlib_dimacs_dubois,test,moms,66,176,2.6666666666666665,1,0,0,0,73,1483,48,47,23,0.4993060256651834,0.058513332973234355,75.83200000000001
dubois_dubois22,satlib_dimacs_dubois,test,jeroslow_wang,66,176,2.6666666666666665,1,0,0,0,455,2499,280,279,23,0.4993060256651834,0.33101158298086375,426.496
dubois_dubois22,satlib_dimacs_dubois,test,score_with_R,66,176,2.6666666666666665,1,0,0,0,650,2834,237,236,25,0.4993060256651834,0.37051283300388604,443.336
dubois_dubois22,satlib_dimacs_dubois,test,frozen_gate_v17,66,176,2.6666666666666665,1,0,0,0,474,1471,154,153,26,0.4993060256651834,0.2431751670083031,302.084
dubois_dubois22,satlib_dimacs_dubois,test,gate_plus_L,66,176,2.6666666666666665,1,0,0,0,533,1618,153,152,26,0.49930602566558097,0.25607674999628216,319.37199999999996
dubois_dubois22,satlib_dimacs_dubois,test,gate_shuffled_L,66,176,2.6666666666666665,1,0,0,0,494,1607,160,159,26,0.4993060256661905,0.2458019590121694,314.628
dubois_dubois23,satlib_dimacs_dubois,calibration,vsids,69,184,2.6666666666666665,1,0,0,0,672,2081,197,196,25,0.49900415000969706,0.3259880000259727,406.92400000000004
dubois_dubois23,satlib_dimacs_dubois,calibration,moms,69,184,2.6666666666666665,1,0,0,0,76,1619,50,49,24,0.49900415000969706,0.065136999997776,79.276
dubois_dubois23,satlib_dimacs_dubois,calibration,jeroslow_wang,69,184,2.6666666666666665,1,0,0,0,495,2665,298,297,24,0.49900415000969706,0.3787949169636704,457.16
dubois_dubois23,satlib_dimacs_dubois,calibration,score_with_R,69,184,2.6666666666666665,1,0,0,0,739,2133,186,185,28,0.49900415000969706,0.38118983298772946,416.23199999999997
dubois_dubois23,satlib_dimacs_dubois,calibration,frozen_gate_v17,69,184,2.6666666666666665,1,0,0,0,572,1992,221,220,27,0.49900415000969706,0.33426274999510497,400.56800000000004
dubois_dubois23,satlib_dimacs_dubois,calibration,gate_plus_L,69,184,2.6666666666666665,1,0,0,0,631,2321,200,199,27,0.4990041500104128,0.36270474997581914,398.58399999999995
dubois_dubois23,satlib_dimacs_dubois,calibration,gate_shuffled_L,69,184,2.6666666666666665,1,0,0,0,555,1944,204,203,28,0.499004150011448,0.31096391699975356,378.276
dubois_dubois24,satlib_dimacs_dubois,test,vsids,72,192,2.6666666666666665,1,0,0,0,685,1879,198,197,36,0.4987273522258898,0.3326550829806365,411.016
dubois_dubois24,satlib_dimacs_dubois,test,moms,72,192,2.6666666666666665,1,0,0,0,79,1761,52,51,25,0.4987273522258898,0.07197266694856808,82.744
dubois_dubois24,satlib_dimacs_dubois,test,jeroslow_wang,72,192,2.6666666666666665,1,0,0,0,538,2812,311,310,25,0.4987273522258898,0.43066204199567437,483.64799999999997
dubois_dubois24,satlib_dimacs_dubois,test,score_with_R,72,192,2.6666666666666665,1,0,0,0,703,1827,153,152,30,0.4987273522258898,0.3434777499642223,371.20799999999997
dubois_dubois24,satlib_dimacs_dubois,test,frozen_gate_v17,72,192,2.6666666666666665,1,0,0,0,590,1829,170,169,31,0.4987273522258898,0.2931946670287289,354.316
dubois_dubois24,satlib_dimacs_dubois,test,gate_plus_L,72,192,2.6666666666666665,1,0,0,0,752,2575,239,238,29,0.49872735222689696,0.4572703330195509,474.90000000000003
dubois_dubois24,satlib_dimacs_dubois,test,gate_shuffled_L,72,192,2.6666666666666665,1,0,0,0,535,1540,167,166,29,0.4987273522266055,0.2664150829659775,333.66
dubois_dubois25,satlib_dimacs_dubois,test,vsids,75,200,2.6666666666666665,1,0,0,0,798,2429,227,226,27,0.49847263211275195,0.4247842920012772,476.116
dubois_dubois25,satlib_dimacs_dubois,test,moms,75,200,2.6666666666666665,1,0,0,0,82,1909,54,53,26,0.49847263211275195,0.07954891701228917,86.23599999999999
dubois_dubois25,satlib_dimacs_dubois,test,jeroslow_wang,75,200,2.6666666666666665,1,0,0,0,599,3033,329,328,26,0.49847263211275195,0.5011424999684095,520.832
dubois_dubois25,satlib_dimacs_dubois,test,score_with_R,75,200,2.6666666666666665,1,0,0,0,728,2500,225,224,28,0.49847263211275195,0.44728179200319573,453.4
dubois_dubois25,satlib_dimacs_dubois,test,frozen_gate_v17,75,200,2.6666666666666665,1,0,0,0,703,2651,244,243,30,0.49847263211275195,0.43314408301375806,465.50399999999996
dubois_dubois25,satlib_dimacs_dubois,test,gate_plus_L,75,200,2.6666666666666665,1,0,0,0,692,1975,178,177,31,0.498472632114027,0.37344462500186637,393.5
dubois_dubois25,satlib_dimacs_dubois,test,gate_shuffled_L,75,200,2.6666666666666665,1,0,0,0,686,2378,217,216,28,0.498472632114027,0.42903562501305714,432.31199999999995
dubois_dubois26,satlib_dimacs_dubois,test,vsids,78,208,2.6666666666666665,1,0,0,0,808,2154,221,220,39,0.4982374496708327,0.42816504201618955,472.01599999999996
dubois_dubois26,satlib_dimacs_dubois,test,moms,78,208,2.6666666666666665,1,0,0,0,85,2063,56,55,27,0.4982374496708327,0.08751337503781542,89.752
dubois_dubois26,satlib_dimacs_dubois,test,jeroslow_wang,78,208,2.6666666666666665,1,0,0,0,649,3232,346,345,27,0.4982374496708327,0.5667995829717256,553.628
dubois_dubois26,satlib_dimacs_dubois,test,score_with_R,78,208,2.6666666666666665,1,0,0,0,1029,3383,292,291,31,0.4982374496708327,0.6793964589596726,614.2320000000001
dubois_dubois26,satlib_dimacs_dubois,test,frozen_gate_v17,78,208,2.6666666666666665,1,0,0,0,728,2095,190,189,31,0.4982374496708327,0.42374379199463874,416.78
dubois_dubois26,satlib_dimacs_dubois,test,gate_plus_L,78,208,2.6666666666666665,1,0,0,0,858,2573,240,239,31,0.4982374496723549,0.5528110419982113,507.69199999999995
dubois_dubois26,satlib_dimacs_dubois,test,gate_shuffled_L,78,208,2.6666666666666665,1,0,0,0,913,3950,363,362,30,0.49823744967088157,0.7377563340123743,652.6999999999999
dubois_dubois27,satlib_dimacs_dubois,test,vsids,81,216,2.6666666666666665,1,0,0,0,915,2789,247,246,29,0.49801964012623834,0.5239979159669019,532.656
dubois_dubois27,satlib_dimacs_dubois,test,moms,81,216,2.6666666666666665,1,0,0,0,88,2223,58,57,28,0.49801964012623834,0.09568083303747699,93.292
dubois_dubois27,satlib_dimacs_dubois,test,jeroslow_wang,81,216,2.6666666666666665,1,0,0,0,711,3501,370,369,28,0.49801964012623834,0.6513355000060983,597.304
dubois_dubois27,satlib_dimacs_dubois,test,score_with_R,81,216,2.6666666666666665,1,0,0,0,1012,2505,206,205,33,0.49801964012623834,0.579307375010103,519.62
dubois_dubois27,satlib_dimacs_dubois,test,frozen_gate_v17,81,216,2.6666666666666665,1,0,0,0,777,2310,202,201,31,0.49801964012623834,0.46170616598101333,444.34000000000003
dubois_dubois27,satlib_dimacs_dubois,test,gate_plus_L,81,216,2.6666666666666665,1,0,0,0,942,2784,230,229,32,0.4980196401279892,0.5789174580131657,523.7359999999999
dubois_dubois27,satlib_dimacs_dubois,test,gate_shuffled_L,81,216,2.6666666666666665,1,0,0,0,699,2068,195,194,32,0.4980196401282015,0.39733229199191555,412.972
dubois_dubois28,satlib_dimacs_dubois,test,vsids,84,224,2.6666666666666665,1,0,0,0,942,2475,248,247,42,0.497817347112324,0.5443095419905148,540.4999999999999
dubois_dubois28,satlib_dimacs_dubois,test,moms,84,224,2.6666666666666665,1,0,0,0,91,2389,60,59,29,0.497817347112324,0.10535933298524469,96.856
dubois_dubois28,satlib_dimacs_dubois,test,jeroslow_wang,84,224,2.6666666666666665,1,0,0,0,774,3731,389,388,29,0.497817347112324,0.7379365839879028,636.124
dubois_dubois28,satlib_dimacs_dubois,test,score_with_R,84,224,2.6666666666666665,1,0,0,0,913,2606,234,233,33,0.497817347112324,0.577152332989499,518.324
dubois_dubois28,satlib_dimacs_dubois,test,frozen_gate_v17,84,224,2.6666666666666665,1,0,0,0,868,2707,268,267,34,0.497817347112324,0.5970785839599557,539.228
dubois_dubois28,satlib_dimacs_dubois,test,gate_plus_L,84,224,2.6666666666666665,1,0,0,0,845,2346,209,208,32,0.4978173471142871,0.49347229197155684,471.884
dubois_dubois28,satlib_dimacs_dubois,test,gate_shuffled_L,84,224,2.6666666666666665,1,0,0,0,917,2545,219,218,33,0.4978173471138462,0.5783930419711396,504.28
flat30-60_flat30-1,satlib_graph_coloring_flat30,test,vsids,90,300,3.3333333333333335,1,1,0,0,5,85,0,0,5,0.2682747118065584,0.0029728750232607126,1.84
flat30-60_flat30-1,satlib_graph_coloring_flat30,test,moms,90,300,3.3333333333333335,1,1,0,0,17,73,0,0,17,0.2682747118065584,0.007182749977800995,5.3919999999999995
flat30-60_flat30-1,satlib_graph_coloring_flat30,test,jeroslow_wang,90,300,3.3333333333333335,1,1,0,0,19,71,0,0,19,0.2682747118065584,0.009089833009056747,5.984
flat30-60_flat30-1,satlib_graph_coloring_flat30,test,score_with_R,90,300,3.3333333333333335,1,1,0,0,16,144,2,2,12,0.2682747118065584,0.00938674999633804,7.3759999999999994
flat30-60_flat30-1,satlib_graph_coloring_flat30,test,frozen_gate_v17,90,300,3.3333333333333335,1,1,0,0,13,107,1,1,12,0.2682747118065584,0.008586250012740493,5.328
flat30-60_flat30-1,satlib_graph_coloring_flat30,test,gate_plus_L,90,300,3.3333333333333335,1,1,0,0,10,80,0,0,10,0.26827471181079543,0.005362041003536433,3.32
flat30-60_flat30-1,satlib_graph_coloring_flat30,test,gate_shuffled_L,90,300,3.3333333333333335,1,1,0,0,15,75,0,0,15,0.26827471179732104,0.007185291964560747,4.8
flat30-60_flat30-10,satlib_graph_coloring_flat30,calibration,vsids,90,300,3.3333333333333335,1,1,0,0,9,81,0,0,9,0.2563755747330389,0.004306624992750585,3.0239999999999996
flat30-60_flat30-10,satlib_graph_coloring_flat30,calibration,moms,90,300,3.3333333333333335,1,1,0,0,13,77,0,0,13,0.2563755747330389,0.006032791978213936,4.208
flat30-60_flat30-10,satlib_graph_coloring_flat30,calibration,jeroslow_wang,90,300,3.3333333333333335,1,1,0,0,23,251,7,7,18,0.2563755747330389,0.014020207978319377,14.903999999999998
flat30-60_flat30-10,satlib_graph_coloring_flat30,calibration,score_with_R,90,300,3.3333333333333335,1,1,0,0,26,179,5,5,17,0.2563755747330389,0.01419337501283735,13.516
flat30-60_flat30-10,satlib_graph_coloring_flat30,calibration,frozen_gate_v17,90,300,3.3333333333333335,1,1,0,0,20,93,1,1,19,0.2563755747330389,0.010130667011253536,7.372
flat30-60_flat30-10,satlib_graph_coloring_flat30,calibration,gate_plus_L,90,300,3.3333333333333335,1,1,0,0,11,79,0,0,11,0.2563755746780509,0.006264875002671033,3.6159999999999997
flat30-60_flat30-10,satlib_graph_coloring_flat30,calibration,gate_shuffled_L,90,300,3.3333333333333335,1,1,0,0,12,110,2,2,8,0.2563755746780509,0.007845207990612835,6.04
flat30-60_flat30-100,satlib_graph_coloring_flat30,test,vsids,90,300,3.3333333333333335,1,1,0,0,6,84,0,0,6,0.26300981955056757,0.003224708023481071,2.1359999999999997
flat30-60_flat30-100,satlib_graph_coloring_flat30,test,moms,90,300,3.3333333333333335,1,1,0,0,10,80,0,0,10,0.26300981955056757,0.005243166990112513,3.32
flat30-60_flat30-100,satlib_graph_coloring_flat30,test,jeroslow_wang,90,300,3.3333333333333335,1,1,0,0,17,73,0,0,17,0.26300981955056757,0.008950333984103054,5.3919999999999995
flat30-60_flat30-100,satlib_graph_coloring_flat30,test,score_with_R,90,300,3.3333333333333335,1,1,0,0,13,103,1,1,12,0.26300981955056757,0.007914458052255213,5.312
flat30-60_flat30-100,satlib_graph_coloring_flat30,test,frozen_gate_v17,90,300,3.3333333333333335,1,1,0,0,21,146,2,2,16,0.26300981955056757,0.012845083954744041,8.884
flat30-60_flat30-100,satlib_graph_coloring_flat30,test,gate_plus_L,90,300,3.3333333333333335,1,1,0,0,15,75,0,0,15,0.26300981954719843,0.007227875001262873,4.8
flat30-60_flat30-100,satlib_graph_coloring_flat30,test,gate_shuffled_L,90,300,3.3333333333333335,1,1,0,0,14,76,0,0,14,0.2630098196063089,0.007707041979301721,4.5040000000000004
flat30-60_flat30-11,satlib_graph_coloring_flat30,test,vsids,90,300,3.3333333333333335,1,1,0,0,12,91,1,1,11,0.26122144327879615,0.005758333019912243,4.9639999999999995
flat30-60_flat30-11,satlib_graph_coloring_flat30,test,moms,90,300,3.3333333333333335,1,1,0,0,20,148,2,2,14,0.26122144327879615,0.010618416999932379,8.592
flat30-60_flat30-11,satlib_graph_coloring_flat30,test,jeroslow_wang,90,300,3.3333333333333335,1,1,0,0,25,218,5,5,17,0.26122144327879615,0.014059834007639438,13.372
flat30-60_flat30-11,satlib_graph_coloring_flat30,test,score_with_R,90,300,3.3333333333333335,1,1,0,0,19,89,1,1,16,0.26122144327879615,0.010437958990223706,7.056
flat30-60_flat30-11,satlib_graph_coloring_flat30,test,frozen_gate_v17,90,300,3.3333333333333335,1,1,0,0,16,74,0,0,16,0.26122144327879615,0.0075403330265544355,5.096
flat30-60_flat30-11,satlib_graph_coloring_flat30,test,gate_plus_L,90,300,3.3333333333333335,1,1,0,0,24,381,8,8,15,0.2612214432531867,0.017254750011488795,16.724
flat30-60_flat30-11,satlib_graph_coloring_flat30,test,gate_shuffled_L,90,300,3.3333333333333335,1,1,0,0,17,73,0,0,17,0.26122144327544183,0.008767957973759621,5.3919999999999995
flat30-60_flat30-12,satlib_graph_coloring_flat30,test,vsids,90,300,3.3333333333333335,1,1,0,0,6,84,0,0,6,0.25676080754802044,0.003409750002902001,2.1359999999999997
flat30-60_flat30-12,satlib_graph_coloring_flat30,test,moms,90,300,3.3333333333333335,1,1,0,0,14,76,0,0,14,0.25676080754802044,0.0066256659920327365,4.5040000000000004
flat30-60_flat30-12,satlib_graph_coloring_flat30,test,jeroslow_wang,90,300,3.3333333333333335,1,1,0,0,18,72,0,0,18,0.25676080754802044,0.009552999981679022,5.688
flat30-60_flat30-12,satlib_graph_coloring_flat30,test,score_with_R,90,300,3.3333333333333335,1,1,0,0,19,71,0,0,19,0.25676080754802044,0.0097839169902727,5.984
flat30-60_flat30-12,satlib_graph_coloring_flat30,test,frozen_gate_v17,90,300,3.3333333333333335,1,1,0,0,17,73,0,0,17,0.25676080754802044,0.009480167005676776,5.3919999999999995
flat30-60_flat30-12,satlib_graph_coloring_flat30,test,gate_plus_L,90,300,3.3333333333333335,1,1,0,0,20,131,2,2,13,0.25676080753904046,0.011092624976299703,8.524000000000001
flat30-60_flat30-12,satlib_graph_coloring_flat30,test,gate_shuffled_L,90,300,3.3333333333333335,1,1,0,0,17,73,0,0,17,0.2567608075521394,0.007874291972257197,5.3919999999999995
flat30-60_flat30-13,satlib_graph_coloring_flat30,test,vsids,90,300,3.3333333333333335,1,1,0,0,7,83,0,0,7,0.2787202280687402,0.0038219999987632036,2.432
flat30-60_flat30-13,satlib_graph_coloring_flat30,test,moms,90,300,3.3333333333333335,1,1,0,0,15,92,1,1,14,0.2787202280687402,0.007219624996650964,5.868
flat30-60_flat30-13,satlib_graph_coloring_flat30,test,jeroslow_wang,90,300,3.3333333333333335,1,1,0,0,18,95,1,1,16,0.2787202280687402,0.0106136659742333,6.779999999999999
flat30-60_flat30-13,satlib_graph_coloring_flat30,test,score_with_R,90,300,3.3333333333333335,1,1,0,0,14,76,0,0,14,0.2787202280687402,0.007670291990507394,4.5040000000000004
flat30-60_flat30-13,satlib_graph_coloring_flat30,test,frozen_gate_v17,90,300,3.3333333333333335,1,1,0,0,12,78,0,0,12,0.2787202280687402,0.006659375037997961,3.9119999999999995
flat30-60_flat30-13,satlib_graph_coloring_flat30,test,gate_plus_L,90,300,3.3333333333333335,1,1,0,0,27,258,6,6,13,0.27872022813296954,0.0178455839632079,15.132
flat30-60_flat30-13,satlib_graph_coloring_flat30,test,gate_shuffled_L,90,300,3.3333333333333335,1,1,0,0,16,107,1,1,14,0.2787202280964526,0.00913249998120591,6.228
flat30-60_flat30-14,satlib_graph_coloring_flat30,test,vsids,90,300,3.3333333333333335,1,1,0,0,10,89,1,1,9,0.2669560916143988,0.004919415980111808,4.356
flat30-60_flat30-14,satlib_graph_coloring_flat30,test,moms,90,300,3.3333333333333335,1,1,0,0,13,77,0,0,13,0.2669560916143988,0.0060754590085707605,4.208
flat30-60_flat30-14,satlib_graph_coloring_flat30,test,jeroslow_wang,90,300,3.3333333333333335,1,1,0,0,16,74,0,0,16,0.2669560916143988,0.008822958043310791,5.096
flat30-60_flat30-14,satlib_graph_coloring_flat30,test,score_with_R,90,300,3.3333333333333335,1,1,0,0,22,84,1,1,17,0.2669560916143988,0.01195283402921632,7.936
flat30-60_flat30-14,satlib_graph_coloring_flat30,test,frozen_gate_v17,90,300,3.3333333333333335,1,1,0,0,19,175,3,3,13,0.2669560916143988,0.011329833010677248,9.399999999999999
flat30-60_flat30-14,satlib_graph_coloring_flat30,test,gate_plus_L,90,300,3.3333333333333335,1,1,0,0,16,74,0,0,16,0.266956091594712,0.008360708015970886,5.096
flat30-60_flat30-14,satlib_graph_coloring_flat30,test,gate_shuffled_L,90,300,3.3333333333333335,1,1,0,0,17,113,1,1,16,0.2669560916430043,0.009237750025931746,6.552
flat30-60_flat30-15,satlib_graph_coloring_flat30,test,vsids,90,300,3.3333333333333335,1,1,0,0,9,143,2,2,6,0.27018748368840567,0.005372749990783632,5.271999999999999
flat30-60_flat30-15,satlib_graph_coloring_flat30,test,moms,90,300,3.3333333333333335,1,1,0,0,12,78,0,0,12,0.27018748368840567,0.005733916012104601,3.9119999999999995
flat30-60_flat30-15,satlib_graph_coloring_flat30,test,jeroslow_wang,90,300,3.3333333333333335,1,1,0,0,18,72,0,0,18,0.27018748368840567,0.009325125021860003,5.688
flat30-60_flat30-15,satlib_graph_coloring_flat30,test,score_with_R,90,300,3.3333333333333335,1,1,0,0,23,103,1,1,22,0.27018748368840567,0.011893957969732583,8.312
flat30-60_flat30-15,satlib_graph_coloring_flat30,test,frozen_gate_v17,90,300,3.3333333333333335,1,1,0,0,12,113,1,1,11,0.27018748368840567,0.006879666994791478,5.052
flat30-60_flat30-15,satlib_graph_coloring_flat30,test,gate_plus_L,90,300,3.3333333333333335,1,1,0,0,17,187,3,3,13,0.27018748371722984,0.010083959030453116,8.847999999999999
flat30-60_flat30-15,satlib_graph_coloring_flat30,test,gate_shuffled_L,90,300,3.3333333333333335,1,1,0,0,17,103,1,1,16,0.2701874837514053,0.008864458999596536,6.512
flat30-60_flat30-16,satlib_graph_coloring_flat30,test,vsids,90,300,3.3333333333333335,1,1,0,0,7,96,1,1,6,0.2719066836036083,0.0040057500009424984,3.484
flat30-60_flat30-16,satlib_graph_coloring_flat30,test,moms,90,300,3.3333333333333335,1,1,0,0,14,93,1,1,13,0.2719066836036083,0.006462250021286309,5.572
flat30-60_flat30-16,satlib_graph_coloring_flat30,test,jeroslow_wang,90,300,3.3333333333333335,1,1,0,0,25,65,0,0,25,0.2719066836036083,0.010597499960567802,7.76
flat30-60_flat30-16,satlib_graph_coloring_flat30,test,score_with_R,90,300,3.3333333333333335,1,1,0,0,17,106,1,1,15,0.2719066836036083,0.008223291020840406,6.524
flat30-60_flat30-16,satlib_graph_coloring_flat30,test,frozen_gate_v17,90,300,3.3333333333333335,1,1,0,0,23,107,2,2,16,0.2719066836036083,0.013125208031851798,9.328
flat30-60_flat30-16,satlib_graph_coloring_flat30,test,gate_plus_L,90,300,3.3333333333333335,1,1,0,0,9,91,1,1,8,0.27190668363089865,0.005580374971032143,4.064
flat30-60_flat30-16,satlib_graph_coloring_flat30,test,gate_shuffled_L,90,300,3.3333333333333335,1,1,0,0,17,112,2,2,14,0.2719066835836918,0.009160459041595459,7.548
flat30-60_flat30-17,satlib_graph_coloring_flat30,calibration,vsids,90,300,3.3333333333333335,1,1,0,0,12,186,3,3,9,0.2436436841117405,0.00799141702009365,7.343999999999999
flat30-60_flat30-17,satlib_graph_coloring_flat30,calibration,moms,90,300,3.3333333333333335,1,1,0,0,12,173,2,2,10,0.2436436841117405,0.0076622499618679285,6.292
flat30-60_flat30-17,satlib_graph_coloring_flat30,calibration,jeroslow_wang,90,300,3.3333333333333335,1,1,0,0,22,104,2,2,17,0.2436436841117405,0.011820207990240306,9.016
flat30-60_flat30-17,satlib_graph_coloring_flat30,calibration,score_with_R,90,300,3.3333333333333335,1,1,0,0,26,350,6,6,18,0.2436436841117405,0.018543916987255216,15.200000000000001
flat30-60_flat30-17,satlib_graph_coloring_flat30,calibration,frozen_gate_v17,90,300,3.3333333333333335,1,1,0,0,17,165,2,2,12,0.2436436841117405,0.010964416025672108,7.76
flat30-60_flat30-17,satlib_graph_coloring_flat30,calibration,gate_plus_L,90,300,3.3333333333333335,1,1,0,0,16,105,1,1,15,0.2436436841647344,0.009875999996438622,6.22
flat30-60_flat30-17,satlib_graph_coloring_flat30,calibration,gate_shuffled_L,90,300,3.3333333333333335,1,1,0,0,22,88,1,1,17,0.24364368408728607,0.010538957954850048,7.952
pigeon-hole_hole10,satlib_dimacs_pigeonhole,test,vsids,110,561,5.1,0,0,1,1,3589,86648,2855,2855,31,0.4995560073201053,30.005119667039253,9278.292
pigeon-hole_hole10,satlib_dimacs_pigeonhole,test,moms,110,561,5.1,0,0,1,1,3322,49960,3005,3005,51,0.4995560073201053,30.00513075001072,9201.439999999999
pigeon-hole_hole10,satlib_dimacs_pigeonhole,test,jeroslow_wang,110,561,5.1,0,0,1,1,3923,52352,3496,3496,47,0.4995560073201053,30.001386583026033,9882.308
pigeon-hole_hole10,satlib_dimacs_pigeonhole,test,score_with_R,110,561,5.1,0,0,1,1,3140,55197,2773,2773,85,0.4995560073201053,30.005204332992435,8935.788
pigeon-hole_hole10,satlib_dimacs_pigeonhole,test,frozen_gate_v17,110,561,5.1,0,0,1,1,3202,54782,2760,2760,83,0.4995560073201053,30.005228457972407,8939.728
pigeon-hole_hole10,satlib_dimacs_pigeonhole,test,gate_plus_L,110,561,5.1,0,0,1,1,3318,57729,2842,2842,81,0.4995560078222859,30.00514129200019,9068.316
pigeon-hole_hole10,satlib_dimacs_pigeonhole,test,gate_shuffled_L,110,561,5.1,0,0,1,1,3247,57295,2770,2770,86,0.4995560075722677,30.004831666999962,8973.279999999999
pigeon-hole_hole6,satlib_dimacs_pigeonhole,test,vsids,42,133,3.1666666666666665,1,0,0,0,372,5134,302,301,15,0.4508958211741955,0.30043454200495034,434.136
pigeon-hole_hole6,satlib_dimacs_pigeonhole,test,moms,42,133,3.1666666666666665,1,0,0,0,713,9579,635,634,20,0.4508958211741955,1.0225545409484766,887.216
pigeon-hole_hole6,satlib_dimacs_pigeonhole,test,jeroslow_wang,42,133,3.1666666666666665,1,0,0,0,689,7698,588,587,17,0.4508958211741955,0.7933649169863202,825.4920000000001
pigeon-hole_hole6,satlib_dimacs_pigeonhole,test,score_with_R,42,133,3.1666666666666665,1,0,0,0,854,12771,772,771,29,0.4508958211741955,1.2792725000181235,1079.284
pigeon-hole_hole6,satlib_dimacs_pigeonhole,test,frozen_gate_v17,42,133,3.1666666666666665,1,0,0,0,845,12055,735,734,25,0.4508958211741955,1.1801494589890353,1036.72
pigeon-hole_hole6,satlib_dimacs_pigeonhole,test,gate_plus_L,42,133,3.1666666666666665,1,0,0,0,891,12857,789,788,23,0.45089582179327775,1.326694084040355,1107.728
pigeon-hole_hole6,satlib_dimacs_pigeonhole,test,gate_shuffled_L,42,133,3.1666666666666665,1,0,0,0,843,12241,751,750,27,0.45089582167153297,1.2082335409941152,1052.864
pigeon-hole_hole7,satlib_dimacs_pigeonhole,test,vsids,56,204,3.642857142857143,1,0,0,0,952,16039,772,771,19,0.5331166663900834,1.8186886670300737,1121.7559999999999
pigeon-hole_hole7,satlib_dimacs_pigeonhole,test,moms,56,204,3.642857142857143,0,0,1,1,4023,61237,3646,3646,27,0.5331166663900834,30.005097084038425,10097.848
pigeon-hole_hole7,satlib_dimacs_pigeonhole,test,jeroslow_wang,56,204,3.642857142857143,1,0,0,0,3719,50481,3352,3351,23,0.5331166663900834,19.95585383300204,4669.624
pigeon-hole_hole7,satlib_dimacs_pigeonhole,test,score_with_R,56,204,3.642857142857143,0,0,1,1,4548,73350,4033,4033,41,0.5331166663900834,30.000324333959725,10690.8
pigeon-hole_hole7,satlib_dimacs_pigeonhole,test,frozen_gate_v17,56,204,3.642857142857143,0,0,1,1,4531,71944,4006,4006,36,0.5331166663900834,30.00395566696534,10653.076000000001
pigeon-hole_hole7,satlib_dimacs_pigeonhole,test,gate_plus_L,56,204,3.642857142857143,0,0,1,1,4482,69703,3939,3939,38,0.5331166666411399,30.001788790978026,10562.412
pigeon-hole_hole7,satlib_dimacs_pigeonhole,test,gate_shuffled_L,56,204,3.642857142857143,0,0,1,1,4536,71421,3955,3955,39,0.5331166663851667,30.00268449995201,10601.484
pigeon-hole_hole8,satlib_dimacs_pigeonhole,test,vsids,72,297,4.125,1,0,0,0,2467,46164,1997,1996,23,0.5193204141047466,11.84294287499506,2921.756
pigeon-hole_hole8,satlib_dimacs_pigeonhole,test,moms,72,297,4.125,0,0,1,1,3696,56132,3356,3356,34,0.5193204141047466,30.004660083039198,9689.328000000001
pigeon-hole_hole8,satlib_dimacs_pigeonhole,test,jeroslow_wang,72,297,4.125,0,0,1,1,4336,57676,3888,3888,30,0.5193204141047466,30.00408562499797,10419.504
pigeon-hole_hole8,satlib_dimacs_pigeonhole,test,score_with_R,72,297,4.125,0,0,1,1,3916,66262,3471,3471,50,0.5193204141047466,30.004633207980078,9910.848
pigeon-hole_hole8,satlib_dimacs_pigeonhole,test,frozen_gate_v17,72,297,4.125,0,0,1,1,3701,60415,3246,3246,51,0.5193204141047466,30.001318792055827,9597.96
pigeon-hole_hole8,satlib_dimacs_pigeonhole,test,gate_plus_L,72,297,4.125,0,0,1,1,4033,66964,3519,3519,55,0.5193204140047317,30.00391316600144,9996.756
pigeon-hole_hole8,satlib_dimacs_pigeonhole,test,gate_shuffled_L,72,297,4.125,0,0,1,1,3918,66010,3445,3445,51,0.5193204140047317,30.00227316695964,9884.439999999999
pigeon-hole_hole9,satlib_dimacs_pigeonhole,calibration,vsids,90,415,4.611111111111111,0,0,1,1,4048,87236,3205,3205,30,0.5084023846985489,30.00324420799734,9768.344000000001
pigeon-hole_hole9,satlib_dimacs_pigeonhole,calibration,moms,90,415,4.611111111111111,0,0,1,1,3445,51832,3117,3117,42,0.5084023846985489,30.005125374998897,9357.828000000001
pigeon-hole_hole9,satlib_dimacs_pigeonhole,calibration,jeroslow_wang,90,415,4.611111111111111,0,0,1,1,4086,54413,3653,3653,38,0.5084023846985489,30.001420541957486,10096.452000000001
pigeon-hole_hole9,satlib_dimacs_pigeonhole,calibration,score_with_R,90,415,4.611111111111111,0,0,1,1,3337,56195,2909,2909,69,0.5084023846985489,30.00265954202041,9134.880000000001
pigeon-hole_hole9,satlib_dimacs_pigeonhole,calibration,frozen_gate_v17,90,415,4.611111111111111,0,0,1,1,3324,54987,2901,2901,65,0.5084023846985489,30.00471416604705,9118.148000000001
pigeon-hole_hole9,satlib_dimacs_pigeonhole,calibration,gate_plus_L,90,415,4.611111111111111,0,0,1,1,3718,60287,3232,3232,66,0.508402384693612,30.004656167002395,9588.547999999999
pigeon-hole_hole9,satlib_dimacs_pigeonhole,calibration,gate_shuffled_L,90,415,4.611111111111111,0,0,1,1,3430,57023,2963,2963,65,0.5084023853234838,30.000309416034725,9220.092
uf20-91_uf20-01,satlib_random_3sat_uf20,test,vsids,20,91,4.55,1,1,0,0,6,40,2,2,4,0.7519613008862176,0.0016921250498853624,3.96
uf20-91_uf20-01,satlib_random_3sat_uf20,test,moms,20,91,4.55,1,1,0,0,10,64,4,4,6,0.7519613008862176,0.002364707994274795,7.256
uf20-91_uf20-01,satlib_random_3sat_uf20,test,jeroslow_wang,20,91,4.55,1,1,0,0,10,50,3,3,7,0.7519613008862176,0.002117541036568582,6.2
uf20-91_uf20-01,satlib_random_3sat_uf20,test,score_with_R,20,91,4.55,1,1,0,0,11,57,5,5,6,0.7519613008862176,0.0027779160300269723,8.528
uf20-91_uf20-01,satlib_random_3sat_uf20,test,frozen_gate_v17,20,91,4.55,1,1,0,0,3,26,1,1,3,0.7519613008862176,0.0010633750353008509,2.004
uf20-91_uf20-01,satlib_random_3sat_uf20,test,gate_plus_L,20,91,4.55,1,1,0,0,5,48,3,3,3,0.7519613008999374,0.0015465000178664923,4.692
uf20-91_uf20-01,satlib_random_3sat_uf20,test,gate_shuffled_L,20,91,4.55,1,1,0,0,8,36,2,2,6,0.7519613008229511,0.0017870409647002816,4.5440000000000005
uf20-91_uf20-010,satlib_random_3sat_uf20,test,vsids,20,91,4.55,1,1,0,0,5,15,0,0,5,0.8038243647585432,0.0011074169888161123,1.56
uf20-91_uf20-010,satlib_random_3sat_uf20,test,moms,20,91,4.55,1,1,0,0,4,15,0,0,4,0.8038243647585432,0.000977959018200636,1.26
uf20-91_uf20-010,satlib_random_3sat_uf20,test,jeroslow_wang,20,91,4.55,1,1,0,0,4,15,0,0,4,0.8038243647585432,0.0009738749940879643,1.26
uf20-91_uf20-010,satlib_random_3sat_uf20,test,score_with_R,20,91,4.55,1,1,0,0,5,14,0,0,5,0.8038243647585432,0.001293291978072375,1.556
uf20-91_uf20-010,satlib_random_3sat_uf20,test,frozen_gate_v17,20,91,4.55,1,1,0,0,6,13,0,0,6,0.8038243647585432,0.0012978329905308783,1.8519999999999999
uf20-91_uf20-010,satlib_random_3sat_uf20,test,gate_plus_L,20,91,4.55,1,1,0,0,8,11,0,0,8,0.8038243647047972,0.0016945829847827554,2.444
uf20-91_uf20-010,satlib_random_3sat_uf20,test,gate_shuffled_L,20,91,4.55,1,1,0,0,6,25,1,1,5,0.8038243647047972,0.0014686660142615438,2.9
uf20-91_uf20-0100,satlib_random_3sat_uf20,test,vsids,20,91,4.55,1,1,0,0,7,63,4,4,3,0.8135298984942182,0.001941208029165864,6.351999999999999
uf20-91_uf20-0100,satlib_random_3sat_uf20,test,moms,20,91,4.55,1,1,0,0,3,17,0,0,3,0.8135298984942182,0.0008877920336090028,0.968
uf20-91_uf20-0100,satlib_random_3sat_uf20,test,jeroslow_wang,20,91,4.55,1,1,0,0,4,16,0,0,4,0.8135298984942182,0.000982375000603497,1.264
uf20-91_uf20-0100,satlib_random_3sat_uf20,test,score_with_R,20,91,4.55,1,1,0,0,6,14,0,0,6,0.8135298984942182,0.0013716249959543347,1.8559999999999999
uf20-91_uf20-0100,satlib_random_3sat_uf20,test,frozen_gate_v17,20,91,4.55,1,1,0,0,5,15,0,0,5,0.8135298984942182,0.001227749977260828,1.56
uf20-91_uf20-0100,satlib_random_3sat_uf20,test,gate_plus_L,20,91,4.55,1,1,0,0,3,17,0,0,3,0.8135298984231479,0.000867582974024117,0.968
uf20-91_uf20-0100,satlib_random_3sat_uf20,test,gate_shuffled_L,20,91,4.55,1,1,0,0,4,16,0,0,4,0.8135298984653865,0.0010687499889172614,1.264
uf20-91_uf20-01000,satlib_random_3sat_uf20,test,vsids,20,91,4.55,1,1,0,0,6,41,3,3,3,0.8029244566538355,0.0016369170043617487,4.9639999999999995
uf20-91_uf20-01000,satlib_random_3sat_uf20,test,moms,20,91,4.55,1,1,0,0,4,26,2,2,3,0.8029244566538355,0.0011571249924600124,3.3040000000000003
uf20-91_uf20-01000,satlib_random_3sat_uf20,test,jeroslow_wang,20,91,4.55,1,1,0,0,4,23,1,1,4,0.8029244566538355,0.0010852920240722597,2.2920000000000003
uf20-91_uf20-01000,satlib_random_3sat_uf20,test,score_with_R,20,91,4.55,1,1,0,0,6,51,3,3,3,0.8029244566538355,0.0019769580103456974,5.004
uf20-91_uf20-01000,satlib_random_3sat_uf20,test,frozen_gate_v17,20,91,4.55,1,1,0,0,10,82,7,7,6,0.8029244566538355,0.00300587504170835,10.328
uf20-91_uf20-01000,satlib_random_3sat_uf20,test,gate_plus_L,20,91,4.55,1,1,0,0,7,58,5,5,3,0.8029244566001612,0.002050541981589049,7.332
uf20-91_uf20-01000,satlib_random_3sat_uf20,test,gate_shuffled_L,20,91,4.55,1,1,0,0,3,27,1,1,3,0.8029244566348831,0.0010259170085191727,2.008
uf20-91_uf20-0101,satlib_random_3sat_uf20,test,vsids,20,91,4.55,1,1,0,0,5,19,1,1,4,0.7770094875151541,0.0011490830220282078,2.576
uf20-91_uf20-0101,satlib_random_3sat_uf20,test,moms,20,91,4.55,1,1,0,0,4,30,1,1,3,0.7770094875151541,0.0010908750118687749,2.3200000000000003
uf20-91_uf20-0101,satlib_random_3sat_uf20,test,jeroslow_wang,20,91,4.55,1,1,0,0,6,12,0,0,6,0.7770094875151541,0.0012504999758675694,1.8479999999999999
uf20-91_uf20-0101,satlib_random_3sat_uf20,test,score_with_R,20,91,4.55,1,1,0,0,5,13,0,0,5,0.7770094875151541,0.001134041987825185,1.552
uf20-91_uf20-0101,satlib_random_3sat_uf20,test,frozen_gate_v17,20,91,4.55,1,1,0,0,4,14,0,0,4,0.7770094875151541,0.0009849999914877117,1.256
uf20-91_uf20-0101,satlib_random_3sat_uf20,test,gate_plus_L,20,91,4.55,1,1,0,0,4,14,0,0,4,0.7770094874944016,0.0009925829945132136,1.256
uf20-91_uf20-0101,satlib_random_3sat_uf20,test,gate_shuffled_L,20,91,4.55,1,1,0,0,9,49,3,3,6,0.7770094875278992,0.0021787919686175883,5.895999999999999
uf20-91_uf20-0102,satlib_random_3sat_uf20,calibration,vsids,20,91,4.55,1,1,0,0,10,92,8,8,2,0.731058578626883,0.002577332954388112,11.368
uf20-91_uf20-0102,satlib_random_3sat_uf20,calibration,moms,20,91,4.55,1,1,0,0,5,16,1,1,4,0.731058578626883,0.0010524590034037828,2.564
uf20-91_uf20-0102,satlib_random_3sat_uf20,calibration,jeroslow_wang,20,91,4.55,1,1,0,0,7,63,5,5,4,0.731058578626883,0.001785582979209721,7.351999999999999
uf20-91_uf20-0102,satlib_random_3sat_uf20,calibration,score_with_R,20,91,4.55,1,1,0,0,11,61,6,6,7,0.731058578626883,0.002624457993078977,9.544
uf20-91_uf20-0102,satlib_random_3sat_uf20,calibration,frozen_gate_v17,20,91,4.55,1,1,0,0,5,13,0,0,5,0.731058578626883,0.001118041982408613,1.552
uf20-91_uf20-0102,satlib_random_3sat_uf20,calibration,gate_plus_L,20,91,4.55,1,1,0,0,7,64,4,4,4,0.7310585786525629,0.001851708977483213,6.356
uf20-91_uf20-0102,satlib_random_3sat_uf20,calibration,gate_shuffled_L,20,91,4.55,1,1,0,0,11,90,7,7,4,0.7310585785439936,0.002837874984834343,10.66
uf20-91_uf20-0103,satlib_random_3sat_uf20,test,vsids,20,91,4.55,1,1,0,0,11,107,9,9,3,0.8102697419054397,0.0031823329627513885,12.728000000000002
uf20-91_uf20-0103,satlib_random_3sat_uf20,test,moms,20,91,4.55,1,1,0,0,4,16,0,0,4,0.8102697419054397,0.0010215829825028777,1.264
uf20-91_uf20-0103,satlib_random_3sat_uf20,test,jeroslow_wang,20,91,4.55,1,1,0,0,4,16,0,0,4,0.8102697419054397,0.001029791950713843,1.264
uf20-91_uf20-0103,satlib_random_3sat_uf20,test,score_with_R,20,91,4.55,1,1,0,0,8,74,6,6,7,0.8102697419054397,0.00216749997343868,8.696
uf20-91_uf20-0103,satlib_random_3sat_uf20,test,frozen_gate_v17,20,91,4.55,1,1,0,0,8,70,6,6,3,0.8102697419054397,0.002494917018339038,8.68
uf20-91_uf20-0103,satlib_random_3sat_uf20,test,gate_plus_L,20,91,4.55,1,1,0,0,6,14,0,0,6,0.8102697418406276,0.0013897909666411579,1.8559999999999999
uf20-91_uf20-0103,satlib_random_3sat_uf20,test,gate_shuffled_L,20,91,4.55,1,1,0,0,8,61,4,4,4,0.8102697418783366,0.002267542004119605,6.644
uf20-91_uf20-0104,satlib_random_3sat_uf20,test,vsids,20,91,4.55,1,1,0,0,4,14,0,0,4,0.7836131579901285,0.001067041011992842,1.256
uf20-91_uf20-0104,satlib_random_3sat_uf20,test,moms,20,91,4.55,1,1,0,0,7,11,0,0,7,0.7836131579901285,0.001183000043965876,2.144
uf20-91_uf20-0104,satlib_random_3sat_uf20,test,jeroslow_wang,20,91,4.55,1,1,0,0,8,9,0,0,8,0.7836131579901285,0.0014936670195311308,2.436
uf20-91_uf20-0104,satlib_random_3sat_uf20,test,score_with_R,20,91,4.55,1,1,0,0,9,10,0,0,9,0.7836131579901285,0.001609250030014664,2.7399999999999998
uf20-91_uf20-0104,satlib_random_3sat_uf20,test,frozen_gate_v17,20,91,4.55,1,1,0,0,10,9,0,0,10,0.7836131579901285,0.0018625000375322998,3.036
uf20-91_uf20-0104,satlib_random_3sat_uf20,test,gate_plus_L,20,91,4.55,1,1,0,0,9,10,0,0,9,0.7836131579602345,0.0016477089957334101,2.7399999999999998
uf20-91_uf20-0104,satlib_random_3sat_uf20,test,gate_shuffled_L,20,91,4.55,1,1,0,0,10,10,0,0,10,0.7836131580122756,0.0017609999631531537,3.04
uf20-91_uf20-0105,satlib_random_3sat_uf20,calibration,vsids,20,91,4.55,1,1,0,0,8,24,2,2,6,0.7707173714161053,0.0018183750216849148,4.496
uf20-91_uf20-0105,satlib_random_3sat_uf20,calibration,moms,20,91,4.55,1,1,0,0,6,61,4,4,3,0.7707173714161053,0.0018685420509427786,6.044
uf20-91_uf20-0105,satlib_random_3sat_uf20,calibration,jeroslow_wang,20,91,4.55,1,1,0,0,4,21,1,1,4,0.7707173714161053,0.0011023329570889473,2.2840000000000003
uf20-91_uf20-0105,satlib_random_3sat_uf20,calibration,score_with_R,20,91,4.55,1,1,0,0,8,25,2,2,6,0.7707173714161053,0.0018597079906612635,4.5
uf20-91_uf20-0105,satlib_random_3sat_uf20,calibration,frozen_gate_v17,20,91,4.55,1,1,0,0,8,53,4,4,4,0.7707173714161053,0.0021501670125871897,6.612
uf20-91_uf20-0105,satlib_random_3sat_uf20,calibration,gate_plus_L,20,91,4.55,1,1,0,0,6,14,0,0,6,0.7707173714026697,0.0013225419679656625,1.8559999999999999
uf20-91_uf20-0105,satlib_random_3sat_uf20,calibration,gate_shuffled_L,20,91,4.55,1,1,0,0,8,60,5,5,5,0.7707173714026697,0.002076542004942894,7.640000000000001
uf20-91_uf20-0106,satlib_random_3sat_uf20,test,vsids,20,91,4.55,1,1,0,0,11,75,6,6,5,0.7847509274143097,0.002969083026982844,9.600000000000001
uf20-91_uf20-0106,satlib_random_3sat_uf20,test,moms,20,91,4.55,1,1,0,0,7,66,5,5,3,0.7847509274143097,0.0020553329959511757,7.364
uf20-91_uf20-0106,satlib_random_3sat_uf20,test,jeroslow_wang,20,91,4.55,1,1,0,0,9,97,8,8,5,0.7847509274143097,0.0026666250196285546,11.088
uf20-91_uf20-0106,satlib_random_3sat_uf20,test,score_with_R,20,91,4.55,1,1,0,0,11,110,10,10,6,0.7847509274143097,0.003170666052028537,13.74
uf20-91_uf20-0106,satlib_random_3sat_uf20,test,frozen_gate_v17,20,91,4.55,1,1,0,0,10,68,5,5,5,0.7847509274143097,0.0028898330056108534,8.272
uf20-91_uf20-0106,satlib_random_3sat_uf20,test,gate_plus_L,20,91,4.55,1,1,0,0,12,131,11,11,4,0.7847509273822055,0.0037404579925350845,15.123999999999999
uf20-91_uf20-0106,satlib_random_3sat_uf20,test,gate_shuffled_L,20,91,4.55,1,1,0,0,7,66,5,5,4,0.7847509273351728,0.0022614579647779465,7.364
uuf50-218_uuf50-01,satlib_random_3sat_uuf50,test,vsids,50,218,4.36,1,0,0,0,55,876,48,47,7,0.6868844770478482,0.042907292023301125,68.004
uuf50-218_uuf50-01,satlib_random_3sat_uuf50,test,moms,50,218,4.36,1,0,0,0,28,530,28,27,8,0.6868844770478482,0.02321637497516349,38.519999999999996
uuf50-218_uuf50-01,satlib_random_3sat_uuf50,test,jeroslow_wang,50,218,4.36,1,0,0,0,41,722,36,35,6,0.6868844770478482,0.032066999992821366,51.187999999999995
uuf50-218_uuf50-01,satlib_random_3sat_uuf50,test,score_with_R,50,218,4.36,1,0,0,0,63,970,54,53,9,0.6868844770478482,0.04858304199296981,76.78
uuf50-218_uuf50-01,satlib_random_3sat_uuf50,test,frozen_gate_v17,50,218,4.36,1,0,0,0,49,779,43,42,7,0.6868844770478482,0.038260457979049534,60.816
uuf50-218_uuf50-01,satlib_random_3sat_uuf50,test,gate_plus_L,50,218,4.36,1,0,0,0,47,746,38,37,7,0.6868844770229255,0.03565525001613423,55.084
uuf50-218_uuf50-01,satlib_random_3sat_uuf50,test,gate_shuffled_L,50,218,4.36,1,0,0,0,40,746,36,35,7,0.6868844770533915,0.033420124964322895,50.984
uuf50-218_uuf50-010,satlib_random_3sat_uuf50,test,vsids,50,218,4.36,1,0,0,0,24,514,23,22,5,0.6385619002115198,0.021084250009153038,32.256
uuf50-218_uuf50-010,satlib_random_3sat_uuf50,test,moms,50,218,4.36,1,0,0,0,32,557,30,29,8,0.6385619002115198,0.024510332965292037,41.828
uuf50-218_uuf50-010,satlib_random_3sat_uuf50,test,jeroslow_wang,50,218,4.36,1,0,0,0,24,506,25,24,5,0.6385619002115198,0.02078924997476861,34.224000000000004
uuf50-218_uuf50-010,satlib_random_3sat_uuf50,test,score_with_R,50,218,4.36,1,0,0,0,50,744,37,36,7,0.6385619002115198,0.03792200004681945,54.976
uuf50-218_uuf50-010,satlib_random_3sat_uuf50,test,frozen_gate_v17,50,218,4.36,1,0,0,0,49,734,42,41,9,0.6385619002115198,0.037592708016745746,59.636
uuf50-218_uuf50-010,satlib_random_3sat_uuf50,test,gate_plus_L,50,218,4.36,1,0,0,0,41,633,35,34,9,0.6385619002127221,0.030617750016972423,49.831999999999994
uuf50-218_uuf50-010,satlib_random_3sat_uuf50,test,gate_shuffled_L,50,218,4.36,1,0,0,0,64,962,51,50,10,0.6385619001814751,0.048829791019670665,74.048
uuf50-218_uuf50-0100,satlib_random_3sat_uuf50,test,vsids,50,218,4.36,1,0,0,0,21,348,21,20,5,0.6577547203511188,0.017068624962121248,28.692
uuf50-218_uuf50-0100,satlib_random_3sat_uuf50,test,moms,50,218,4.36,1,0,0,0,22,310,21,20,5,0.6577547203511188,0.016612042032647878,28.84
uuf50-218_uuf50-0100,satlib_random_3sat_uuf50,test,jeroslow_wang,50,218,4.36,1,0,0,0,26,451,24,23,7,0.6577547203511188,0.02136750001227483,33.604
uuf50-218_uuf50-0100,satlib_random_3sat_uuf50,test,score_with_R,50,218,4.36,1,0,0,0,29,481,29,28,7,0.6577547203511188,0.022567707987036556,39.624
uuf50-218_uuf50-0100,satlib_random_3sat_uuf50,test,frozen_gate_v17,50,218,4.36,1,0,0,0,39,621,32,31,6,0.6577547203511188,0.02975283400155604,46.184000000000005
uuf50-218_uuf50-0100,satlib_random_3sat_uuf50,test,gate_plus_L,50,218,4.36,1,0,0,0,34,558,31,30,5,0.6577547203424177,0.026442708040121943,43.432
uuf50-218_uuf50-0100,satlib_random_3sat_uuf50,test,gate_shuffled_L,50,218,4.36,1,0,0,0,46,925,46,45,7,0.6577547203522914,0.03931316698435694,63.5
uuf50-218_uuf50-01000,satlib_random_3sat_uuf50,test,vsids,50,218,4.36,1,0,0,0,47,762,42,41,7,0.6844083054831844,0.03571849997388199,59.148
uuf50-218_uuf50-01000,satlib_random_3sat_uuf50,test,moms,50,218,4.36,1,0,0,0,40,726,40,39,7,0.6844083054831844,0.03335516602965072,54.903999999999996
uuf50-218_uuf50-01000,satlib_random_3sat_uuf50,test,jeroslow_wang,50,218,4.36,1,0,0,0,34,652,31,30,7,0.6844083054831844,0.027694292017258704,43.808
uuf50-218_uuf50-01000,satlib_random_3sat_uuf50,test,score_with_R,50,218,4.36,1,0,0,0,61,912,45,44,10,0.6844083054831844,0.04446058301255107,66.948
uuf50-218_uuf50-01000,satlib_random_3sat_uuf50,test,frozen_gate_v17,50,218,4.36,1,0,0,0,67,934,52,51,10,0.6844083054831844,0.05054566700709984,75.836
uuf50-218_uuf50-01000,satlib_random_3sat_uuf50,test,gate_plus_L,50,218,4.36,1,0,0,0,85,1317,70,69,12,0.6844083054684339,0.0638309579808265,100.768
uuf50-218_uuf50-01000,satlib_random_3sat_uuf50,test,gate_shuffled_L,50,218,4.36,1,0,0,0,55,744,45,44,9,0.6844083054702023,0.04296354204416275,64.476
uuf50-218_uuf50-0101,satlib_random_3sat_uuf50,calibration,vsids,50,218,4.36,1,0,0,0,50,1030,45,44,5,0.6286929561506477,0.039997458981815726,64.12
uuf50-218_uuf50-0101,satlib_random_3sat_uuf50,calibration,moms,50,218,4.36,1,0,0,0,29,609,28,27,6,0.6286929561506477,0.024286124971695244,39.136
uuf50-218_uuf50-0101,satlib_random_3sat_uuf50,calibration,jeroslow_wang,50,218,4.36,1,0,0,0,29,649,30,29,7,0.6286929561506477,0.02463420800631866,41.29600000000001
uuf50-218_uuf50-0101,satlib_random_3sat_uuf50,calibration,score_with_R,50,218,4.36,1,0,0,0,50,936,45,44,8,0.6286929561506477,0.039903583005070686,63.744
uuf50-218_uuf50-0101,satlib_random_3sat_uuf50,calibration,frozen_gate_v17,50,218,4.36,1,0,0,0,48,745,37,36,8,0.6286929561506477,0.03665316599654034,54.379999999999995
uuf50-218_uuf50-0101,satlib_random_3sat_uuf50,calibration,gate_plus_L,50,218,4.36,1,0,0,0,56,998,51,50,8,0.6286929561566644,0.044044666981790215,71.792
uuf50-218_uuf50-0101,satlib_random_3sat_uuf50,calibration,gate_shuffled_L,50,218,4.36,1,0,0,0,88,1633,76,75,10,0.6286929561416248,0.0724026249954477,108.932
uuf50-218_uuf50-0102,satlib_random_3sat_uuf50,test,vsids,50,218,4.36,1,0,0,0,43,584,34,33,5,0.6304496939960432,0.032952082983683795,49.236
uuf50-218_uuf50-0102,satlib_random_3sat_uuf50,test,moms,50,218,4.36,1,0,0,0,24,450,24,23,5,0.6304496939960432,0.020729915995616466,33.0
uuf50-218_uuf50-0102,satlib_random_3sat_uuf50,test,jeroslow_wang,50,218,4.36,1,0,0,0,31,552,30,29,6,0.6304496939960432,0.025489000021480024,41.507999999999996
uuf50-218_uuf50-0102,satlib_random_3sat_uuf50,test,score_with_R,50,218,4.36,1,0,0,0,51,676,41,40,7,0.6304496939960432,0.03826050000498071,59.004
uuf50-218_uuf50-0102,satlib_random_3sat_uuf50,test,frozen_gate_v17,50,218,4.36,1,0,0,0,56,948,50,49,8,0.6304496939960432,0.04442941700108349,70.592
uuf50-218_uuf50-0102,satlib_random_3sat_uuf50,test,gate_plus_L,50,218,4.36,1,0,0,0,66,932,55,54,8,0.6304496940104275,0.04918487498071045,78.52799999999999
uuf50-218_uuf50-0102,satlib_random_3sat_uuf50,test,gate_shuffled_L,50,218,4.36,1,0,0,0,38,735,36,35,7,0.6304496939801325,0.03231275000143796,50.339999999999996
uuf50-218_uuf50-0103,satlib_random_3sat_uuf50,test,vsids,50,218,4.36,1,0,0,0,42,699,36,35,5,0.6735364036120304,0.03243045799899846,51.396
uuf50-218_uuf50-0103,satlib_random_3sat_uuf50,test,moms,50,218,4.36,1,0,0,0,28,558,27,26,6,0.6735364036120304,0.023717916978057474,37.632
uuf50-218_uuf50-0103,satlib_random_3sat_uuf50,test,jeroslow_wang,50,218,4.36,1,0,0,0,36,653,34,33,8,0.6735364036120304,0.02782916702562943,47.412
uuf50-218_uuf50-0103,satlib_random_3sat_uuf50,test,score_with_R,50,218,4.36,1,0,0,0,74,1251,65,64,9,0.6735364036120304,0.05910637503257021,92.20400000000001
uuf50-218_uuf50-0103,satlib_random_3sat_uuf50,test,frozen_gate_v17,50,218,4.36,1,0,0,0,57,849,43,42,11,0.6735364036120304,0.04234312498010695,63.495999999999995
uuf50-218_uuf50-0103,satlib_random_3sat_uuf50,test,gate_plus_L,50,218,4.36,1,0,0,0,76,1152,61,60,12,0.6735364035999883,0.058256874966900796,88.408
uuf50-218_uuf50-0103,satlib_random_3sat_uuf50,test,gate_shuffled_L,50,218,4.36,1,0,0,0,59,995,51,50,9,0.6735364035865503,0.04608475003624335,72.68
uuf50-218_uuf50-0104,satlib_random_3sat_uuf50,test,vsids,50,218,4.36,1,0,0,0,51,938,45,44,6,0.6480387381198558,0.03965275001246482,64.05199999999999
uuf50-218_uuf50-0104,satlib_random_3sat_uuf50,test,moms,50,218,4.36,1,0,0,0,26,603,27,26,5,0.6480387381198558,0.022918500006198883,37.211999999999996
uuf50-218_uuf50-0104,satlib_random_3sat_uuf50,test,jeroslow_wang,50,218,4.36,1,0,0,0,34,704,33,32,6,0.6480387381198558,0.027386542002204806,46.016000000000005
uuf50-218_uuf50-0104,satlib_random_3sat_uuf50,test,score_with_R,50,218,4.36,1,0,0,0,64,1106,56,55,8,0.6480387381198558,0.05131716700270772,79.62400000000001
uuf50-218_uuf50-0104,satlib_random_3sat_uuf50,test,frozen_gate_v17,50,218,4.36,1,0,0,0,92,1523,80,79,9,0.6480387381198558,0.07309729099506512,113.692
uuf50-218_uuf50-0104,satlib_random_3sat_uuf50,test,gate_plus_L,50,218,4.36,1,0,0,0,45,927,42,41,7,0.6480387381101332,0.038362541992682964,59.208
uuf50-218_uuf50-0104,satlib_random_3sat_uuf50,test,gate_shuffled_L,50,218,4.36,1,0,0,0,65,1308,61,60,8,0.6480387381339376,0.053370249981526285,85.732
uuf50-218_uuf50-0105,satlib_random_3sat_uuf50,calibration,vsids,50,218,4.36,1,0,0,0,36,721,32,31,7,0.6664451832214863,0.028281041013542563,45.684
uuf50-218_uuf50-0105,satlib_random_3sat_uuf50,calibration,moms,50,218,4.36,1,0,0,0,19,407,20,19,4,0.6664451832214863,0.016591249965131283,27.328
uuf50-218_uuf50-0105,satlib_random_3sat_uuf50,calibration,jeroslow_wang,50,218,4.36,1,0,0,0,27,528,25,24,5,0.6664451832214863,0.022306290979031473,35.212
uuf50-218_uuf50-0105,satlib_random_3sat_uuf50,calibration,score_with_R,50,218,4.36,1,0,0,0,50,1025,47,46,8,0.6664451832214863,0.040787583973724395,66.1
uuf50-218_uuf50-0105,satlib_random_3sat_uuf50,calibration,frozen_gate_v17,50,218,4.36,1,0,0,0,55,902,44,43,8,0.6664451832214863,0.04266300000017509,64.108
uuf50-218_uuf50-0105,satlib_random_3sat_uuf50,calibration,gate_plus_L,50,218,4.36,1,0,0,0,63,1031,50,49,10,0.6664451832081253,0.04750016704201698,73.024
uuf50-218_uuf50-0105,satlib_random_3sat_uuf50,calibration,gate_shuffled_L,50,218,4.36,1,0,0,0,41,861,37,36,9,0.6664451832120105,0.03383774997200817,52.744
uuf50-218_uuf50-0106,satlib_random_3sat_uuf50,test,vsids,50,218,4.36,1,0,0,0,43,614,35,34,6,0.6904217319251439,0.032231457997113466,50.356
uuf50-218_uuf50-0106,satlib_random_3sat_uuf50,test,moms,50,218,4.36,1,0,0,0,25,533,26,25,5,0.6904217319251439,0.021816790977027267,35.632
uuf50-218_uuf50-0106,satlib_random_3sat_uuf50,test,jeroslow_wang,50,218,4.36,1,0,0,0,32,523,30,29,7,0.6904217319251439,0.025134791969321668,41.692
uuf50-218_uuf50-0106,satlib_random_3sat_uuf50,test,score_with_R,50,218,4.36,1,0,0,0,58,852,45,44,9,0.6904217319251439,0.04412125004455447,65.80799999999999
uuf50-218_uuf50-0106,satlib_random_3sat_uuf50,test,frozen_gate_v17,50,218,4.36,1,0,0,0,44,720,39,38,10,0.6904217319251439,0.03513170802034438,55.080000000000005
uuf50-218_uuf50-0106,satlib_random_3sat_uuf50,test,gate_plus_L,50,218,4.36,1,0,0,0,75,1078,58,57,12,0.6904217318973201,0.05687666701851413,84.812
uuf50-218_uuf50-0106,satlib_random_3sat_uuf50,test,gate_shuffled_L,50,218,4.36,1,0,0,0,56,1080,52,51,7,0.6904217319134385,0.047174250008538365,73.12
