family,instance_id,n_vars,n_clauses,alpha,structure_gate,clustering_mean,degree_cv,v_std,tail_degree_pressure,symmetry_penalty
random_3sat,0,18,70,3.888888888888889,0.580322125399714,0.7406633489853811,0.2813959371700548,0.1241707749120198,0.22510822503698205,0.08700965900445529
planted_3sat,1,18,70,3.888888888888889,0.6014927534462027,0.7858331483216117,0.28428212486323867,0.13157843972439034,0.24069264062006193,0.08062894119522024
random_3sat,2,18,70,3.888888888888889,0.5800201031316141,0.7538646538531324,0.2634155559000754,0.12570787220256127,0.22510822503698205,0.09398281043113264
planted_3sat,3,18,70,3.888888888888889,0.5196303719252477,0.7470794637352949,0.22857142855183674,0.10657403384428885,0.1523809523159432,0.13120765062764092
random_3sat,4,18,70,3.888888888888889,0.5279419627103054,0.7914124455689032,0.23035022136021424,0.10622957319321032,0.17316017309338289,0.1304197022435578
planted_3sat,5,18,70,3.888888888888889,0.5055051256915299,0.7865395406963355,0.21946130706314926,0.09597413166820475,0.18874458867646263,0.15000435291342262
random_3sat,6,18,76,4.222222222222222,0.5864586407223658,0.8456413956302345,0.23829960887953994,0.13643668543861504,0.14035087713405536,0.097444682296231
planted_3sat,7,18,76,4.222222222222222,0.5072726392775132,0.8055836320442027,0.20384122873166605,0.10040713395316049,0.17384370009791836,0.15630715583101357
random_3sat,8,18,76,4.222222222222222,0.5156285261549945,0.7829542371104826,0.21700555922590278,0.10292820749736778,0.17384370009791836,0.14330746405232686
planted_3sat,9,18,76,4.222222222222222,0.5629946034928711,0.839914597012158,0.23829960887953994,0.12069402164400748,0.17384370009791836,0.1111047800957589
random_3sat,10,18,76,4.222222222222222,0.5928642995497128,0.8325376058115632,0.279740679260406,0.12175121574576078,0.2695374799946697,0.08951967362217207
planted_3sat,11,18,76,4.222222222222222,0.5532189974851758,0.831610519100284,0.2279014220305443,0.11947673981256918,0.15470494411856803,0.11822725597458801
random_3sat,12,18,83,4.611111111111111,0.5572780025510228,0.821181877299069,0.24365961945415332,0.11433239008828049,0.20883534130655368,0.11405573863611365
planted_3sat,13,18,83,4.611111111111111,0.5418700022684934,0.8580989272072643,0.2812678922671072,0.0965021114991169,0.22635998533595494,0.10964321071400292
random_3sat,14,18,83,4.611111111111111,0.5378969181232138,0.8181906056810792,0.2933926665302588,0.09054447784437773,0.265790434402108,0.1084462470104183
planted_3sat,15,18,83,4.611111111111111,0.5313144706451337,0.841432124510794,0.2620308815585465,0.09782110814519855,0.1956918582845028,0.11939352499667173
random_3sat,16,18,83,4.611111111111111,0.5900103423050901,0.8322347133513711,0.284347559526576,0.12707334702013023,0.1956918582845028,0.08368610237993868
planted_3sat,17,18,83,4.611111111111111,0.5834836176213465,0.835886644209355,0.23884611566464978,0.1310275157148192,0.1825483752624518,0.10165947384477973
random_3sat,18,22,86,3.909090909090909,0.6086329277301539,0.7179437474590066,0.27472938209547815,0.13892087215496568,0.2621564481289261,0.07955387251636015
planted_3sat,19,22,86,3.909090909090909,0.6053065219826991,0.6861679123544921,0.2978197319482254,0.1352988733217552,0.272492365440706,0.07305159762313772
random_3sat,20,22,86,3.909090909090909,0.6183047919184846,0.6879780350276307,0.2944716265364804,0.14879717032159445,0.22081277888180526,0.06638165425410862
planted_3sat,21,22,86,3.909090909090909,0.5841281071225656,0.6637440545103231,0.2783150863486125,0.1378519602343232,0.16913319232290464,0.07883945046098202
random_3sat,22,22,86,3.909090909090909,0.5894408783730343,0.7030918990226901,0.25861747777038574,0.14061552997713303,0.16913319232290464,0.08501874885971407
planted_3sat,23,22,86,3.909090909090909,0.5639413563118281,0.6989791437954079,0.2818551776922115,0.12856486929987845,0.1174536057640039,0.08368882697938514
random_3sat,24,22,94,4.2727272727272725,0.5246822782176312,0.7103326783069125,0.2406127014519717,0.10581983251814618,0.1882656350121772,0.12432011778725402
planted_3sat,25,22,94,4.2727272727272725,0.5603815716205902,0.6908864605307018,0.24853071583784841,0.12381465324697252,0.19772189978685298,0.10285424847523907
random_3sat,26,22,94,4.2727272727272725,0.6065555412506787,0.7277026437684374,0.29439032026805834,0.1379453718612256,0.23081882649821922,0.07269400450318485
planted_3sat,27,22,94,4.2727272727272725,0.5629397121333505,0.697368770555789,0.2583546893427806,0.11908915274643037,0.240275091272895,0.10185724009908297
random_3sat,28,22,94,4.2727272727272725,0.6253008253214554,0.7565537403683954,0.2799397780773175,0.15236060600241794,0.19772189978685298,0.06929582588961584
planted_3sat,29,22,94,4.2727272727272725,0.5415653941135905,0.7190632560590506,0.22020105950423993,0.12161019164086105,0.14571244352613516,0.1207028473083951
random_3sat,30,22,101,4.590909090909091,0.48105718771270223,0.7561051177857333,0.16805778291154716,0.10102777622627984,0.14201420136582632,0.18596681228272047
planted_3sat,31,22,101,4.590909090909091,0.5478778813877961,0.729417042514629,0.2589655227014237,0.1110831269438559,0.2168216821084699,0.10855261007472643
random_3sat,32,22,101,4.590909090909091,0.7028308181682735,0.7638097344793665,0.34051026162415143,0.18209854925574145,0.3092309230258526,0.039953491310521554
planted_3sat,33,22,101,4.590909090909091,0.45835793732659547,0.7421891603185317,0.15776129903431596,0.09412591182713212,0.14201420136582632,0.207382763589385
random_3sat,34,22,101,4.590909090909091,0.4998460969066812,0.7404598091273212,0.22848678454672341,0.09833321659864669,0.13761376132214156,0.1405942221921689
planted_3sat,35,22,101,4.590909090909091,0.6330264909847864,0.7407763496230125,0.3209475508880784,0.1502422819835526,0.23002300223952427,0.057454797488864506
random_3sat,36,26,101,3.8846153846153846,0.6343396089847868,0.6587574243290963,0.2518002581990201,0.1676134938973726,0.2000200019310314,0.07024399837469365
planted_3sat,37,26,101,3.8846153846153846,0.6007484002338713,0.6448030486148215,0.2617267840423184,0.1532782121019148,0.148014801415442,0.07532430999388788
random_3sat,38,26,101,3.8846153846153846,0.556047499732837,0.6141517220907491,0.2904477941492262,0.12359787466939565,0.17401740167323662,0.08355741658500146
planted_3sat,39,26,101,3.8846153846153846,0.5846394362307671,0.6476008366152617,0.2426359904176326,0.14360119001277738,0.17401740167323662,0.08982818080039912
random_3sat,40,26,101,3.8846153846153846,0.6393076362732323,0.6568581771409173,0.30749796753512637,0.16212671044158908,0.22602260218882617,0.05565709266816231
planted_3sat,41,26,101,3.8846153846153846,0.6571587194436614,0.6431687210069069,0.3322860389472459,0.16345022584471808,0.30403040296221046,0.04862996325798516
random_3sat,42,26,110,4.230769230769231,0.580968044126805,0.6697340614786511,0.22789812939977974,0.14601561485015127,0.13406795219145734,0.09477141569271942
planted_3sat,43,26,110,4.230769230769231,0.4935570545422908,0.6695468456096145,0.17721444261892794,0.11012598424690771,0.13406795219145734,0.16467379721322653
random_3sat,44,26,110,4.230769230769231,0.5797061873489914,0.724433885678762,0.2508388131508415,0.13590650670660767,0.15794306697378194,0.09192812214642654
planted_3sat,45,26,110,4.230769230769231,0.6209794306060158,0.6522168101989537,0.3033937214496436,0.14870170790635812,0.25344352610308046,0.0635359426985195
random_3sat,46,26,110,4.230769230769231,0.5723660234619553,0.6379151507182145,0.22894335473983,0.13872837535361307,0.18181818175610653,0.10018001429970164
planted_3sat,47,26,110,4.230769230769231,0.5464028565593501,0.6531388911670395,0.2978342393778825,0.11561462218523151,0.15794306697378194,0.08606724395830471
random_3sat,48,26,120,4.615384615384615,0.5377545126330786,0.7163602830748184,0.21822799266648749,0.11881150279303904,0.1599326598773381,0.12477591631170634
planted_3sat,49,26,120,4.615384615384615,0.5599099657263253,0.6588277993018395,0.277332977187719,0.11877823601881798,0.225589225529162,0.09287660271270277
random_3sat,50,26,120,4.615384615384615,0.6329024531800596,0.699311866053404,0.30092450139939636,0.15079621434872484,0.26936026929704454,0.06321222098104201
planted_3sat,51,26,120,4.615384615384615,0.5863423359920594,0.703942658708631,0.275882422600856,0.13747974301009708,0.1599326598773381,0.08005217750576736
random_3sat,52,26,120,4.615384615384615,0.5921875181772637,0.6620200560267058,0.29891780114095823,0.1319269760699565,0.24747474741310327,0.07472201837190423
planted_3sat,53,26,120,4.615384615384615,0.57996991808693,0.7076981319542676,0.27660865074679164,0.13120044082825816,0.1818181817612795,0.08404690352824212
modular_3sat,54,18,72,4.0,0.5845306965983257,0.6086860669859819,0.2003084041757515,0.15355861066336918,0.16666666660227275,0.10216183455647881
modular_3sat,55,18,72,4.0,0.6243298978662774,0.5962241462025557,0.2763853991732512,0.16407449208511737,0.2020202019528619,0.0639781007532184
modular_3sat,56,18,72,4.0,0.5933885133970384,0.5871653038116716,0.2846375212529357,0.13857990320230135,0.2676767676039563,0.07592417508693376
modular_3sat,57,18,78,4.333333333333333,0.5838252520602109,0.6589506172476132,0.16813944932814312,0.15713484025058266,0.1398601398027613,0.11646619162588623
modular_3sat,58,18,78,4.333333333333333,0.5748638923005186,0.5949294532372389,0.2220577958250824,0.1474055462232772,0.15384615378769945,0.0964559809191794
modular_3sat,59,18,78,4.333333333333333,0.6515005314601572,0.67194965524654,0.20189763777964403,0.18897259527443389,0.1398601398027613,0.07545190721775047
modular_3sat,60,18,85,4.722222222222222,0.5586242851443325,0.5739738656190255,0.2931749598470021,0.1249425947043283,0.2067736184809479,0.08150726770327911
modular_3sat,61,18,85,4.722222222222222,0.5596752427222393,0.5860149109942145,0.20137932667547545,0.14213381089081908,0.16399286982086614,0.1117663153522321
modular_3sat,62,18,85,4.722222222222222,0.5908118542807661,0.6471500721250572,0.2547812685432827,0.14213381089081906,0.2067736184809479,0.08557562707530095
modular_3sat,63,24,96,4.0,0.615697567081257,0.5849176286372404,0.22566773344330435,0.1659765325622343,0.2020202019528619,0.08114834021164036
modular_3sat,64,24,96,4.0,0.6372868844990965,0.566134791113179,0.3023825146564298,0.16850834318991167,0.2373737373034512,0.054141799008132575
modular_3sat,65,24,96,4.0,0.5972321731909004,0.5980850168032575,0.22566773344330435,0.1558103318131319,0.18686868680260937,0.08832270240907499
modular_3sat,66,24,104,4.333333333333333,0.6014010927658554,0.5758958633684531,0.24325212768654825,0.15261986787503104,0.23776223769732818,0.0830682374732055
modular_3sat,67,24,104,4.333333333333333,0.6312951827466884,0.6388805638417155,0.23183514511069378,0.17613630337150343,0.1398601398027613,0.07229659447316
modular_3sat,68,24,104,4.333333333333333,0.5469858698751187,0.5160189347531098,0.23183514511069378,0.13628392066560188,0.17249417243428364,0.10077398273647437
modular_3sat,69,24,113,4.708333333333333,0.5898504241221963,0.5940201206464808,0.2651423528362963,0.14892605421637017,0.1662644139973468,0.07678375259326559
modular_3sat,70,24,113,4.708333333333333,0.5348531472991693,0.5315392940235596,0.17617807339919814,0.14218636545584998,0.12335746843857161,0.126719823241092
modular_3sat,71,24,113,4.708333333333333,0.5105015870567394,0.5109332796681286,0.1785331061982633,0.13137116365604323,0.12335746843857161,0.1370478384792926
xor3_cnf,72,15,52,3.466666666666667,0.7487641349815097,0.6044444441835133,0.3922322702386534,0.23790468561928593,0.32634032625067233,0.01937638159762255
xor3_cnf,73,15,52,3.466666666666667,0.7665170518046838,0.5246560844452784,0.5756395979098716,0.22951012419419764,0.466200466097364,0.008305956609064639
xor3_cnf,74,15,60,4.0,0.7049996073292357,0.5995238092819852,0.38490017942767546,0.20749832660720824,0.2020202019528619,0.02589634036613363
xor3_cnf,75,15,60,4.0,0.7585742676867528,0.5338528137372432,0.6206328907824558,0.2516429029107803,0.40404040395622903,0.005515523847525851
xor3_cnf,76,15,68,4.533333333333333,0.6507116142664694,0.48846560842058157,0.2999423243069328,0.18083786095373958,0.28520499102180985,0.04945491679901417
xor3_cnf,77,15,68,4.533333333333333,0.8024441238045684,0.6175613274347158,0.6056253023664687,0.2672170628247815,0.5704099820881828,0.005221683765253997
xor3_cnf,78,18,60,3.3333333333333335,0.721298368323766,0.4260582009572169,0.4268749491195024,0.22821773226529202,0.363636363539394,0.017664661136074858
xor3_cnf,79,18,60,3.3333333333333335,0.7411248477268074,0.48359788338878307,0.5696002496308753,0.2728733708601756,0.363636363539394,0.005964404830718718
xor3_cnf,80,18,72,4.0,0.7722962133081016,0.5761544009460111,0.5555555555092593,0.21851825909916436,0.4646464645572392,0.010064274841375023
xor3_cnf,81,18,72,4.0,0.7474011730054989,0.4763668428437322,0.5879447357431359,0.2842188748627742,0.40404040395622903,0.004950759387399025
xor3_cnf,82,18,84,4.666666666666667,0.7280344567186341,0.47477954129865574,0.5150787536009214,0.2521512381505675,0.31168831162275834,0.009310112668133991
xor3_cnf,83,18,84,4.666666666666667,0.7610727701500638,0.5410052908532079,0.44923719673251183,0.25361582687493456,0.43290043282622137,0.012782845431147109
xor3_cnf,84,21,72,3.4285714285714284,0.7445242826475672,0.552154194766969,0.4421235698204721,0.2388381267289414,0.33670033660867926,0.014981553941754945
xor3_cnf,85,21,72,3.4285714285714284,0.7917896450565735,0.5412698409884187,0.6953697538404905,0.29377517740275927,0.5723905722760007,0.0026718738197806227
xor3_cnf,86,21,84,4.0,0.7488848799740426,0.49198790608832854,0.5143444998307777,0.2666582680836867,0.40404040395622903,0.008280311146720967
xor3_cnf,87,21,84,4.0,0.6849131716858154,0.506606884995656,0.48249790959695577,0.201007563033569,0.2020202019528619,0.016780251780395113
xor3_cnf,88,21,96,4.571428571428571,0.7803652358338767,0.6179545320348758,0.600925212533514,0.2257745139332078,0.4545454544681187,0.007550961706835741
xor3_cnf,89,21,96,4.571428571428571,0.7725956568296353,0.574768088832995,0.5215273153930439,0.2461829819362852,0.4545454544681187,0.009474404056206824
graph_coloring,90,24,53,2.2083333333333335,0.5765412381135498,0.2958333331676389,0.20384122870484483,0.19364916727164103,0.1594896330126752,0.07186620129515457
graph_coloring,91,24,65,2.7083333333333335,0.6273572270346571,0.33333333318777775,0.22591967051317188,0.21650635091002526,0.1317523055370338,0.05319355995270252
graph_coloring,92,30,91,3.033333333333333,0.17632154398196584,0.15999999998600004,0.0765465544500139,0.0816496580791643,0.05681818171460703,0.3453673694250361
graph_coloring,93,30,115,3.8333333333333335,0.5386604612112644,0.3473809523601587,0.2015564436822692,0.16124515494984648,0.15909090899526532,0.0952269924729468
graph_coloring,94,36,120,3.3333333333333335,0.3600245144712873,0.14444444443309526,0.1428571428367347,0.14285714283673467,0.08658008648113795,0.14885808084383878
graph_coloring,95,36,135,3.75,0.5050424995258423,0.2638227513060724,0.18670136992067907,0.16249934048920603,0.16763378455629183,0.10150288874668878
pigeonhole,96,20,45,2.25,0.0,0.42857142855102043,0.0,1.1102230246251565e-16,0.0,0.9999999999999991
pigeonhole,97,30,81,2.7,0.0,0.44444444443209885,0.0,0.0,0.0,1.0
pigeonhole,98,42,133,3.1666666666666665,0.0,0.4545454545371901,0.0,2.220446049250313e-16,0.0,0.9999999999999981
