family,instance_id,policy,n_vars,n_clauses,alpha,solved,sat,timeout,decisions,propagations,conflicts,learned_clauses,max_level,structure_gate,runtime_s,compute_cost
random_3sat,0,vsids,18,70,3.888888888888889,1,1,0,5,19,1,1,5,0.580322125399714,0.0009115409338846803,2.576
random_3sat,0,progress_only,18,70,3.888888888888889,1,1,0,5,19,1,1,5,0.580322125399714,0.0008896250510588288,2.576
random_3sat,0,maat_only,18,70,3.888888888888889,1,1,0,9,37,3,3,6,0.580322125399714,0.0016779160359874368,5.847999999999999
random_3sat,0,mode_a,18,70,3.888888888888889,1,1,0,6,21,1,1,6,0.580322125399714,0.0009930420201271772,2.884
random_3sat,0,mode_a_gated,18,70,3.888888888888889,1,1,0,4,24,1,1,3,0.580322125399714,0.000724292011000216,2.2960000000000003
random_3sat,0,random,18,70,3.888888888888889,1,1,0,4,12,0,0,4,0.580322125399714,0.0006154590519145131,1.248
planted_3sat,1,vsids,18,70,3.888888888888889,1,1,0,4,14,0,0,4,0.6014927534462027,0.0006034169346094131,1.256
planted_3sat,1,progress_only,18,70,3.888888888888889,1,1,0,3,15,0,0,3,0.6014927534462027,0.0005250830436125398,0.96
planted_3sat,1,maat_only,18,70,3.888888888888889,1,1,0,5,13,0,0,5,0.6014927534462027,0.0007970830192789435,1.552
planted_3sat,1,mode_a,18,70,3.888888888888889,1,1,0,4,14,0,0,4,0.6014927534462027,0.0006488750223070383,1.256
planted_3sat,1,mode_a_gated,18,70,3.888888888888889,1,1,0,10,3,0,0,10,0.6014927534462027,0.0011695839930325747,3.012
planted_3sat,1,random,18,70,3.888888888888889,1,1,0,16,0,0,0,16,0.6014927534462027,0.0014301249757409096,4.8
random_3sat,2,vsids,18,70,3.888888888888889,1,0,0,8,58,6,5,4,0.5800201031316141,0.0016187920700758696,8.632
random_3sat,2,progress_only,18,70,3.888888888888889,1,0,0,11,71,8,7,4,0.5800201031316141,0.0017984169535338879,11.584000000000001
random_3sat,2,maat_only,18,70,3.888888888888889,1,0,0,10,81,11,10,4,0.5800201031316141,0.001987915951758623,14.324
random_3sat,2,mode_a,18,70,3.888888888888889,1,0,0,7,87,8,7,3,0.5800201031316141,0.0017199169378727674,10.448
random_3sat,2,mode_a_gated,18,70,3.888888888888889,1,0,0,8,67,9,8,4,0.5800201031316141,0.0017913749907165766,11.668000000000001
random_3sat,2,random,18,70,3.888888888888889,1,0,0,8,69,8,7,4,0.5800201031316141,0.0017358750337734818,10.676
planted_3sat,3,vsids,18,70,3.888888888888889,1,1,0,6,33,3,3,4,0.5196303719252477,0.0009419169509783387,4.9319999999999995
planted_3sat,3,progress_only,18,70,3.888888888888889,1,1,0,6,23,1,1,4,0.5196303719252477,0.0008516249945387244,2.892
planted_3sat,3,maat_only,18,70,3.888888888888889,1,1,0,7,9,0,0,7,0.5196303719252477,0.0009001659927889705,2.136
planted_3sat,3,mode_a,18,70,3.888888888888889,1,1,0,4,14,0,0,4,0.5196303719252477,0.0006238330388441682,1.256
planted_3sat,3,mode_a_gated,18,70,3.888888888888889,1,1,0,8,37,3,3,5,0.5196303719252477,0.0012467920314520597,5.548
planted_3sat,3,random,18,70,3.888888888888889,1,1,0,8,8,0,0,8,0.5196303719252477,0.0010195830836892128,2.432
random_3sat,4,vsids,18,70,3.888888888888889,1,1,0,7,8,0,0,7,0.5279419627103054,0.0007659159600734711,2.132
random_3sat,4,progress_only,18,70,3.888888888888889,1,1,0,7,6,0,0,7,0.5279419627103054,0.0009577920427545905,2.124
random_3sat,4,maat_only,18,70,3.888888888888889,1,1,0,12,4,0,0,12,0.5279419627103054,0.0012324999552220106,3.6159999999999997
random_3sat,4,mode_a,18,70,3.888888888888889,1,1,0,6,9,0,0,6,0.5279419627103054,0.0007652089698240161,1.8359999999999999
random_3sat,4,mode_a_gated,18,70,3.888888888888889,1,1,0,11,6,0,0,11,0.5279419627103054,0.0011936660157516599,3.324
random_3sat,4,random,18,70,3.888888888888889,1,1,0,10,5,0,0,10,0.5279419627103054,0.0010682089487090707,3.02
planted_3sat,5,vsids,18,70,3.888888888888889,1,1,0,7,10,0,0,7,0.5055051256915299,0.0008801250951364636,2.14
planted_3sat,5,progress_only,18,70,3.888888888888889,1,1,0,9,12,1,1,8,0.5055051256915299,0.00109570799395442,3.7479999999999998
planted_3sat,5,maat_only,18,70,3.888888888888889,1,1,0,8,8,0,0,8,0.5055051256915299,0.001016459078527987,2.432
planted_3sat,5,mode_a,18,70,3.888888888888889,1,1,0,7,10,0,0,7,0.5055051256915299,0.0009737079963088036,2.14
planted_3sat,5,mode_a_gated,18,70,3.888888888888889,1,1,0,8,9,0,0,8,0.5055051256915299,0.0009804590372368693,2.436
planted_3sat,5,random,18,70,3.888888888888889,1,1,0,12,5,0,0,12,0.5055051256915299,0.001228917040862143,3.6199999999999997
random_3sat,6,vsids,18,76,4.222222222222222,1,0,0,7,76,8,7,4,0.5864586407223658,0.0016194169875234365,10.404
random_3sat,6,progress_only,18,76,4.222222222222222,1,0,0,9,94,10,9,4,0.5864586407223658,0.00204920896794647,13.075999999999999
random_3sat,6,maat_only,18,76,4.222222222222222,1,0,0,14,115,13,12,4,0.5864586407223658,0.0029954169876873493,17.66
random_3sat,6,mode_a,18,76,4.222222222222222,1,0,0,14,122,14,13,4,0.5864586407223658,0.002824416966177523,18.688
random_3sat,6,mode_a_gated,18,76,4.222222222222222,1,0,0,13,114,12,11,4,0.5864586407223658,0.0027847089804708958,16.356
random_3sat,6,random,18,76,4.222222222222222,1,0,0,17,107,13,12,7,0.5864586407223658,0.00323600007686764,18.528000000000002
planted_3sat,7,vsids,18,76,4.222222222222222,1,1,0,11,5,0,0,11,0.5072726392775132,0.0012396250385791063,3.32
planted_3sat,7,progress_only,18,76,4.222222222222222,1,1,0,11,5,0,0,11,0.5072726392775132,0.001141584012657404,3.32
planted_3sat,7,maat_only,18,76,4.222222222222222,1,1,0,5,12,0,0,5,0.5072726392775132,0.0007391249528154731,1.548
planted_3sat,7,mode_a,18,76,4.222222222222222,1,1,0,3,14,0,0,3,0.5072726392775132,0.000579457962885499,0.956
planted_3sat,7,mode_a_gated,18,76,4.222222222222222,1,1,0,10,6,0,0,10,0.5072726392775132,0.0011396249756217003,3.024
planted_3sat,7,random,18,76,4.222222222222222,1,1,0,8,10,0,0,8,0.5072726392775132,0.0011040420504286885,2.44
random_3sat,8,vsids,18,76,4.222222222222222,1,0,0,7,68,8,7,3,0.5156285261549945,0.0016567501006647944,10.372
random_3sat,8,progress_only,18,76,4.222222222222222,1,0,0,7,68,8,7,3,0.5156285261549945,0.001638583024032414,10.372
random_3sat,8,maat_only,18,76,4.222222222222222,1,0,0,14,118,13,12,5,0.5156285261549945,0.003027374972589314,17.672
random_3sat,8,mode_a,18,76,4.222222222222222,1,0,0,8,80,9,8,5,0.5156285261549945,0.0018965830095112324,11.72
random_3sat,8,mode_a_gated,18,76,4.222222222222222,1,0,0,9,92,10,9,3,0.5156285261549945,0.002180499956011772,13.068
random_3sat,8,random,18,76,4.222222222222222,1,0,0,16,158,16,15,4,0.5156285261549945,0.0035808749962598085,21.432000000000002
planted_3sat,9,vsids,18,76,4.222222222222222,1,1,0,13,59,6,6,7,0.5629946034928711,0.0019300830317661166,10.136000000000001
planted_3sat,9,progress_only,18,76,4.222222222222222,1,1,0,9,60,5,5,5,0.5629946034928711,0.0017320000333711505,7.9399999999999995
planted_3sat,9,maat_only,18,76,4.222222222222222,1,1,0,6,24,2,2,4,0.5629946034928711,0.0010103750973939896,3.896
planted_3sat,9,mode_a,18,76,4.222222222222222,1,1,0,4,13,0,0,4,0.5629946034928711,0.0006836249958723783,1.252
planted_3sat,9,mode_a_gated,18,76,4.222222222222222,1,1,0,15,63,6,6,6,0.5629946034928711,0.002470166073180735,10.752
planted_3sat,9,random,18,76,4.222222222222222,1,1,0,8,37,3,3,6,0.5629946034928711,0.0013465419178828597,5.548
random_3sat,10,vsids,18,76,4.222222222222222,1,0,0,7,72,8,7,3,0.5928642995497128,0.0016626249998807907,10.388
random_3sat,10,progress_only,18,76,4.222222222222222,1,0,0,7,68,8,7,3,0.5928642995497128,0.0015094999689608812,10.372
random_3sat,10,maat_only,18,76,4.222222222222222,1,0,0,7,66,7,6,3,0.5928642995497128,0.0015352090122178197,9.363999999999999
random_3sat,10,mode_a,18,76,4.222222222222222,1,0,0,9,77,8,7,4,0.5928642995497128,0.001977665931917727,11.008
random_3sat,10,mode_a_gated,18,76,4.222222222222222,1,0,0,9,107,10,9,3,0.5928642995497128,0.001967750024050474,13.128
random_3sat,10,random,18,76,4.222222222222222,1,0,0,7,78,8,7,5,0.5928642995497128,0.001660417066887021,10.411999999999999
planted_3sat,11,vsids,18,76,4.222222222222222,1,1,0,7,21,2,2,5,0.5532189974851758,0.0011207909556105733,4.183999999999999
planted_3sat,11,progress_only,18,76,4.222222222222222,1,1,0,6,22,2,2,4,0.5532189974851758,0.0009937910363078117,3.888
planted_3sat,11,maat_only,18,76,4.222222222222222,1,1,0,5,12,0,0,5,0.5532189974851758,0.0008473750203847885,1.548
planted_3sat,11,mode_a,18,76,4.222222222222222,1,1,0,5,54,4,4,3,0.5532189974851758,0.0012215409660711884,5.716
planted_3sat,11,mode_a_gated,18,76,4.222222222222222,1,1,0,7,38,3,3,4,0.5532189974851758,0.0012870000209659338,5.252
planted_3sat,11,random,18,76,4.222222222222222,1,1,0,7,21,2,2,5,0.5532189974851758,0.0009758749511092901,4.183999999999999
random_3sat,12,vsids,18,83,4.611111111111111,1,0,0,7,89,8,7,4,0.5572780025510228,0.0018211249262094498,10.456
random_3sat,12,progress_only,18,83,4.611111111111111,1,0,0,7,89,8,7,4,0.5572780025510228,0.0017664999468252063,10.456
random_3sat,12,maat_only,18,83,4.611111111111111,1,0,0,10,97,11,10,4,0.5572780025510228,0.0024741250090301037,14.388
random_3sat,12,mode_a,18,83,4.611111111111111,1,0,0,8,87,8,7,3,0.5572780025510228,0.0018223329680040479,10.748000000000001
random_3sat,12,mode_a_gated,18,83,4.611111111111111,1,0,0,8,100,9,8,4,0.5572780025510228,0.002352416981011629,11.8
random_3sat,12,random,18,83,4.611111111111111,1,0,0,17,128,16,15,4,0.5572780025510228,0.0037360830465331674,21.612000000000002
planted_3sat,13,vsids,18,83,4.611111111111111,1,1,0,8,23,2,2,6,0.5418700022684934,0.0011570419883355498,4.492
planted_3sat,13,progress_only,18,83,4.611111111111111,1,1,0,7,10,0,0,7,0.5418700022684934,0.0009045000188052654,2.14
planted_3sat,13,maat_only,18,83,4.611111111111111,1,1,0,7,10,0,0,7,0.5418700022684934,0.0010277079418301582,2.14
planted_3sat,13,mode_a,18,83,4.611111111111111,1,1,0,7,10,0,0,7,0.5418700022684934,0.0013259169645607471,2.14
planted_3sat,13,mode_a_gated,18,83,4.611111111111111,1,1,0,11,96,8,8,4,0.5418700022684934,0.0022775420220568776,11.684000000000001
planted_3sat,13,random,18,83,4.611111111111111,1,1,0,7,18,1,1,5,0.5418700022684934,0.0010208749445155263,3.172
random_3sat,14,vsids,18,83,4.611111111111111,1,1,0,7,10,0,0,7,0.5378969181232138,0.000883250031620264,2.14
random_3sat,14,progress_only,18,83,4.611111111111111,1,1,0,7,10,0,0,7,0.5378969181232138,0.0009444160386919975,2.14
random_3sat,14,maat_only,18,83,4.611111111111111,1,1,0,5,30,3,3,3,0.5378969181232138,0.0012016660766676068,4.62
random_3sat,14,mode_a,18,83,4.611111111111111,1,1,0,6,23,1,1,4,0.5378969181232138,0.001289290958084166,2.892
random_3sat,14,mode_a_gated,18,83,4.611111111111111,1,1,0,7,10,0,0,7,0.5378969181232138,0.0008918329840525985,2.14
random_3sat,14,random,18,83,4.611111111111111,1,1,0,7,11,0,0,7,0.5378969181232138,0.0009726668940857053,2.144
planted_3sat,15,vsids,18,83,4.611111111111111,1,1,0,7,67,6,6,3,0.5313144706451337,0.0016404580092057586,8.368
planted_3sat,15,progress_only,18,83,4.611111111111111,1,1,0,6,49,4,4,3,0.5313144706451337,0.0013506670948117971,5.9959999999999996
planted_3sat,15,maat_only,18,83,4.611111111111111,1,1,0,9,84,7,7,4,0.5313144706451337,0.002103416947647929,10.036
planted_3sat,15,mode_a,18,83,4.611111111111111,1,1,0,4,36,2,2,3,0.5313144706451337,0.0010628749150782824,3.3440000000000003
planted_3sat,15,mode_a_gated,18,83,4.611111111111111,1,1,0,4,33,2,2,2,0.5313144706451337,0.0008027500007301569,3.3320000000000003
planted_3sat,15,random,18,83,4.611111111111111,1,1,0,9,49,4,4,5,0.5313144706451337,0.001522500067949295,6.895999999999999
random_3sat,16,vsids,18,83,4.611111111111111,1,0,0,8,86,9,8,4,0.5900103423050901,0.0020490000024437904,11.744
random_3sat,16,progress_only,18,83,4.611111111111111,1,0,0,7,81,8,7,3,0.5900103423050901,0.0017826670082286,10.424
random_3sat,16,maat_only,18,83,4.611111111111111,1,0,0,12,84,11,10,3,0.5900103423050901,0.002731541986577213,14.936
random_3sat,16,mode_a,18,83,4.611111111111111,1,0,0,10,83,10,9,4,0.5900103423050901,0.0022092079743742943,13.332
random_3sat,16,mode_a_gated,18,83,4.611111111111111,1,0,0,8,87,9,8,4,0.5900103423050901,0.0020606250036507845,11.748000000000001
random_3sat,16,random,18,83,4.611111111111111,1,0,0,25,162,20,19,6,0.5900103423050901,0.005045749945566058,28.148
planted_3sat,17,vsids,18,83,4.611111111111111,1,1,0,7,24,2,2,6,0.5834836176213465,0.001004124991595745,4.196
planted_3sat,17,progress_only,18,83,4.611111111111111,1,1,0,6,25,2,2,5,0.5834836176213465,0.0009832499781623483,3.9
planted_3sat,17,maat_only,18,83,4.611111111111111,1,1,0,6,52,4,4,3,0.5834836176213465,0.0013873330317437649,6.008
planted_3sat,17,mode_a,18,83,4.611111111111111,1,1,0,7,43,3,3,4,0.5834836176213465,0.0012795000802725554,5.271999999999999
planted_3sat,17,mode_a_gated,18,83,4.611111111111111,1,1,0,7,56,4,4,5,0.5834836176213465,0.0015924579929560423,6.324
planted_3sat,17,random,18,83,4.611111111111111,1,1,0,9,8,0,0,9,0.5834836176213465,0.0013065420789644122,2.7319999999999998
random_3sat,18,vsids,22,86,3.909090909090909,1,1,0,7,43,2,2,5,0.6086329277301539,0.001320375013165176,4.271999999999999
random_3sat,18,progress_only,22,86,3.909090909090909,1,1,0,8,40,2,2,6,0.6086329277301539,0.0013816669816151261,4.5600000000000005
random_3sat,18,maat_only,22,86,3.909090909090909,1,1,0,20,151,13,13,6,0.6086329277301539,0.004808833939023316,19.604
random_3sat,18,mode_a,22,86,3.909090909090909,1,1,0,6,14,0,0,6,0.6086329277301539,0.0008871250320225954,1.8559999999999999
random_3sat,18,mode_a_gated,22,86,3.909090909090909,1,1,0,7,38,2,2,5,0.6086329277301539,0.0013490410055965185,4.252
random_3sat,18,random,22,86,3.909090909090909,1,1,0,11,102,8,8,6,0.6086329277301539,0.0027368749724701047,11.708
planted_3sat,19,vsids,22,86,3.909090909090909,1,1,0,8,60,4,4,5,0.6053065219826991,0.0016722920117899776,6.640000000000001
planted_3sat,19,progress_only,22,86,3.909090909090909,1,1,0,8,60,4,4,5,0.6053065219826991,0.001698667067103088,6.640000000000001
planted_3sat,19,maat_only,22,86,3.909090909090909,1,1,0,11,98,8,8,5,0.6053065219826991,0.0026113749481737614,11.692
planted_3sat,19,mode_a,22,86,3.909090909090909,1,1,0,8,29,2,2,7,0.6053065219826991,0.001475083059631288,4.516
planted_3sat,19,mode_a_gated,22,86,3.909090909090909,1,1,0,7,19,1,1,7,0.6053065219826991,0.0012611249694600701,3.176
planted_3sat,19,random,22,86,3.909090909090909,1,1,0,15,56,6,6,9,0.6053065219826991,0.002518624998629093,10.724
random_3sat,20,vsids,22,86,3.909090909090909,1,0,0,11,147,12,11,4,0.6183047919184846,0.002966958098113537,15.888
random_3sat,20,progress_only,22,86,3.909090909090909,1,0,0,11,147,12,11,4,0.6183047919184846,0.0030450409976765513,15.888
random_3sat,20,maat_only,22,86,3.909090909090909,1,0,0,22,256,23,22,6,0.6183047919184846,0.0061948749935254455,30.624000000000002
random_3sat,20,mode_a,22,86,3.909090909090909,1,0,0,18,154,17,16,5,0.6183047919184846,0.004314999911002815,23.016
random_3sat,20,mode_a_gated,22,86,3.909090909090909,1,0,0,21,205,19,18,4,0.6183047919184846,0.00498774996958673,26.12
random_3sat,20,random,22,86,3.909090909090909,1,0,0,33,227,26,25,9,0.6183047919184846,0.007255875039845705,36.808
planted_3sat,21,vsids,22,86,3.909090909090909,1,1,0,12,8,0,0,12,0.5841281071225656,0.001353333005681634,3.6319999999999997
planted_3sat,21,progress_only,22,86,3.909090909090909,1,1,0,10,9,0,0,10,0.5841281071225656,0.0012207500403746963,3.036
planted_3sat,21,maat_only,22,86,3.909090909090909,1,1,0,10,9,0,0,10,0.5841281071225656,0.001409832970239222,3.036
planted_3sat,21,mode_a,22,86,3.909090909090909,1,1,0,6,12,0,0,6,0.5841281071225656,0.0010324160102754831,1.8479999999999999
planted_3sat,21,mode_a_gated,22,86,3.909090909090909,1,1,0,10,8,0,0,10,0.5841281071225656,0.0013395830756053329,3.032
planted_3sat,21,random,22,86,3.909090909090909,1,1,0,14,5,0,0,14,0.5841281071225656,0.0017182918963953853,4.22
random_3sat,22,vsids,22,86,3.909090909090909,1,1,0,7,13,0,0,7,0.5894408783730343,0.0009704169351607561,2.152
random_3sat,22,progress_only,22,86,3.909090909090909,1,1,0,7,13,0,0,7,0.5894408783730343,0.0009851249633356929,2.152
random_3sat,22,maat_only,22,86,3.909090909090909,1,1,0,8,12,0,0,8,0.5894408783730343,0.0013184159761294723,2.448
random_3sat,22,mode_a,22,86,3.909090909090909,1,1,0,6,14,0,0,6,0.5894408783730343,0.0008925830479711294,1.8559999999999999
random_3sat,22,mode_a_gated,22,86,3.909090909090909,1,1,0,12,59,5,5,7,0.5894408783730343,0.002244750037789345,8.836
random_3sat,22,random,22,86,3.909090909090909,1,1,0,9,79,6,6,5,0.5894408783730343,0.0022127500269562006,9.016
planted_3sat,23,vsids,22,86,3.909090909090909,1,1,0,12,8,0,0,12,0.5639413563118281,0.0013962079538032413,3.6319999999999997
planted_3sat,23,progress_only,22,86,3.909090909090909,1,1,0,12,8,0,0,12,0.5639413563118281,0.0015562500339001417,3.6319999999999997
planted_3sat,23,maat_only,22,86,3.909090909090909,1,1,0,8,12,0,0,8,0.5639413563118281,0.0012805839069187641,2.448
planted_3sat,23,mode_a,22,86,3.909090909090909,1,1,0,11,8,0,0,11,0.5639413563118281,0.0014371669385582209,3.332
planted_3sat,23,mode_a_gated,22,86,3.909090909090909,1,1,0,11,9,0,0,11,0.5639413563118281,0.0014629169600084424,3.336
planted_3sat,23,random,22,86,3.909090909090909,1,1,0,11,23,1,1,10,0.5639413563118281,0.0015827500028535724,4.3919999999999995
random_3sat,24,vsids,22,94,4.2727272727272725,1,1,0,8,62,5,5,3,0.5246822782176312,0.001917624962516129,7.648000000000001
random_3sat,24,progress_only,22,94,4.2727272727272725,1,1,0,10,48,3,3,7,0.5246822782176312,0.0019779159920290112,6.192
random_3sat,24,maat_only,22,94,4.2727272727272725,1,1,0,9,35,3,3,7,0.5246822782176312,0.0018461250001564622,5.839999999999999
random_3sat,24,mode_a,22,94,4.2727272727272725,1,1,0,5,33,1,1,4,0.5246822782176312,0.0011211250675842166,2.632
random_3sat,24,mode_a_gated,22,94,4.2727272727272725,1,1,0,6,15,0,0,6,0.5246822782176312,0.001031207968480885,1.8599999999999999
random_3sat,24,random,22,94,4.2727272727272725,1,1,0,7,37,3,3,4,0.5246822782176312,0.0014314580475911498,5.247999999999999
planted_3sat,25,vsids,22,94,4.2727272727272725,1,1,0,9,22,2,2,6,0.5603815716205902,0.0016397499712184072,4.787999999999999
planted_3sat,25,progress_only,22,94,4.2727272727272725,1,1,0,7,23,2,2,5,0.5603815716205902,0.0013446250231936574,4.191999999999999
planted_3sat,25,maat_only,22,94,4.2727272727272725,1,1,0,8,12,0,0,8,0.5603815716205902,0.0013349580112844706,2.448
planted_3sat,25,mode_a,22,94,4.2727272727272725,1,1,0,7,15,1,1,6,0.5603815716205902,0.001197167090140283,3.16
planted_3sat,25,mode_a_gated,22,94,4.2727272727272725,1,1,0,8,11,0,0,8,0.5603815716205902,0.0012957080034539104,2.444
planted_3sat,25,random,22,94,4.2727272727272725,1,1,0,13,8,0,0,13,0.5603815716205902,0.002067208057269454,3.932
random_3sat,26,vsids,22,94,4.2727272727272725,1,1,0,4,16,0,0,4,0.6065555412506787,0.0007882909849286079,1.264
random_3sat,26,progress_only,22,94,4.2727272727272725,1,1,0,4,16,0,0,4,0.6065555412506787,0.0007870419649407268,1.264
random_3sat,26,maat_only,22,94,4.2727272727272725,1,1,0,6,26,1,1,5,0.6065555412506787,0.001250582979992032,2.904
random_3sat,26,mode_a,22,94,4.2727272727272725,1,1,0,4,16,0,0,4,0.6065555412506787,0.0009085830533877015,1.264
random_3sat,26,mode_a_gated,22,94,4.2727272727272725,1,1,0,6,14,0,0,6,0.6065555412506787,0.0011950000189244747,1.8559999999999999
random_3sat,26,random,22,94,4.2727272727272725,1,1,0,8,13,0,0,8,0.6065555412506787,0.00122637499589473,2.452
planted_3sat,27,vsids,22,94,4.2727272727272725,1,1,0,9,55,4,4,4,0.5629397121333505,0.00200074992608279,6.919999999999999
planted_3sat,27,progress_only,22,94,4.2727272727272725,1,1,0,8,18,1,1,7,0.5629397121333505,0.001203250023536384,3.472
planted_3sat,27,maat_only,22,94,4.2727272727272725,1,1,0,6,17,1,1,5,0.5629397121333505,0.0012596659362316132,2.868
planted_3sat,27,mode_a,22,94,4.2727272727272725,1,1,0,11,84,6,6,5,0.5629397121333505,0.002679166034795344,9.636000000000001
planted_3sat,27,mode_a_gated,22,94,4.2727272727272725,1,1,0,7,19,1,1,6,0.5629397121333505,0.001193749951198697,3.176
planted_3sat,27,random,22,94,4.2727272727272725,1,1,0,9,42,4,4,5,0.5629397121333505,0.0019052500138059258,6.867999999999999
random_3sat,28,vsids,22,94,4.2727272727272725,1,1,0,7,14,0,0,7,0.6253008253214554,0.0009193329606205225,2.156
random_3sat,28,progress_only,22,94,4.2727272727272725,1,1,0,6,15,0,0,6,0.6253008253214554,0.0008510829648002982,1.8599999999999999
random_3sat,28,maat_only,22,94,4.2727272727272725,1,1,0,15,106,8,8,7,0.6253008253214554,0.0035642499569803476,12.924
random_3sat,28,mode_a,22,94,4.2727272727272725,1,1,0,11,85,6,6,6,0.6253008253214554,0.0026826250832527876,9.64
random_3sat,28,mode_a_gated,22,94,4.2727272727272725,1,1,0,14,140,10,10,5,0.6253008253214554,0.003657374996691942,14.76
random_3sat,28,random,22,94,4.2727272727272725,1,1,0,6,15,0,0,6,0.6253008253214554,0.0011929579777643085,1.8599999999999999
planted_3sat,29,vsids,22,94,4.2727272727272725,1,1,0,9,70,5,5,5,0.5415653941135905,0.0018757910002022982,7.9799999999999995
planted_3sat,29,progress_only,22,94,4.2727272727272725,1,1,0,9,70,5,5,5,0.5415653941135905,0.001999916974455118,7.9799999999999995
planted_3sat,29,maat_only,22,94,4.2727272727272725,1,1,0,8,79,5,5,4,0.5415653941135905,0.002197750029154122,7.716
planted_3sat,29,mode_a,22,94,4.2727272727272725,1,1,0,11,30,2,2,8,0.5415653941135905,0.0020527499727904797,5.42
planted_3sat,29,mode_a_gated,22,94,4.2727272727272725,1,1,0,8,12,0,0,8,0.5415653941135905,0.0012522080214694142,2.448
planted_3sat,29,random,22,94,4.2727272727272725,1,1,0,15,51,4,4,9,0.5415653941135905,0.0027610419783741236,8.704
random_3sat,30,vsids,22,101,4.590909090909091,1,0,0,13,84,10,9,9,0.48105718771270223,0.0029544999124482274,14.236
random_3sat,30,progress_only,22,101,4.590909090909091,1,0,0,11,81,10,9,9,0.48105718771270223,0.002659916994161904,13.624
random_3sat,30,maat_only,22,101,4.590909090909091,1,0,0,20,194,19,18,7,0.48105718771270223,0.005694791907444596,25.776
random_3sat,30,mode_a,22,101,4.590909090909091,1,0,0,13,110,11,10,6,0.48105718771270223,0.00341316603589803,15.34
random_3sat,30,mode_a_gated,22,101,4.590909090909091,1,0,0,15,155,14,13,5,0.48105718771270223,0.004586125025525689,19.12
random_3sat,30,random,22,101,4.590909090909091,1,0,0,45,445,44,43,8,0.48105718771270223,0.013003709027543664,59.28
planted_3sat,31,vsids,22,101,4.590909090909091,1,1,0,7,56,4,4,3,0.5478778813877961,0.0017139579867944121,6.324
planted_3sat,31,progress_only,22,101,4.590909090909091,1,1,0,7,68,5,5,3,0.5478778813877961,0.001882457989268005,7.372
planted_3sat,31,maat_only,22,101,4.590909090909091,1,1,0,13,87,8,8,5,0.5478778813877961,0.003122249967418611,12.248000000000001
planted_3sat,31,mode_a,22,101,4.590909090909091,1,1,0,5,31,1,1,4,0.5478778813877961,0.001276249997317791,2.624
planted_3sat,31,mode_a_gated,22,101,4.590909090909091,1,1,0,7,58,4,4,3,0.5478778813877961,0.001720125088468194,6.332
planted_3sat,31,random,22,101,4.590909090909091,1,1,0,6,28,1,1,4,0.5478778813877961,0.001182542066089809,2.912
random_3sat,32,vsids,22,101,4.590909090909091,1,1,0,9,101,9,9,3,0.7028308181682735,0.0026505000423640013,12.104
random_3sat,32,progress_only,22,101,4.590909090909091,1,1,0,9,102,9,9,3,0.7028308181682735,0.0027406250592321157,12.107999999999999
random_3sat,32,maat_only,22,101,4.590909090909091,1,1,0,8,44,3,3,7,0.7028308181682735,0.001821833080612123,5.5760000000000005
random_3sat,32,mode_a,22,101,4.590909090909091,1,1,0,6,57,3,3,3,0.7028308181682735,0.0017332909628748894,5.028
random_3sat,32,mode_a_gated,22,101,4.590909090909091,1,1,0,6,58,3,3,4,0.7028308181682735,0.0016800840385258198,5.032
random_3sat,32,random,22,101,4.590909090909091,1,1,0,8,34,3,3,6,0.7028308181682735,0.0015920000150799751,5.5360000000000005
planted_3sat,33,vsids,22,101,4.590909090909091,1,1,0,17,176,11,11,5,0.45835793732659547,0.004363292013294995,16.804000000000002
planted_3sat,33,progress_only,22,101,4.590909090909091,1,1,0,17,140,9,9,5,0.45835793732659547,0.003966459073126316,14.66
planted_3sat,33,maat_only,22,101,4.590909090909091,1,1,0,10,112,7,7,5,0.45835793732659547,0.0027822089614346623,10.448
planted_3sat,33,mode_a,22,101,4.590909090909091,1,1,0,10,49,5,5,4,0.45835793732659547,0.002245292067527771,8.196
planted_3sat,33,mode_a_gated,22,101,4.590909090909091,1,1,0,7,54,3,3,3,0.45835793732659547,0.001892582979053259,5.316
planted_3sat,33,random,22,101,4.590909090909091,1,1,0,16,124,10,10,8,0.45835793732659547,0.003911000094376504,15.296000000000001
random_3sat,34,vsids,22,101,4.590909090909091,1,0,0,10,132,11,10,3,0.4998460969066812,0.0030032090144231915,14.528
random_3sat,34,progress_only,22,101,4.590909090909091,1,0,0,11,139,11,10,4,0.4998460969066812,0.0028930410044267774,14.856000000000002
random_3sat,34,maat_only,22,101,4.590909090909091,1,0,0,16,168,13,12,5,0.4998460969066812,0.004599625011906028,18.472
random_3sat,34,mode_a,22,101,4.590909090909091,1,0,0,10,115,10,9,3,0.4998460969066812,0.0028294160729274154,13.46
random_3sat,34,mode_a_gated,22,101,4.590909090909091,1,0,0,9,107,10,9,4,0.4998460969066812,0.002646791050210595,13.128
random_3sat,34,random,22,101,4.590909090909091,1,0,0,22,197,19,18,4,0.4998460969066812,0.005740292021073401,26.388
planted_3sat,35,vsids,22,101,4.590909090909091,1,1,0,7,13,0,0,7,0.6330264909847864,0.0012710830196738243,2.152
planted_3sat,35,progress_only,22,101,4.590909090909091,1,1,0,7,13,0,0,7,0.6330264909847864,0.0010164589621126652,2.152
planted_3sat,35,maat_only,22,101,4.590909090909091,1,1,0,8,22,2,2,5,0.6330264909847864,0.0014681670581921935,4.488
planted_3sat,35,mode_a,22,101,4.590909090909091,1,1,0,6,14,0,0,6,0.6330264909847864,0.0010710000060498714,1.8559999999999999
planted_3sat,35,mode_a_gated,22,101,4.590909090909091,1,1,0,9,41,3,3,6,0.6330264909847864,0.0018851669738069177,5.863999999999999
planted_3sat,35,random,22,101,4.590909090909091,1,1,0,6,14,0,0,6,0.6330264909847864,0.0011795409955084324,1.8559999999999999
random_3sat,36,vsids,26,101,3.8846153846153846,1,1,0,15,7,0,0,15,0.6343396089847868,0.00204233406111598,4.528
random_3sat,36,progress_only,26,101,3.8846153846153846,1,1,0,14,6,0,0,14,0.6343396089847868,0.0018047080375254154,4.224
random_3sat,36,maat_only,26,101,3.8846153846153846,1,1,0,12,12,0,0,12,0.6343396089847868,0.0017948750173673034,3.6479999999999997
random_3sat,36,mode_a,26,101,3.8846153846153846,1,1,0,14,7,0,0,14,0.6343396089847868,0.0019186250865459442,4.228
random_3sat,36,mode_a_gated,26,101,3.8846153846153846,1,1,0,11,11,0,0,11,0.6343396089847868,0.0019450410036370158,3.344
random_3sat,36,random,26,101,3.8846153846153846,1,1,0,15,10,0,0,15,0.6343396089847868,0.002063291030935943,4.54
planted_3sat,37,vsids,26,101,3.8846153846153846,1,1,0,10,15,0,0,10,0.6007484002338713,0.001691750017926097,3.06
planted_3sat,37,progress_only,26,101,3.8846153846153846,1,1,0,9,16,0,0,9,0.6007484002338713,0.0015282919630408287,2.764
planted_3sat,37,maat_only,26,101,3.8846153846153846,1,1,0,12,12,0,0,12,0.6007484002338713,0.0019524579402059317,3.6479999999999997
planted_3sat,37,mode_a,26,101,3.8846153846153846,1,1,0,5,21,0,0,5,0.6007484002338713,0.0011469590244814754,1.584
planted_3sat,37,mode_a_gated,26,101,3.8846153846153846,1,1,0,9,15,0,0,9,0.6007484002338713,0.0014942080015316606,2.76
planted_3sat,37,random,26,101,3.8846153846153846,1,1,0,7,18,0,0,7,0.6007484002338713,0.0014375840546563268,2.172
random_3sat,38,vsids,26,101,3.8846153846153846,1,0,0,13,152,14,13,5,0.556047499732837,0.0040723750134930015,18.508
random_3sat,38,progress_only,26,101,3.8846153846153846,1,0,0,13,161,14,13,5,0.556047499732837,0.004161040997132659,18.543999999999997
random_3sat,38,maat_only,26,101,3.8846153846153846,1,0,0,32,322,27,26,8,0.556047499732837,0.009673250024206936,37.888
random_3sat,38,mode_a,26,101,3.8846153846153846,1,0,0,14,174,14,13,5,0.556047499732837,0.004499583039432764,18.896
random_3sat,38,mode_a_gated,26,101,3.8846153846153846,1,0,0,13,138,11,10,4,0.556047499732837,0.0038408749969676137,15.452
random_3sat,38,random,26,101,3.8846153846153846,1,0,0,39,365,31,30,7,0.556047499732837,0.010725333006121218,44.160000000000004
planted_3sat,39,vsids,26,101,3.8846153846153846,1,1,0,12,35,3,3,8,0.5846394362307671,0.002270375029183924,6.739999999999999
planted_3sat,39,progress_only,26,101,3.8846153846153846,1,1,0,13,38,4,4,8,0.5846394362307671,0.0022537909680977464,8.052
planted_3sat,39,maat_only,26,101,3.8846153846153846,1,1,0,8,29,1,1,7,0.5846394362307671,0.0013911249116063118,3.516
planted_3sat,39,mode_a,26,101,3.8846153846153846,1,1,0,11,12,0,0,11,0.5846394362307671,0.0017778329784050584,3.348
planted_3sat,39,mode_a_gated,26,101,3.8846153846153846,1,1,0,6,31,1,1,5,0.5846394362307671,0.0013954580063000321,2.924
planted_3sat,39,random,26,101,3.8846153846153846,1,1,0,8,15,0,0,8,0.5846394362307671,0.00151983299292624,2.46
random_3sat,40,vsids,26,101,3.8846153846153846,1,1,0,16,91,6,6,8,0.6393076362732323,0.003091583028435707,11.164000000000001
random_3sat,40,progress_only,26,101,3.8846153846153846,1,1,0,12,83,5,5,5,0.6393076362732323,0.002713708905503154,8.932
random_3sat,40,maat_only,26,101,3.8846153846153846,1,1,0,20,109,9,9,6,0.6393076362732323,0.0048216660507023335,15.436
random_3sat,40,mode_a,26,101,3.8846153846153846,1,1,0,23,218,16,16,6,0.6393076362732323,0.006240457994863391,23.772
random_3sat,40,mode_a_gated,26,101,3.8846153846153846,1,1,0,17,110,10,10,6,0.6393076362732323,0.004063125001266599,15.54
random_3sat,40,random,26,101,3.8846153846153846,1,1,0,18,13,1,1,15,0.6393076362732323,0.002656458062119782,6.451999999999999
planted_3sat,41,vsids,26,101,3.8846153846153846,1,1,0,10,14,0,0,10,0.6571587194436614,0.0013172089820727706,3.056
planted_3sat,41,progress_only,26,101,3.8846153846153846,1,1,0,7,15,0,0,7,0.6571587194436614,0.0010914159938693047,2.16
planted_3sat,41,maat_only,26,101,3.8846153846153846,1,1,0,10,24,2,2,8,0.6571587194436614,0.00192304200027138,5.096
planted_3sat,41,mode_a,26,101,3.8846153846153846,1,1,0,6,22,1,1,6,0.6571587194436614,0.0012909590732306242,2.888
planted_3sat,41,mode_a_gated,26,101,3.8846153846153846,1,1,0,6,34,1,1,6,0.6571587194436614,0.0015098750591278076,2.936
planted_3sat,41,random,26,101,3.8846153846153846,1,1,0,13,66,5,5,8,0.6571587194436614,0.0029591249767690897,9.164
random_3sat,42,vsids,26,110,4.230769230769231,1,1,0,16,8,0,0,16,0.580968044126805,0.0021964999614283442,4.832
random_3sat,42,progress_only,26,110,4.230769230769231,1,1,0,14,8,0,0,14,0.580968044126805,0.002133582951501012,4.232
random_3sat,42,maat_only,26,110,4.230769230769231,1,1,0,9,15,0,0,9,0.580968044126805,0.0018932080129161477,2.76
random_3sat,42,mode_a,26,110,4.230769230769231,1,1,0,12,10,0,0,12,0.580968044126805,0.0018750830786302686,3.6399999999999997
random_3sat,42,mode_a_gated,26,110,4.230769230769231,1,1,0,11,11,0,0,11,0.580968044126805,0.0017100831028074026,3.344
random_3sat,42,random,26,110,4.230769230769231,1,1,0,12,12,0,0,12,0.580968044126805,0.0021616671001538634,3.6479999999999997
planted_3sat,43,vsids,26,110,4.230769230769231,1,1,0,14,68,5,5,6,0.4935570545422908,0.002996667055413127,9.472
planted_3sat,43,progress_only,26,110,4.230769230769231,1,1,0,13,70,5,5,6,0.4935570545422908,0.0030117910355329514,9.18
planted_3sat,43,maat_only,26,110,4.230769230769231,1,1,0,19,188,13,13,5,0.4935570545422908,0.005846374901011586,19.451999999999998
planted_3sat,43,mode_a,26,110,4.230769230769231,1,1,0,16,92,8,8,6,0.4935570545422908,0.0035602080170065165,13.168000000000001
planted_3sat,43,mode_a_gated,26,110,4.230769230769231,1,1,0,12,60,5,5,7,0.4935570545422908,0.002821916015818715,8.84
planted_3sat,43,random,26,110,4.230769230769231,1,1,0,13,52,3,3,9,0.4935570545422908,0.0025217910297214985,7.1080000000000005
random_3sat,44,vsids,26,110,4.230769230769231,1,0,0,29,239,22,21,8,0.5797061873489914,0.007570541929453611,31.656
random_3sat,44,progress_only,26,110,4.230769230769231,1,0,0,24,222,20,19,6,0.5797061873489914,0.006793374894186854,28.088
random_3sat,44,maat_only,26,110,4.230769230769231,1,0,0,27,282,23,22,5,0.5797061873489914,0.00838208303321153,32.228
random_3sat,44,mode_a,26,110,4.230769230769231,1,0,0,23,231,20,19,6,0.5797061873489914,0.006923416047357023,27.823999999999998
random_3sat,44,mode_a_gated,26,110,4.230769230769231,1,0,0,21,229,21,20,6,0.5797061873489914,0.006396666984073818,28.216
random_3sat,44,random,26,110,4.230769230769231,1,0,0,50,424,35,34,8,0.5797061873489914,0.014019250054843724,51.696
planted_3sat,45,vsids,26,110,4.230769230769231,1,1,0,8,25,1,1,7,0.6209794306060158,0.0015001250430941582,3.5
planted_3sat,45,progress_only,26,110,4.230769230769231,1,1,0,6,21,1,1,5,0.6209794306060158,0.0012618339387699962,2.884
planted_3sat,45,maat_only,26,110,4.230769230769231,1,1,0,7,15,0,0,7,0.6209794306060158,0.0017119169933721423,2.16
planted_3sat,45,mode_a,26,110,4.230769230769231,1,1,0,8,31,1,1,6,0.6209794306060158,0.003060666029341519,3.524
planted_3sat,45,mode_a_gated,26,110,4.230769230769231,1,1,0,10,51,4,4,5,0.6209794306060158,0.0028494580183178186,7.204
planted_3sat,45,random,26,110,4.230769230769231,1,1,0,10,45,2,2,8,0.6209794306060158,0.002153416979126632,5.18
random_3sat,46,vsids,26,110,4.230769230769231,1,0,0,12,148,13,12,4,0.5723660234619553,0.004256541025824845,17.192
random_3sat,46,progress_only,26,110,4.230769230769231,1,0,0,12,148,13,12,4,0.5723660234619553,0.004076333018019795,17.192
random_3sat,46,maat_only,26,110,4.230769230769231,1,0,0,11,158,12,11,4,0.5723660234619553,0.0038537500659003854,15.932
random_3sat,46,mode_a,26,110,4.230769230769231,1,0,0,17,210,18,17,6,0.5723660234619553,0.005587707972154021,23.94
random_3sat,46,mode_a_gated,26,110,4.230769230769231,1,0,0,17,147,15,14,5,0.5723660234619553,0.0050558330258354545,20.688000000000002
random_3sat,46,random,26,110,4.230769230769231,1,0,0,30,237,22,21,10,0.5723660234619553,0.0077451670076698065,31.948
planted_3sat,47,vsids,26,110,4.230769230769231,1,1,0,4,21,0,0,4,0.5464028565593501,0.0010668749455362558,1.284
planted_3sat,47,progress_only,26,110,4.230769230769231,1,1,0,4,21,0,0,4,0.5464028565593501,0.001009250059723854,1.284
planted_3sat,47,maat_only,26,110,4.230769230769231,1,1,0,10,18,1,1,10,0.5464028565593501,0.0018631670391187072,4.072
planted_3sat,47,mode_a,26,110,4.230769230769231,1,1,0,8,15,0,0,8,0.5464028565593501,0.0014692090917378664,2.46
planted_3sat,47,mode_a_gated,26,110,4.230769230769231,1,1,0,8,17,0,0,8,0.5464028565593501,0.0015902910381555557,2.468
planted_3sat,47,random,26,110,4.230769230769231,1,1,0,14,9,0,0,14,0.5464028565593501,0.0022697090171277523,4.236
random_3sat,48,vsids,26,120,4.615384615384615,1,0,0,15,211,15,14,4,0.5377545126330786,0.005423584021627903,20.344
random_3sat,48,progress_only,26,120,4.615384615384615,1,0,0,18,246,18,17,4,0.5377545126330786,0.0061217499896883965,24.384
random_3sat,48,maat_only,26,120,4.615384615384615,1,0,0,23,219,21,20,8,0.5377545126330786,0.007173874997533858,28.776
random_3sat,48,mode_a,26,120,4.615384615384615,1,0,0,13,164,14,13,4,0.5377545126330786,0.004634625045582652,18.555999999999997
random_3sat,48,mode_a_gated,26,120,4.615384615384615,1,0,0,17,234,17,16,6,0.5377545126330786,0.006557750049978495,23.036
random_3sat,48,random,26,120,4.615384615384615,1,0,0,23,221,18,17,12,0.5377545126330786,0.006978499935939908,25.784
planted_3sat,49,vsids,26,120,4.615384615384615,1,1,0,11,22,1,1,10,0.5599099657263253,0.0016931249992921948,4.388
planted_3sat,49,progress_only,26,120,4.615384615384615,1,1,0,11,22,1,1,10,0.5599099657263253,0.0017796659376472235,4.388
planted_3sat,49,maat_only,26,120,4.615384615384615,1,1,0,15,35,3,3,9,0.5599099657263253,0.002878583036363125,7.64
planted_3sat,49,mode_a,26,120,4.615384615384615,1,1,0,14,88,6,6,6,0.5599099657263253,0.003097709035500884,10.552
planted_3sat,49,mode_a_gated,26,120,4.615384615384615,1,1,0,7,43,2,2,6,0.5599099657263253,0.0018922500312328339,4.271999999999999
planted_3sat,49,random,26,120,4.615384615384615,1,1,0,32,184,14,14,11,0.5599099657263253,0.008091500028967857,24.336000000000002
random_3sat,50,vsids,26,120,4.615384615384615,1,1,0,7,67,3,3,4,0.6329024531800596,0.0021716669434681535,5.367999999999999
random_3sat,50,progress_only,26,120,4.615384615384615,1,1,0,7,67,3,3,4,0.6329024531800596,0.002419042051769793,5.367999999999999
random_3sat,50,maat_only,26,120,4.615384615384615,1,1,0,12,107,8,8,5,0.6329024531800596,0.003498333040624857,12.028
random_3sat,50,mode_a,26,120,4.615384615384615,1,1,0,7,47,2,2,5,0.6329024531800596,0.0020299999741837382,4.287999999999999
random_3sat,50,mode_a_gated,26,120,4.615384615384615,1,1,0,10,115,6,6,4,0.6329024531800596,0.00327391701284796,9.46
random_3sat,50,random,26,120,4.615384615384615,1,1,0,11,39,3,3,7,0.6329024531800596,0.002661874983459711,6.4559999999999995
planted_3sat,51,vsids,26,120,4.615384615384615,1,1,0,10,86,7,7,5,0.5863423359920594,0.0034671250032261014,10.344
planted_3sat,51,progress_only,26,120,4.615384615384615,1,1,0,11,49,3,3,5,0.5863423359920594,0.0030710840364918113,6.4959999999999996
planted_3sat,51,maat_only,26,120,4.615384615384615,1,1,0,7,95,5,5,4,0.5863423359920594,0.0026425831019878387,7.4799999999999995
planted_3sat,51,mode_a,26,120,4.615384615384615,1,1,0,14,127,10,10,4,0.5863423359920594,0.004383124993182719,14.707999999999998
planted_3sat,51,mode_a_gated,26,120,4.615384615384615,1,1,0,8,27,1,1,7,0.5863423359920594,0.001928500016219914,3.508
planted_3sat,51,random,26,120,4.615384615384615,1,1,0,10,57,3,3,7,0.5863423359920594,0.002397584030404687,6.228
random_3sat,52,vsids,26,120,4.615384615384615,1,0,0,19,156,15,14,5,0.5921875181772637,0.005550041911192238,21.323999999999998
random_3sat,52,progress_only,26,120,4.615384615384615,1,0,0,14,162,15,14,5,0.5921875181772637,0.005402792012318969,19.848
random_3sat,52,maat_only,26,120,4.615384615384615,1,0,0,18,254,19,18,6,0.5921875181772637,0.00915587495546788,25.415999999999997
random_3sat,52,mode_a,26,120,4.615384615384615,1,0,0,14,162,15,14,4,0.5921875181772637,0.005903290933929384,19.848
random_3sat,52,mode_a_gated,26,120,4.615384615384615,1,0,0,16,140,14,13,5,0.5921875181772637,0.005365458084270358,19.36
random_3sat,52,random,26,120,4.615384615384615,1,0,0,27,261,24,23,6,0.5921875181772637,0.008125292020849884,33.144
planted_3sat,53,vsids,26,120,4.615384615384615,1,1,0,11,14,0,0,11,0.57996991808693,0.0019764999160543084,3.356
planted_3sat,53,progress_only,26,120,4.615384615384615,1,1,0,12,11,0,0,12,0.57996991808693,0.001893708948045969,3.6439999999999997
planted_3sat,53,maat_only,26,120,4.615384615384615,1,1,0,14,22,1,1,10,0.57996991808693,0.0028751669451594353,5.288
planted_3sat,53,mode_a,26,120,4.615384615384615,1,1,0,11,13,0,0,11,0.57996991808693,0.001979582943022251,3.352
planted_3sat,53,mode_a_gated,26,120,4.615384615384615,1,1,0,12,12,0,0,12,0.57996991808693,0.0022945000091567636,3.6479999999999997
planted_3sat,53,random,26,120,4.615384615384615,1,1,0,11,14,0,0,11,0.57996991808693,0.002253499929793179,3.356
modular_3sat,54,vsids,18,72,4.0,1,1,0,11,6,0,0,11,0.5845306965983257,0.0009873340604826808,3.324
modular_3sat,54,progress_only,18,72,4.0,1,1,0,11,6,0,0,11,0.5845306965983257,0.0010456659365445375,3.324
modular_3sat,54,maat_only,18,72,4.0,1,1,0,7,11,0,0,7,0.5845306965983257,0.0009462919551879168,2.144
modular_3sat,54,mode_a,18,72,4.0,1,1,0,10,7,0,0,10,0.5845306965983257,0.0011287500383332372,3.028
modular_3sat,54,mode_a_gated,18,72,4.0,1,1,0,8,9,0,0,8,0.5845306965983257,0.0009702920215204358,2.436
modular_3sat,54,random,18,72,4.0,1,1,0,10,8,0,0,10,0.5845306965983257,0.001108249998651445,3.032
modular_3sat,55,vsids,18,72,4.0,1,0,0,4,19,5,4,3,0.6243298978662774,0.0008931660559028387,6.276
modular_3sat,55,progress_only,18,72,4.0,1,0,0,5,20,5,4,4,0.6243298978662774,0.000913208001293242,6.58
modular_3sat,55,maat_only,18,72,4.0,1,0,0,4,20,4,3,3,0.6243298978662774,0.0007559589575976133,5.28
modular_3sat,55,mode_a,18,72,4.0,1,0,0,8,20,6,5,5,0.6243298978662774,0.0013214159989729524,8.48
modular_3sat,55,mode_a_gated,18,72,4.0,1,0,0,5,20,5,4,4,0.6243298978662774,0.0009716670028865337,6.58
modular_3sat,55,random,18,72,4.0,1,0,0,9,40,6,5,6,0.6243298978662774,0.0016536249313503504,8.86
modular_3sat,56,vsids,18,72,4.0,1,0,0,3,20,4,3,2,0.5933885133970384,0.0006108749657869339,4.98
modular_3sat,56,progress_only,18,72,4.0,1,0,0,3,20,4,3,2,0.5933885133970384,0.0006708339788019657,4.98
modular_3sat,56,maat_only,18,72,4.0,1,0,0,4,25,5,4,3,0.5933885133970384,0.000836833962239325,6.3
modular_3sat,56,mode_a,18,72,4.0,1,0,0,4,20,4,3,3,0.5933885133970384,0.0008845829870551825,5.28
modular_3sat,56,mode_a_gated,18,72,4.0,1,0,0,3,24,4,3,2,0.5933885133970384,0.000680458964779973,4.996
modular_3sat,56,random,18,72,4.0,1,0,0,11,25,4,3,7,0.5933885133970384,0.0015689170686528087,7.3999999999999995
modular_3sat,57,vsids,18,78,4.333333333333333,1,1,0,8,8,0,0,8,0.5838252520602109,0.001065333024598658,2.432
modular_3sat,57,progress_only,18,78,4.333333333333333,1,1,0,8,8,0,0,8,0.5838252520602109,0.0010733749950304627,2.432
modular_3sat,57,maat_only,18,78,4.333333333333333,1,1,0,7,23,3,3,5,0.5838252520602109,0.0011434999760240316,5.191999999999999
modular_3sat,57,mode_a,18,78,4.333333333333333,1,1,0,9,11,1,1,7,0.5838252520602109,0.0012025840114802122,3.7439999999999998
modular_3sat,57,mode_a_gated,18,78,4.333333333333333,1,1,0,10,5,0,0,10,0.5838252520602109,0.0015228749252855778,3.02
modular_3sat,57,random,18,78,4.333333333333333,1,1,0,15,42,7,7,7,0.5838252520602109,0.002177166985347867,11.668
modular_3sat,58,vsids,18,78,4.333333333333333,1,0,0,5,21,4,3,4,0.5748638923005186,0.0010281249415129423,5.584
modular_3sat,58,progress_only,18,78,4.333333333333333,1,0,0,6,23,4,3,5,0.5748638923005186,0.0010877499589696527,5.8919999999999995
modular_3sat,58,maat_only,18,78,4.333333333333333,1,0,0,3,19,4,3,2,0.5748638923005186,0.0007371669635176659,4.976
modular_3sat,58,mode_a,18,78,4.333333333333333,1,0,0,11,74,10,9,4,0.5748638923005186,0.0022535830503329635,13.596
modular_3sat,58,mode_a_gated,18,78,4.333333333333333,1,0,0,10,41,7,6,4,0.5748638923005186,0.0019954999443143606,10.164
modular_3sat,58,random,18,78,4.333333333333333,1,0,0,10,23,6,5,5,0.5748638923005186,0.0017260420136153698,9.092
modular_3sat,59,vsids,18,78,4.333333333333333,1,1,0,8,27,2,2,5,0.6515005314601572,0.0013035419397056103,4.508
modular_3sat,59,progress_only,18,78,4.333333333333333,1,1,0,8,32,2,2,5,0.6515005314601572,0.001324665965512395,4.5280000000000005
modular_3sat,59,maat_only,18,78,4.333333333333333,1,1,0,13,51,6,6,7,0.6515005314601572,0.0023424160899594426,10.104000000000001
modular_3sat,59,mode_a,18,78,4.333333333333333,1,1,0,9,59,6,6,4,0.6515005314601572,0.001671917038038373,8.936
modular_3sat,59,mode_a_gated,18,78,4.333333333333333,1,1,0,11,58,5,5,5,0.6515005314601572,0.0019243749557062984,8.532
modular_3sat,59,random,18,78,4.333333333333333,1,1,0,10,37,4,4,5,0.6515005314601572,0.0015052499948069453,7.148
modular_3sat,60,vsids,18,85,4.722222222222222,1,0,0,5,20,5,4,4,0.5586242851443325,0.0010632089106366038,6.58
modular_3sat,60,progress_only,18,85,4.722222222222222,1,0,0,4,15,4,3,3,0.5586242851443325,0.0008362079970538616,5.26
modular_3sat,60,maat_only,18,85,4.722222222222222,1,0,0,8,30,6,5,5,0.5586242851443325,0.0015737080248072743,8.52
modular_3sat,60,mode_a,18,85,4.722222222222222,1,0,0,6,25,5,4,4,0.5586242851443325,0.0011056669754907489,6.8999999999999995
modular_3sat,60,mode_a_gated,18,85,4.722222222222222,1,0,0,4,15,4,3,3,0.5586242851443325,0.000843666959553957,5.26
modular_3sat,60,random,18,85,4.722222222222222,1,0,0,14,49,10,9,6,0.5586242851443325,0.002593957935459912,14.395999999999999
modular_3sat,61,vsids,18,85,4.722222222222222,1,0,0,4,17,4,3,3,0.5596752427222393,0.0008151249494403601,5.268
modular_3sat,61,progress_only,18,85,4.722222222222222,1,0,0,3,17,4,3,2,0.5596752427222393,0.0006844159215688705,4.968
modular_3sat,61,maat_only,18,85,4.722222222222222,1,0,0,8,27,5,4,6,0.5596752427222393,0.0015536659630015492,7.508
modular_3sat,61,mode_a,18,85,4.722222222222222,1,0,0,4,24,4,3,3,0.5596752427222393,0.0008499580435454845,5.296
modular_3sat,61,mode_a_gated,18,85,4.722222222222222,1,0,0,4,19,4,3,3,0.5596752427222393,0.0008597499690949917,5.276
modular_3sat,61,random,18,85,4.722222222222222,1,0,0,8,34,6,5,5,0.5596752427222393,0.001657458022236824,8.536
modular_3sat,62,vsids,18,85,4.722222222222222,1,0,0,4,17,5,4,3,0.5908118542807661,0.0008832920575514436,6.268
modular_3sat,62,progress_only,18,85,4.722222222222222,1,0,0,4,17,5,4,3,0.5908118542807661,0.0008877499494701624,6.268
modular_3sat,62,maat_only,18,85,4.722222222222222,1,0,0,6,22,5,4,5,0.5908118542807661,0.001183666056022048,6.888
modular_3sat,62,mode_a,18,85,4.722222222222222,1,0,0,5,29,4,3,4,0.5908118542807661,0.001058707945048809,5.616
modular_3sat,62,mode_a_gated,18,85,4.722222222222222,1,0,0,4,21,5,4,3,0.5908118542807661,0.0010039580520242453,6.284
modular_3sat,62,random,18,85,4.722222222222222,1,0,0,8,24,5,4,5,0.5908118542807661,0.0013777079293504357,7.496
modular_3sat,63,vsids,24,96,4.0,1,0,0,14,79,10,9,6,0.615697567081257,0.00322345900349319,14.516
modular_3sat,63,progress_only,24,96,4.0,1,0,0,14,79,10,9,6,0.615697567081257,0.0031793329399079084,14.516
modular_3sat,63,maat_only,24,96,4.0,1,0,0,17,97,11,10,5,0.615697567081257,0.003982291906140745,16.488000000000003
modular_3sat,63,mode_a,24,96,4.0,1,0,0,13,68,9,8,5,0.615697567081257,0.002981749945320189,13.172
modular_3sat,63,mode_a_gated,24,96,4.0,1,0,0,11,88,11,10,6,0.615697567081257,0.002857874962501228,14.652000000000001
modular_3sat,63,random,24,96,4.0,1,0,0,12,70,9,8,5,0.615697567081257,0.0030431250343099236,12.879999999999999
modular_3sat,64,vsids,24,96,4.0,1,0,0,10,46,7,6,4,0.6372868844990965,0.0021643750369548798,10.184
modular_3sat,64,progress_only,24,96,4.0,1,0,0,8,50,8,7,3,0.6372868844990965,0.0019787090132012963,10.6
modular_3sat,64,maat_only,24,96,4.0,1,0,0,10,23,4,3,6,0.6372868844990965,0.002056292025372386,7.092
modular_3sat,64,mode_a,24,96,4.0,1,0,0,8,33,6,5,5,0.6372868844990965,0.001898457994684577,8.532
modular_3sat,64,mode_a_gated,24,96,4.0,1,0,0,11,45,7,6,3,0.6372868844990965,0.0024689589627087116,10.48
modular_3sat,64,random,24,96,4.0,1,0,0,9,20,4,3,6,0.6372868844990965,0.00197366694919765,6.779999999999999
modular_3sat,65,vsids,24,96,4.0,1,1,0,14,34,3,3,8,0.5972321731909004,0.0023031251039355993,7.336
modular_3sat,65,progress_only,24,96,4.0,1,1,0,15,38,3,3,6,0.5972321731909004,0.0026686250930652022,7.652
modular_3sat,65,maat_only,24,96,4.0,1,1,0,16,27,2,2,8,0.5972321731909004,0.0028027499793097377,6.9079999999999995
modular_3sat,65,mode_a,24,96,4.0,1,1,0,10,19,1,1,8,0.5972321731909004,0.0015595000004395843,4.076
modular_3sat,65,mode_a_gated,24,96,4.0,1,1,0,12,21,2,2,8,0.5972321731909004,0.0021630829432979226,5.683999999999999
modular_3sat,65,random,24,96,4.0,1,1,0,11,12,0,0,11,0.5972321731909004,0.0016759579302743077,3.348
modular_3sat,66,vsids,24,104,4.333333333333333,1,0,0,4,22,5,4,3,0.6014010927658554,0.0010793330147862434,6.288
modular_3sat,66,progress_only,24,104,4.333333333333333,1,0,0,3,16,4,3,2,0.6014010927658554,0.0008940419647842646,4.964
modular_3sat,66,maat_only,24,104,4.333333333333333,1,0,0,9,35,6,5,5,0.6014010927658554,0.0022980840876698494,8.84
modular_3sat,66,mode_a,24,104,4.333333333333333,1,0,0,5,36,6,5,3,0.6014010927658554,0.001420375076122582,7.644
modular_3sat,66,mode_a_gated,24,104,4.333333333333333,1,0,0,4,17,4,3,3,0.6014010927658554,0.0011377920163795352,5.268
modular_3sat,66,random,24,104,4.333333333333333,1,0,0,7,28,5,4,5,0.6014010927658554,0.001844082958996296,7.212
modular_3sat,67,vsids,24,104,4.333333333333333,1,0,0,10,55,7,6,5,0.6312951827466884,0.002690166002139449,10.22
modular_3sat,67,progress_only,24,104,4.333333333333333,1,0,0,10,53,8,7,4,0.6312951827466884,0.002396999974735081,11.212
modular_3sat,67,maat_only,24,104,4.333333333333333,1,0,0,8,61,7,6,3,0.6312951827466884,0.002282541012391448,9.644
modular_3sat,67,mode_a,24,104,4.333333333333333,1,0,0,12,59,8,7,7,0.6312951827466884,0.003159250016324222,11.836
modular_3sat,67,mode_a_gated,24,104,4.333333333333333,1,0,0,5,31,5,4,3,0.6312951827466884,0.0013722500298172235,6.624
modular_3sat,67,random,24,104,4.333333333333333,1,0,0,18,130,14,13,9,0.6312951827466884,0.004281084053218365,19.919999999999998
modular_3sat,68,vsids,24,104,4.333333333333333,1,1,0,13,35,5,5,7,0.5469858698751187,0.002734708017669618,9.040000000000001
modular_3sat,68,progress_only,24,104,4.333333333333333,1,1,0,11,19,2,2,8,0.5469858698751187,0.001980292028747499,5.3759999999999994
modular_3sat,68,maat_only,24,104,4.333333333333333,1,1,0,16,22,2,2,10,0.5469858698751187,0.002979916986078024,6.888
modular_3sat,68,mode_a,24,104,4.333333333333333,1,1,0,10,15,1,1,9,0.5469858698751187,0.0016557920025661588,4.06
modular_3sat,68,mode_a_gated,24,104,4.333333333333333,1,1,0,17,31,3,3,8,0.5469858698751187,0.003121917019598186,8.224
modular_3sat,68,random,24,104,4.333333333333333,1,1,0,14,9,0,0,14,0.5469858698751187,0.0019180000526830554,4.236
modular_3sat,69,vsids,24,113,4.708333333333333,1,0,0,5,25,4,3,4,0.5898504241221963,0.001360708032734692,5.6
modular_3sat,69,progress_only,24,113,4.708333333333333,1,0,0,5,21,4,3,4,0.5898504241221963,0.0013637500815093517,5.584
modular_3sat,69,maat_only,24,113,4.708333333333333,1,0,0,25,95,12,11,5,0.5898504241221963,0.006132999900728464,19.88
modular_3sat,69,mode_a,24,113,4.708333333333333,1,0,0,6,18,4,3,5,0.5898504241221963,0.0015340829268097878,5.872
modular_3sat,69,mode_a_gated,24,113,4.708333333333333,1,0,0,9,22,6,5,6,0.5898504241221963,0.0023611249634996057,8.787999999999998
modular_3sat,69,random,24,113,4.708333333333333,1,0,0,10,27,5,4,9,0.5898504241221963,0.0019402079051360488,8.108
modular_3sat,70,vsids,24,113,4.708333333333333,1,0,0,4,18,4,3,3,0.5348531472991693,0.0011873330222442746,5.272
modular_3sat,70,progress_only,24,113,4.708333333333333,1,0,0,5,20,5,4,4,0.5348531472991693,0.001458417042158544,6.58
modular_3sat,70,maat_only,24,113,4.708333333333333,1,0,0,8,19,4,3,5,0.5348531472991693,0.0019627090077847242,6.476
modular_3sat,70,mode_a,24,113,4.708333333333333,1,0,0,4,13,4,3,3,0.5348531472991693,0.0012496249983087182,5.252
modular_3sat,70,mode_a_gated,24,113,4.708333333333333,1,0,0,4,16,4,3,3,0.5348531472991693,0.0011421249946579337,5.264
modular_3sat,70,random,24,113,4.708333333333333,1,0,0,17,73,12,11,6,0.5348531472991693,0.004391416907310486,17.392000000000003
modular_3sat,71,vsids,24,113,4.708333333333333,1,0,0,13,52,6,5,6,0.5105015870567394,0.003055916982702911,10.108
modular_3sat,71,progress_only,24,113,4.708333333333333,1,0,0,11,52,7,6,5,0.5105015870567394,0.0026309170061722398,10.508000000000001
modular_3sat,71,maat_only,24,113,4.708333333333333,1,0,0,12,70,9,8,6,0.5105015870567394,0.0033738750498741865,12.879999999999999
modular_3sat,71,mode_a,24,113,4.708333333333333,1,0,0,12,54,10,9,6,0.5105015870567394,0.003309749998152256,13.815999999999999
modular_3sat,71,mode_a_gated,24,113,4.708333333333333,1,0,0,10,53,9,8,4,0.5105015870567394,0.002783500007353723,12.212
modular_3sat,71,random,24,113,4.708333333333333,1,0,0,16,86,11,10,5,0.5105015870567394,0.004075791919603944,16.144000000000002
xor3_cnf,72,vsids,15,52,3.466666666666667,1,1,0,3,12,0,0,3,0.7487641349815097,0.0003510840469971299,0.948
xor3_cnf,72,progress_only,15,52,3.466666666666667,1,1,0,3,12,0,0,3,0.7487641349815097,0.0003361250273883343,0.948
xor3_cnf,72,maat_only,15,52,3.466666666666667,1,1,0,5,29,2,2,3,0.7487641349815097,0.0006766669685021043,3.616
xor3_cnf,72,mode_a,15,52,3.466666666666667,1,1,0,4,11,0,0,4,0.7487641349815097,0.0004725829930976033,1.244
xor3_cnf,72,mode_a_gated,15,52,3.466666666666667,1,1,0,4,11,0,0,4,0.7487641349815097,0.00045020796824246645,1.244
xor3_cnf,72,random,15,52,3.466666666666667,1,1,0,7,33,3,3,5,0.7487641349815097,0.0008855839259922504,5.231999999999999
xor3_cnf,73,vsids,15,52,3.466666666666667,1,1,0,3,20,1,1,2,0.7665170518046838,0.00044441595673561096,1.98
xor3_cnf,73,progress_only,15,52,3.466666666666667,1,1,0,3,20,1,1,2,0.7665170518046838,0.00046841695439070463,1.98
xor3_cnf,73,maat_only,15,52,3.466666666666667,1,1,0,3,11,0,0,3,0.7665170518046838,0.00044187495950609446,0.944
xor3_cnf,73,mode_a,15,52,3.466666666666667,1,1,0,3,11,0,0,3,0.7665170518046838,0.0004592080367729068,0.944
xor3_cnf,73,mode_a_gated,15,52,3.466666666666667,1,1,0,3,20,1,1,2,0.7665170518046838,0.00042404106352478266,1.98
xor3_cnf,73,random,15,52,3.466666666666667,1,1,0,3,11,0,0,3,0.7665170518046838,0.00033641711343079805,0.944
xor3_cnf,74,vsids,15,60,4.0,1,0,0,7,63,8,7,3,0.7049996073292357,0.0012693330645561218,10.352
xor3_cnf,74,progress_only,15,60,4.0,1,0,0,7,63,8,7,3,0.7049996073292357,0.0014410410076379776,10.352
xor3_cnf,74,maat_only,15,60,4.0,1,0,0,6,19,4,3,4,0.7049996073292357,0.0008011250756680965,5.8759999999999994
xor3_cnf,74,mode_a,15,60,4.0,1,0,0,4,34,4,3,3,0.7049996073292357,0.0006926670903339982,5.336
xor3_cnf,74,mode_a_gated,15,60,4.0,1,0,0,3,45,4,3,2,0.7049996073292357,0.0007215829100459814,5.08
xor3_cnf,74,random,15,60,4.0,1,0,0,17,93,13,12,5,0.7049996073292357,0.0026552079943940043,18.472
xor3_cnf,75,vsids,15,60,4.0,1,0,0,3,35,4,3,2,0.7585742676867528,0.0005609160289168358,5.04
xor3_cnf,75,progress_only,15,60,4.0,1,0,0,3,35,4,3,2,0.7585742676867528,0.0005944169824942946,5.04
xor3_cnf,75,maat_only,15,60,4.0,1,0,0,7,70,8,7,3,0.7585742676867528,0.0013284169835969806,10.379999999999999
xor3_cnf,75,mode_a,15,60,4.0,1,0,0,7,39,8,7,3,0.7585742676867528,0.001063792034983635,10.256
xor3_cnf,75,mode_a_gated,15,60,4.0,1,0,0,3,35,4,3,2,0.7585742676867528,0.0005880000535398722,5.04
xor3_cnf,75,random,15,60,4.0,1,0,0,10,77,10,9,4,0.7585742676867528,0.0017712910193949938,13.308
xor3_cnf,76,vsids,15,68,4.533333333333333,1,0,0,7,59,8,7,3,0.6507116142664694,0.0013815420679748058,10.336
xor3_cnf,76,progress_only,15,68,4.533333333333333,1,0,0,7,59,8,7,3,0.6507116142664694,0.001300834002904594,10.336
xor3_cnf,76,maat_only,15,68,4.533333333333333,1,0,0,5,47,6,5,2,0.6507116142664694,0.0010791249806061387,7.688
xor3_cnf,76,mode_a,15,68,4.533333333333333,1,0,0,7,53,8,7,3,0.6507116142664694,0.0014541250420734286,10.312
xor3_cnf,76,mode_a_gated,15,68,4.533333333333333,1,0,0,7,51,8,7,3,0.6507116142664694,0.0012101249303668737,10.304
xor3_cnf,76,random,15,68,4.533333333333333,1,0,0,7,59,8,7,3,0.6507116142664694,0.0014115410158410668,10.336
xor3_cnf,77,vsids,15,68,4.533333333333333,1,0,0,3,47,4,3,2,0.8024441238045684,0.0007194590289145708,5.088
xor3_cnf,77,progress_only,15,68,4.533333333333333,1,0,0,3,47,4,3,2,0.8024441238045684,0.000726875034160912,5.088
xor3_cnf,77,maat_only,15,68,4.533333333333333,1,0,0,10,87,10,9,4,0.8024441238045684,0.0020557920215651393,13.348
xor3_cnf,77,mode_a,15,68,4.533333333333333,1,0,0,3,37,4,3,2,0.8024441238045684,0.0006165000377222896,5.048
xor3_cnf,77,mode_a_gated,15,68,4.533333333333333,1,0,0,3,39,4,3,2,0.8024441238045684,0.0007173750782385468,5.056
xor3_cnf,77,random,15,68,4.533333333333333,1,0,0,16,115,15,14,5,0.8024441238045684,0.0028822090243920684,20.26
xor3_cnf,78,vsids,18,60,3.3333333333333335,1,1,0,4,13,0,0,4,0.721298368323766,0.0005642080213874578,1.252
xor3_cnf,78,progress_only,18,60,3.3333333333333335,1,1,0,4,13,0,0,4,0.721298368323766,0.0005672919796779752,1.252
xor3_cnf,78,maat_only,18,60,3.3333333333333335,1,1,0,4,23,1,1,4,0.721298368323766,0.0007158330408856273,2.2920000000000003
xor3_cnf,78,mode_a,18,60,3.3333333333333335,1,1,0,4,13,0,0,4,0.721298368323766,0.0005917500238865614,1.252
xor3_cnf,78,mode_a_gated,18,60,3.3333333333333335,1,1,0,4,13,0,0,4,0.721298368323766,0.0005347500555217266,1.252
xor3_cnf,78,random,18,60,3.3333333333333335,1,1,0,5,21,1,1,5,0.721298368323766,0.0006804999429732561,2.584
xor3_cnf,79,vsids,18,60,3.3333333333333335,1,1,0,4,12,0,0,4,0.7411248477268074,0.00050716707482934,1.248
xor3_cnf,79,progress_only,18,60,3.3333333333333335,1,1,0,4,12,0,0,4,0.7411248477268074,0.0004885420203208923,1.248
xor3_cnf,79,maat_only,18,60,3.3333333333333335,1,1,0,5,20,1,1,5,0.7411248477268074,0.0008777909679338336,2.58
xor3_cnf,79,mode_a,18,60,3.3333333333333335,1,1,0,4,12,0,0,4,0.7411248477268074,0.0004924170207232237,1.248
xor3_cnf,79,mode_a_gated,18,60,3.3333333333333335,1,1,0,3,13,0,0,3,0.7411248477268074,0.00043991708662360907,0.952
xor3_cnf,79,random,18,60,3.3333333333333335,1,1,0,8,45,3,3,5,0.7411248477268074,0.0013264589942991734,5.58
xor3_cnf,80,vsids,18,72,4.0,1,1,0,2,24,1,1,2,0.7722962133081016,0.00046870799269527197,1.6960000000000002
xor3_cnf,80,progress_only,18,72,4.0,1,1,0,2,24,1,1,2,0.7722962133081016,0.0005015409551560879,1.6960000000000002
xor3_cnf,80,maat_only,18,72,4.0,1,1,0,2,24,1,1,2,0.7722962133081016,0.0004849169636145234,1.6960000000000002
xor3_cnf,80,mode_a,18,72,4.0,1,1,0,2,24,1,1,2,0.7722962133081016,0.00047308404464274645,1.6960000000000002
xor3_cnf,80,mode_a_gated,18,72,4.0,1,1,0,2,30,1,1,2,0.7722962133081016,0.0004855409497395158,1.7200000000000002
xor3_cnf,80,random,18,72,4.0,1,1,0,5,33,2,2,4,0.7722962133081016,0.0009756670333445072,3.632
xor3_cnf,81,vsids,18,72,4.0,1,0,0,7,67,8,7,3,0.7474011730054989,0.001366542070172727,10.368
xor3_cnf,81,progress_only,18,72,4.0,1,0,0,7,67,8,7,3,0.7474011730054989,0.0015211249701678753,10.368
xor3_cnf,81,maat_only,18,72,4.0,1,0,0,5,54,6,5,3,0.7474011730054989,0.00122337497305125,7.716
xor3_cnf,81,mode_a,18,72,4.0,1,0,0,3,47,4,3,2,0.7474011730054989,0.0007393340347334743,5.088
xor3_cnf,81,mode_a_gated,18,72,4.0,1,0,0,3,47,4,3,2,0.7474011730054989,0.0008043328998610377,5.088
xor3_cnf,81,random,18,72,4.0,1,0,0,3,46,4,3,2,0.7474011730054989,0.0007700829301029444,5.0840000000000005
xor3_cnf,82,vsids,18,84,4.666666666666667,1,0,0,3,51,4,3,2,0.7280344567186341,0.0009014169918373227,5.104
xor3_cnf,82,progress_only,18,84,4.666666666666667,1,0,0,3,51,4,3,2,0.7280344567186341,0.000879958039149642,5.104
xor3_cnf,82,maat_only,18,84,4.666666666666667,1,0,0,9,86,10,9,3,0.7280344567186341,0.0024091670056805015,13.043999999999999
xor3_cnf,82,mode_a,18,84,4.666666666666667,1,0,0,3,45,4,3,2,0.7280344567186341,0.0008934169309213758,5.08
xor3_cnf,82,mode_a_gated,18,84,4.666666666666667,1,0,0,7,51,8,7,3,0.7280344567186341,0.0014397919876500964,10.304
xor3_cnf,82,random,18,84,4.666666666666667,1,0,0,11,91,9,8,4,0.7280344567186341,0.002312290947884321,12.664000000000001
xor3_cnf,83,vsids,18,84,4.666666666666667,1,0,0,5,75,6,5,3,0.7610727701500638,0.0012488749343901873,7.8
xor3_cnf,83,progress_only,18,84,4.666666666666667,1,0,0,5,75,6,5,3,0.7610727701500638,0.001237874967046082,7.8
xor3_cnf,83,maat_only,18,84,4.666666666666667,1,0,0,9,95,10,9,3,0.7610727701500638,0.0022042919881641865,13.08
xor3_cnf,83,mode_a,18,84,4.666666666666667,1,0,0,6,77,7,6,3,0.7610727701500638,0.0013935830211266875,9.108
xor3_cnf,83,mode_a_gated,18,84,4.666666666666667,1,0,0,5,64,6,5,3,0.7610727701500638,0.0013575829798355699,7.756
xor3_cnf,83,random,18,84,4.666666666666667,1,0,0,6,59,7,6,3,0.7610727701500638,0.001474292017519474,9.036000000000001
xor3_cnf,84,vsids,21,72,3.4285714285714284,1,1,0,6,50,3,3,4,0.7445242826475672,0.0010885410010814667,5.0
xor3_cnf,84,progress_only,21,72,3.4285714285714284,1,1,0,6,50,3,3,4,0.7445242826475672,0.0010777499992400408,5.0
xor3_cnf,84,maat_only,21,72,3.4285714285714284,1,1,0,10,60,6,6,4,0.7445242826475672,0.001910500111989677,9.24
xor3_cnf,84,mode_a,21,72,3.4285714285714284,1,1,0,5,30,2,2,3,0.7445242826475672,0.0009226249530911446,3.62
xor3_cnf,84,mode_a_gated,21,72,3.4285714285714284,1,1,0,4,23,1,1,3,0.7445242826475672,0.0006925830384716392,2.2920000000000003
xor3_cnf,84,random,21,72,3.4285714285714284,1,1,0,20,101,12,12,7,0.7445242826475672,0.0031913750572130084,18.404
xor3_cnf,85,vsids,21,72,3.4285714285714284,1,1,0,3,25,1,1,3,0.7917896450565735,0.0005848329747095704,2.0
xor3_cnf,85,progress_only,21,72,3.4285714285714284,1,1,0,3,25,1,1,3,0.7917896450565735,0.0005794169846922159,2.0
xor3_cnf,85,maat_only,21,72,3.4285714285714284,1,1,0,13,62,8,8,5,0.7917896450565735,0.002560499939136207,12.148
xor3_cnf,85,mode_a,21,72,3.4285714285714284,1,1,0,3,16,0,0,3,0.7917896450565735,0.0005855419440194964,0.964
xor3_cnf,85,mode_a_gated,21,72,3.4285714285714284,1,1,0,4,48,2,2,3,0.7917896450565735,0.0009246250847354531,3.3920000000000003
xor3_cnf,85,random,21,72,3.4285714285714284,1,1,0,4,15,0,0,4,0.7917896450565735,0.0007387090008705854,1.26
xor3_cnf,86,vsids,21,84,4.0,1,1,0,4,43,2,2,3,0.7488848799740426,0.0010550420265644789,3.3720000000000003
xor3_cnf,86,progress_only,21,84,4.0,1,1,0,4,43,2,2,3,0.7488848799740426,0.0009482500609010458,3.3720000000000003
xor3_cnf,86,maat_only,21,84,4.0,1,1,0,7,40,2,2,4,0.7488848799740426,0.0014787920517846942,4.26
xor3_cnf,86,mode_a,21,84,4.0,1,1,0,4,43,2,2,3,0.7488848799740426,0.0011440420057624578,3.3720000000000003
xor3_cnf,86,mode_a_gated,21,84,4.0,1,1,0,3,17,0,0,3,0.7488848799740426,0.000561791006475687,0.968
xor3_cnf,86,random,21,84,4.0,1,1,0,22,194,15,15,8,0.7488848799740426,0.004825833020731807,22.376
xor3_cnf,87,vsids,21,84,4.0,1,1,0,7,59,4,4,4,0.6849131716858154,0.0015600830083712935,6.335999999999999
xor3_cnf,87,progress_only,21,84,4.0,1,1,0,8,82,7,7,4,0.6849131716858154,0.001975041930563748,9.728
xor3_cnf,87,maat_only,21,84,4.0,1,1,0,8,86,6,6,4,0.6849131716858154,0.0019862910266965628,8.744
xor3_cnf,87,mode_a,21,84,4.0,1,1,0,5,69,5,5,3,0.6849131716858154,0.0015714999753981829,6.776
xor3_cnf,87,mode_a_gated,21,84,4.0,1,1,0,5,59,5,5,2,0.6849131716858154,0.0015804999275133014,6.736
xor3_cnf,87,random,21,84,4.0,1,1,0,31,313,28,28,6,0.6849131716858154,0.007478665909729898,38.552
xor3_cnf,88,vsids,21,96,4.571428571428571,1,0,0,5,59,6,5,3,0.7803652358338767,0.00137795798946172,7.736
xor3_cnf,88,progress_only,21,96,4.571428571428571,1,0,0,5,63,6,5,3,0.7803652358338767,0.0014042500406503677,7.752
xor3_cnf,88,maat_only,21,96,4.571428571428571,1,0,0,3,49,4,3,2,0.7803652358338767,0.0010882500791922212,5.096
xor3_cnf,88,mode_a,21,96,4.571428571428571,1,0,0,5,63,6,5,3,0.7803652358338767,0.0013376669958233833,7.752
xor3_cnf,88,mode_a_gated,21,96,4.571428571428571,1,0,0,5,63,6,5,3,0.7803652358338767,0.0013867920497432351,7.752
xor3_cnf,88,random,21,96,4.571428571428571,1,0,0,9,107,10,9,3,0.7803652358338767,0.0024234160082414746,13.128
xor3_cnf,89,vsids,21,96,4.571428571428571,1,0,0,3,49,4,3,2,0.7725956568296353,0.0009730840101838112,5.096
xor3_cnf,89,progress_only,21,96,4.571428571428571,1,0,0,3,49,4,3,2,0.7725956568296353,0.001160333980806172,5.096
xor3_cnf,89,maat_only,21,96,4.571428571428571,1,0,0,16,163,15,14,4,0.7725956568296353,0.004142791964113712,20.452
xor3_cnf,89,mode_a,21,96,4.571428571428571,1,0,0,7,87,8,7,3,0.7725956568296353,0.0019421250326558948,10.448
xor3_cnf,89,mode_a_gated,21,96,4.571428571428571,1,0,0,3,45,4,3,2,0.7725956568296353,0.0009406671160832047,5.08
xor3_cnf,89,random,21,96,4.571428571428571,1,0,0,9,108,10,9,3,0.7725956568296353,0.0027030420023947954,13.132
graph_coloring,90,vsids,24,53,2.2083333333333335,1,1,0,11,13,0,0,11,0.5765412381135498,0.0008530420018360019,3.352
graph_coloring,90,progress_only,24,53,2.2083333333333335,1,1,0,11,13,0,0,11,0.5765412381135498,0.0008506670128554106,3.352
graph_coloring,90,maat_only,24,53,2.2083333333333335,1,1,0,13,11,0,0,13,0.5765412381135498,0.0011393340537324548,3.944
graph_coloring,90,mode_a,24,53,2.2083333333333335,1,1,0,12,12,0,0,12,0.5765412381135498,0.0009011670481413603,3.6479999999999997
graph_coloring,90,mode_a_gated,24,53,2.2083333333333335,1,1,0,10,14,0,0,10,0.5765412381135498,0.0007667499594390392,3.056
graph_coloring,90,random,24,53,2.2083333333333335,1,1,0,10,14,0,0,10,0.5765412381135498,0.000926207983866334,3.056
graph_coloring,91,vsids,24,65,2.7083333333333335,1,1,0,8,16,0,0,8,0.6273572270346571,0.0011127920588478446,2.464
graph_coloring,91,progress_only,24,65,2.7083333333333335,1,1,0,8,16,0,0,8,0.6273572270346571,0.0007418330060318112,2.464
graph_coloring,91,maat_only,24,65,2.7083333333333335,1,1,0,7,17,0,0,7,0.6273572270346571,0.0007061250507831573,2.168
graph_coloring,91,mode_a,24,65,2.7083333333333335,1,1,0,8,16,0,0,8,0.6273572270346571,0.0008239588933065534,2.464
graph_coloring,91,mode_a_gated,24,65,2.7083333333333335,1,1,0,7,17,0,0,7,0.6273572270346571,0.0006852910155430436,2.168
graph_coloring,91,random,24,65,2.7083333333333335,1,1,0,8,16,0,0,8,0.6273572270346571,0.0008069169707596302,2.464
graph_coloring,92,vsids,30,91,3.033333333333333,1,1,0,7,23,0,0,7,0.17632154398196584,0.0011512089986354113,2.192
graph_coloring,92,progress_only,30,91,3.033333333333333,1,1,0,7,23,0,0,7,0.17632154398196584,0.001120291999541223,2.192
graph_coloring,92,maat_only,30,91,3.033333333333333,1,1,0,6,24,0,0,6,0.17632154398196584,0.0010900420602411032,1.896
graph_coloring,92,mode_a,30,91,3.033333333333333,1,1,0,10,20,0,0,10,0.17632154398196584,0.0015776250511407852,3.08
graph_coloring,92,mode_a_gated,30,91,3.033333333333333,1,1,0,5,25,0,0,5,0.17632154398196584,0.0008655830752104521,1.6
graph_coloring,92,random,30,91,3.033333333333333,1,1,0,8,22,0,0,8,0.17632154398196584,0.0012057499261572957,2.488
graph_coloring,93,vsids,30,115,3.8333333333333335,1,0,0,7,136,7,6,4,0.5386604612112644,0.001993790967389941,9.644
graph_coloring,93,progress_only,30,115,3.8333333333333335,1,0,0,7,136,7,6,4,0.5386604612112644,0.001832250040024519,9.644
graph_coloring,93,maat_only,30,115,3.8333333333333335,1,0,0,12,149,8,7,4,0.5386604612112644,0.002943999948911369,12.196
graph_coloring,93,mode_a,30,115,3.8333333333333335,1,0,0,5,113,6,5,4,0.5386604612112644,0.0015283749671652913,7.952
graph_coloring,93,mode_a_gated,30,115,3.8333333333333335,1,0,0,6,155,7,6,4,0.5386604612112644,0.0018422079738229513,9.42
graph_coloring,93,random,30,115,3.8333333333333335,1,0,0,10,150,9,8,4,0.5386604612112644,0.0023635829566046596,12.6
graph_coloring,94,vsids,36,120,3.3333333333333335,1,1,0,10,26,0,0,10,0.3600245144712873,0.0018282500095665455,3.104
graph_coloring,94,progress_only,36,120,3.3333333333333335,1,1,0,10,26,0,0,10,0.3600245144712873,0.0016740000573918223,3.104
graph_coloring,94,maat_only,36,120,3.3333333333333335,1,1,0,9,27,0,0,9,0.3600245144712873,0.0018888750346377492,2.808
graph_coloring,94,mode_a,36,120,3.3333333333333335,1,1,0,12,48,1,1,10,0.3600245144712873,0.002146832994185388,4.792
graph_coloring,94,mode_a_gated,36,120,3.3333333333333335,1,1,0,7,29,0,0,7,0.3600245144712873,0.0012186249950900674,2.216
graph_coloring,94,random,36,120,3.3333333333333335,1,1,0,10,26,0,0,10,0.3600245144712873,0.0017451249295845628,3.104
graph_coloring,95,vsids,36,135,3.75,1,0,0,5,122,6,5,4,0.5050424995258423,0.0017545829759910703,7.9879999999999995
graph_coloring,95,progress_only,36,135,3.75,1,0,0,5,122,6,5,4,0.5050424995258423,0.0017297909362241626,7.9879999999999995
graph_coloring,95,maat_only,36,135,3.75,1,0,0,6,120,6,5,5,0.5050424995258423,0.0019751250511035323,8.28
graph_coloring,95,mode_a,36,135,3.75,1,0,0,5,110,6,5,4,0.5050424995258423,0.001827874919399619,7.94
graph_coloring,95,mode_a_gated,36,135,3.75,1,0,0,6,129,6,5,3,0.5050424995258423,0.0020913330372422934,8.315999999999999
graph_coloring,95,random,36,135,3.75,1,0,0,18,257,12,11,9,0.5050424995258423,0.00556045793928206,18.427999999999997
pigeonhole,96,vsids,20,45,2.25,1,0,0,36,310,30,29,7,0.0,0.004772208980284631,42.04
pigeonhole,96,progress_only,20,45,2.25,1,0,0,41,313,31,30,9,0.0,0.0051339579513296485,44.552
pigeonhole,96,maat_only,20,45,2.25,1,0,0,35,353,31,30,11,0.0,0.005292457994073629,42.912
pigeonhole,96,mode_a,20,45,2.25,1,0,0,32,323,28,27,12,0.0,0.00474624999333173,38.892
pigeonhole,96,mode_a_gated,20,45,2.25,1,0,0,26,293,25,24,9,0.0,0.003925208002328873,33.971999999999994
pigeonhole,96,random,20,45,2.25,1,0,0,29,288,26,25,8,0.0,0.004095125012099743,35.852000000000004
pigeonhole,97,vsids,30,81,2.7,1,0,0,116,1225,93,92,11,0.0,0.031856624991633,132.7
pigeonhole,97,progress_only,30,81,2.7,1,0,0,127,1376,104,103,11,0.0,0.035186959081329405,147.60399999999998
pigeonhole,97,maat_only,30,81,2.7,1,0,0,151,1951,139,138,20,0.0,0.050395207945257425,192.104
pigeonhole,97,mode_a,30,81,2.7,1,0,0,152,1905,136,135,16,0.0,0.0512223340338096,189.22
pigeonhole,97,mode_a_gated,30,81,2.7,1,0,0,156,1608,122,121,16,0.0,0.04408941604197025,175.232
pigeonhole,97,random,30,81,2.7,1,0,0,212,2003,147,146,16,0.0,0.06312554201576859,218.612
pigeonhole,98,vsids,42,133,3.1666666666666665,1,0,0,370,4601,303,302,16,0.0,0.24462770903483033,432.404
pigeonhole,98,progress_only,42,133,3.1666666666666665,1,0,0,401,5138,332,331,16,0.0,0.2771587090101093,472.85200000000003
pigeonhole,98,maat_only,42,133,3.1666666666666665,1,0,0,1063,14243,917,916,29,0.0,1.452192208962515,1292.872
pigeonhole,98,mode_a,42,133,3.1666666666666665,1,0,0,887,13303,811,810,29,0.0,1.0589193330379203,1130.312
pigeonhole,98,mode_a_gated,42,133,3.1666666666666665,1,0,0,926,12040,761,760,24,0.0,1.047914333990775,1086.96
pigeonhole,98,random,42,133,3.1666666666666665,1,0,0,1341,14082,946,945,27,0.0,1.5898612079909071,1404.628
