family,policy,mean_total_cost,activation_rate,solve_rate,timeouts
satlib_dimacs_aim,Paper68_hard_threshold_0_5,66.29420998969512,0.5395672410425643,1.0,0
satlib_dimacs_aim,closure_BSV,34.93066657433167,0.054724829075108686,1.0,0
satlib_dimacs_aim,closure_HBS,55.726736737464755,0.21174958077125247,1.0,0
satlib_dimacs_aim,closure_HBV,42.27259192343169,0.14198768186152255,1.0,0
satlib_dimacs_aim,closure_HSV,44.956650181363926,0.13154549171162072,1.0,0
satlib_dimacs_aim,jeroslow_wang,39.9645,0.0,1.0,0
satlib_dimacs_aim,moms,36.4055,0.0,1.0,0
satlib_dimacs_aim,random_activation_matched_q,43.3268326945269,0.24421932673207655,1.0,0
satlib_dimacs_aim,score_with_R_Paper69,69.92325,1.0,1.0,0
satlib_dimacs_aim,state_Mode_A_always,87.82808241282335,1.0,1.0,0
satlib_dimacs_aim,state_gate_response_only_0_5z_t,46.38390767756288,0.19116630849993177,1.0,0
satlib_dimacs_aim,state_gate_value_only_z_R,54.34016149992659,0.21034769648454993,1.0,0
satlib_dimacs_aim,state_v18_gate_signal_shuffled,43.51484452427305,0.14572105103581987,1.0,0
satlib_dimacs_aim,state_v18_primary,43.81604977138181,0.13556024445431614,1.0,0
satlib_dimacs_aim,static_gate_v17_Paper69,68.93675,1.0,1.0,0
satlib_dimacs_aim,vsids,76.741,0.0,1.0,0
satlib_dimacs_dubois,Paper68_hard_threshold_0_5,491.7798770480498,0.2680413016098276,1.0,0
satlib_dimacs_dubois,closure_BSV,328.73781831901795,0.11797624575942599,1.0,0
satlib_dimacs_dubois,closure_HBS,364.9044516753159,0.16339426170045143,1.0,0
satlib_dimacs_dubois,closure_HBV,322.92961511344424,0.1947283561749054,1.0,0
satlib_dimacs_dubois,closure_HSV,441.4719890456656,0.159716175853171,1.0,0
satlib_dimacs_dubois,jeroslow_wang,584.3385454545455,0.0,1.0,0
satlib_dimacs_dubois,moms,88.27745454545455,0.0,1.0,0
satlib_dimacs_dubois,random_activation_matched_q,435.9561534420108,0.2545631464117197,1.0,0
satlib_dimacs_dubois,score_with_R_Paper69,534.4065454545454,1.0,1.0,0
satlib_dimacs_dubois,state_Mode_A_always,653.1520971879607,1.0,1.0,0
satlib_dimacs_dubois,state_gate_response_only_0_5z_t,385.52413760820434,0.28229743116624173,1.0,0
satlib_dimacs_dubois,state_gate_value_only_z_R,383.72391789152516,0.14453715036414183,1.0,0
satlib_dimacs_dubois,state_v18_gate_signal_shuffled,530.4467566574344,0.7734760112025433,1.0,0
satlib_dimacs_dubois,state_v18_primary,436.93983644742207,0.14182342274907542,1.0,0
satlib_dimacs_dubois,static_gate_v17_Paper69,475.9785454545454,1.0,1.0,0
satlib_dimacs_dubois,vsids,497.12836363636364,0.0,1.0,0
satlib_dimacs_pigeonhole,Paper68_hard_threshold_0_5,9673.235407299188,0.3764841964929732,0.25,3
satlib_dimacs_pigeonhole,closure_BSV,9521.994885087068,0.16036196748235226,0.25,3
satlib_dimacs_pigeonhole,closure_HBS,9507.82187162503,0.1345518847494751,0.25,3
satlib_dimacs_pigeonhole,closure_HBV,9519.899877300499,0.19527919439400585,0.25,3
satlib_dimacs_pigeonhole,closure_HSV,9501.13294695642,0.16880529084440213,0.25,3
satlib_dimacs_pigeonhole,jeroslow_wang,6146.536,0.0,0.25,3
satlib_dimacs_pigeonhole,moms,6001.054,0.0,0.25,3
satlib_dimacs_pigeonhole,random_activation_matched_q,9632.6954794655,0.25131438831159014,0.25,3
satlib_dimacs_pigeonhole,score_with_R_Paper69,6193.807,1.0,0.25,3
satlib_dimacs_pigeonhole,state_Mode_A_always,9505.440043080482,1.0,0.25,3
satlib_dimacs_pigeonhole,state_gate_response_only_0_5z_t,9580.141817479394,0.360124866635043,0.25,3
satlib_dimacs_pigeonhole,state_gate_value_only_z_R,9484.017820495857,0.03313582728003511,0.25,3
satlib_dimacs_pigeonhole,state_v18_gate_signal_shuffled,9651.386411502792,0.14936902272050237,0.25,3
satlib_dimacs_pigeonhole,state_v18_primary,9488.473943817757,0.15368015163181592,0.25,3
satlib_dimacs_pigeonhole,static_gate_v17_Paper69,6294.428,1.0,0.25,3
satlib_dimacs_pigeonhole,vsids,4212.34,0.0,0.5,2
satlib_graph_coloring_flat30,Paper68_hard_threshold_0_5,7.245728149644655,0.17041379995133865,1.0,0
satlib_graph_coloring_flat30,closure_BSV,7.426588345969348,0.13750598601604794,1.0,0
satlib_graph_coloring_flat30,closure_HBS,7.498100644002898,0.14118245660428322,1.0,0
satlib_graph_coloring_flat30,closure_HBV,7.456230510142323,0.1868846646129928,1.0,0
satlib_graph_coloring_flat30,closure_HSV,7.459792824984458,0.13750598601604794,1.0,0
satlib_graph_coloring_flat30,jeroslow_wang,8.35925,0.0,1.0,0
satlib_graph_coloring_flat30,moms,6.04375,0.0,1.0,0
satlib_graph_coloring_flat30,random_activation_matched_q,7.171474295120061,0.1831940271738066,1.0,0
satlib_graph_coloring_flat30,score_with_R_Paper69,8.6205,1.0,1.0,0
satlib_graph_coloring_flat30,state_Mode_A_always,11.028884127714228,1.0,1.0,0
satlib_graph_coloring_flat30,state_gate_response_only_0_5z_t,7.292648144518985,0.3018355161350517,1.0,0
satlib_graph_coloring_flat30,state_gate_value_only_z_R,7.344304773047656,0.08926060394713645,1.0,0
satlib_graph_coloring_flat30,state_v18_gate_signal_shuffled,7.390367018440335,0.08539155632808884,1.0,0
satlib_graph_coloring_flat30,state_v18_primary,7.448510071408394,0.13750598601604794,1.0,0
satlib_graph_coloring_flat30,static_gate_v17_Paper69,7.09825,1.0,1.0,0
satlib_graph_coloring_flat30,vsids,4.538,0.0,1.0,0
satlib_random_3sat_uf20,Paper68_hard_threshold_0_5,5.106266994503448,0.559323489010989,1.0,0
satlib_random_3sat_uf20,closure_BSV,3.591972858478799,0.12896825396825395,1.0,0
satlib_random_3sat_uf20,closure_HBS,3.416710836277623,0.10500992063492064,1.0,0
satlib_random_3sat_uf20,closure_HBV,3.8575008757607927,0.10302579365079365,1.0,0
satlib_random_3sat_uf20,closure_HSV,3.5667033163691393,0.11282242063492064,1.0,0
satlib_random_3sat_uf20,jeroslow_wang,3.35475,0.0,1.0,0
satlib_random_3sat_uf20,moms,3.00825,0.0,1.0,0
satlib_random_3sat_uf20,random_activation_matched_q,3.147837140385097,0.22157738095238094,1.0,0
satlib_random_3sat_uf20,score_with_R_Paper69,5.363,1.0,1.0,0
satlib_random_3sat_uf20,state_Mode_A_always,6.083773501177105,1.0,1.0,0
satlib_random_3sat_uf20,state_gate_response_only_0_5z_t,3.668517749420087,0.1730654761904762,1.0,0
satlib_random_3sat_uf20,state_gate_value_only_z_R,4.0774750005837985,0.2170138888888889,1.0,0
satlib_random_3sat_uf20,state_v18_gate_signal_shuffled,3.6209963927754294,0.11837797619047619,1.0,0
satlib_random_3sat_uf20,state_v18_primary,3.5754314499777253,0.11282242063492064,1.0,0
satlib_random_3sat_uf20,static_gate_v17_Paper69,5.0445,1.0,1.0,0
satlib_random_3sat_uf20,vsids,7.1275,0.0,1.0,0
satlib_random_3sat_uuf50,Paper68_hard_threshold_0_5,57.379554193626625,0.3416636850344952,1.0,0
satlib_random_3sat_uuf50,closure_BSV,49.850810509307344,0.06477762847374917,1.0,0
satlib_random_3sat_uuf50,closure_HBS,49.41581703144105,0.06993335237947307,1.0,0
satlib_random_3sat_uuf50,closure_HBV,49.96630198498278,0.13078586667563893,1.0,0
satlib_random_3sat_uuf50,closure_HSV,48.96796375828911,0.0668592063700592,1.0,0
satlib_random_3sat_uuf50,jeroslow_wang,45.056,0.0,1.0,0
satlib_random_3sat_uuf50,moms,37.51825,0.0,1.0,0
satlib_random_3sat_uuf50,random_activation_matched_q,51.566120772052145,0.224909348514734,1.0,0
satlib_random_3sat_uuf50,score_with_R_Paper69,80.551,1.0,1.0,0
satlib_random_3sat_uuf50,state_Mode_A_always,98.9934607743383,1.0,1.0,0
satlib_random_3sat_uuf50,state_gate_response_only_0_5z_t,52.69417268898854,0.2605870991147126,1.0,0
satlib_random_3sat_uuf50,state_gate_value_only_z_R,45.66077382619875,0.0,1.0,0
satlib_random_3sat_uuf50,state_v18_gate_signal_shuffled,47.16953569394298,0.05614347019313557,1.0,0
satlib_random_3sat_uuf50,state_v18_primary,49.8269479112866,0.07209244328856398,1.0,0
satlib_random_3sat_uuf50,static_gate_v17_Paper69,75.40875,1.0,1.0,0
satlib_random_3sat_uuf50,vsids,56.741749999999996,0.0,1.0,0
