feature_set,held_out_family,n_test,r2,rmse,spearman
density_only,graph_coloring,72,-3.7168160547092866,1.6903610418485486,0.16493221252609888
density_only,modular_3sat,72,0.01819948369848079,0.5019589174398091,0.3825494533948078
density_only,pigeonhole,5,-5.381888247756302,6.162880916611123,0.7999999999999999
density_only,planted_3sat,96,-0.30991841030283784,0.8430336650196638,0.3126843108045975
density_only,random_3sat,96,-0.07953735259268413,0.8943907980507565,0.33375384382012435
density_only,xor3_cnf,54,-0.08571102803213249,0.5974471764569792,0.019557818901381658
density_only,ALL_LFO,395,-0.5270931656007969,1.2097393056791585,0.0019007800999171647
macro_scalar,graph_coloring,72,-2.0276518439412987,1.354278461467715,-0.11471205412522963
macro_scalar,modular_3sat,72,-0.11484935320985978,0.5348901975428461,0.20830921602675417
macro_scalar,pigeonhole,5,-5.129659661772003,6.039866777835486,0.9999999999999999
macro_scalar,planted_3sat,96,-0.2852267747148105,0.8350503780548314,0.3280678789269634
macro_scalar,random_3sat,96,-0.07507352969860115,0.8925397561427543,0.3124128879999245
macro_scalar,xor3_cnf,54,-0.0411288542418935,0.5850522175737121,0.34305971151097153
macro_scalar,ALL_LFO,395,-0.3128077128853639,1.1216557437010575,0.12429702721812759
mean_projection,graph_coloring,72,-15.497106224613933,3.1612503486790944,0.3121406751463404
mean_projection,modular_3sat,72,-0.4489110015999982,0.6097859322015843,0.14245284626092675
mean_projection,pigeonhole,5,-3.642330476355971,5.256264429238335,0.22360679774997894
mean_projection,planted_3sat,96,-0.12597683233584478,0.7816053476340004,0.26892084418618906
mean_projection,random_3sat,96,-0.15578464931158287,0.925437186181538,0.3331422788748323
mean_projection,xor3_cnf,54,-1.3840572771979724,0.8853209288293372,0.0
mean_projection,ALL_LFO,395,-1.8203823325282706,1.6440424140491248,-0.07985415666626589
tail_projection,graph_coloring,72,-0.48850427549259257,0.949576696434026,0.05135543624226549
tail_projection,modular_3sat,72,-0.6823249265419002,0.6570697683132419,0.2460286835166249
tail_projection,pigeonhole,5,-4.888290462327426,5.919755791594969,-0.8999999999999998
tail_projection,planted_3sat,96,-0.033336885179668485,0.7487619397135372,0.30025298598754896
tail_projection,random_3sat,96,-0.08088664708853432,0.8949495650656919,0.3630031300995171
tail_projection,xor3_cnf,54,-0.4333901175750161,0.6864747875820232,-0.19360003052935826
tail_projection,ALL_LFO,395,-0.12902371080009734,1.0401849267578673,0.1607013851500923
cluster_projection,graph_coloring,72,-1.711790949797365,1.2816903319121098,-0.13865474603474623
cluster_projection,modular_3sat,72,-0.11161230333234773,0.5341130858494838,0.13759160519647637
cluster_projection,pigeonhole,5,-4.84813282861029,5.899535144569409,-0.3
cluster_projection,planted_3sat,96,-0.14886312742270102,0.7895087366825946,0.2269343264258815
cluster_projection,random_3sat,96,-0.1334652744787408,0.9164580601026344,0.3220970077349614
cluster_projection,xor3_cnf,54,-0.05597245783899374,0.5892080665059418,0.17708249009810703
cluster_projection,ALL_LFO,395,-0.247031878172026,1.0931954176705385,-0.03181342426459042
scale_projection,graph_coloring,72,-19.362684674810346,3.5121456897378756,-0.05846564838215918
scale_projection,modular_3sat,72,-0.43463824474825374,0.6067750964871664,-0.12878641713293462
scale_projection,pigeonhole,5,-5.292214619442877,6.11942959136335,-0.8999999999999998
scale_projection,planted_3sat,96,-0.47432564698240065,0.894374699064648,0.17826355306672279
scale_projection,random_3sat,96,-0.22866688394854728,0.9541695696245124,0.1681231962950399
scale_projection,xor3_cnf,54,-0.3769965224755154,0.6728353645901751,0.16802456710518496
scale_projection,ALL_LFO,395,-2.4091699524923578,1.807520996406691,-0.19298690348653683
standard_graph,graph_coloring,72,-21.25952401275462,3.6720868262524444,0.24723834641648684
standard_graph,modular_3sat,72,0.18283207157852266,0.45794382010614243,0.4362981542221366
standard_graph,pigeonhole,5,-4.969154617136119,5.960265320837132,0.9999999999999999
standard_graph,planted_3sat,96,-0.3784279181411365,0.8647982956122622,0.3150591091981663
standard_graph,random_3sat,96,0.009409655536605,0.8567527965282346,0.48747452345140396
standard_graph,xor3_cnf,54,0.06029267595423471,0.5558257904513558,0.4066478615537089
standard_graph,ALL_LFO,395,-2.493745033373144,1.829804236312504,-0.011770464789334925
mean_tail,graph_coloring,72,-1.7797123928629115,1.2976421280389436,0.13255297945561575
mean_tail,modular_3sat,72,-0.8904173068941874,0.6965228818604404,0.10701652839410897
mean_tail,pigeonhole,5,-3.7699458631965452,5.328020701259721,0.09999999999999999
mean_tail,planted_3sat,96,-0.017007473186646305,0.7428221867481601,0.3480151113421836
mean_tail,random_3sat,96,-0.13625304963313867,0.9175843892701078,0.3131318269545507
mean_tail,xor3_cnf,54,-0.29320435458129124,0.6520425956235636,-0.19817416001617122
mean_tail,ALL_LFO,395,-0.20162493473618093,1.0731081436368406,0.043678368053306854
tail_cluster,graph_coloring,72,-0.49329321196585063,0.9511029973007378,-0.00974370518560203
tail_cluster,modular_3sat,72,-0.6646176846265408,0.6536026404723557,0.22847128432696637
tail_cluster,pigeonhole,5,-4.897628254593432,5.924447777535875,-0.8999999999999998
tail_cluster,planted_3sat,96,-0.0379221234668472,0.7504213461409935,0.3593011347148209
tail_cluster,random_3sat,96,-0.09390658184789635,0.9003235352839184,0.3644545728947059
tail_cluster,xor3_cnf,54,-0.4265096146745586,0.6848252109964589,-0.271665173770966
tail_cluster,ALL_LFO,395,-0.1322001163170421,1.041647131874243,0.14571641767603835
tail_scale,graph_coloring,72,-6.750592997243251,2.1668181795377723,-0.17546708694797847
tail_scale,modular_3sat,72,-0.24578555000979274,0.5654291451196307,0.2394366197183099
tail_scale,pigeonhole,5,-4.830608460189958,5.8906893131415705,-0.9999999999999999
tail_scale,planted_3sat,96,-0.23745183538043646,0.8193829953650765,0.3358066725977441
tail_scale,random_3sat,96,-0.08299433330859918,0.8958216982477822,0.3218811783834922
tail_scale,xor3_cnf,54,-0.28778812024072975,0.6506757114757329,-0.07634984468405288
tail_scale,ALL_LFO,395,-0.8463504680498277,1.3301974018143015,-0.1277771766035322
cluster_scale,graph_coloring,72,-15.936658820370436,3.2030880289563104,-0.0707959727761547
cluster_scale,modular_3sat,72,-0.2469500747697413,0.5656933568994343,0.06051836130940897
cluster_scale,pigeonhole,5,-5.2858034054189345,6.1163112161949025,-0.8999999999999998
cluster_scale,planted_3sat,96,-0.4345442057663502,0.8822258169372268,0.1930900236752475
cluster_scale,random_3sat,96,-0.17340476786267178,0.932464721167668,0.26695017278426963
cluster_scale,xor3_cnf,54,-0.10278918385981672,0.602127742439325,0.20939574694743598
cluster_scale,ALL_LFO,395,-1.9760396033305523,1.6888006129337143,-0.1528075967804816
all_defect_projections,graph_coloring,72,-8.710297184692664,2.425332384184775,0.07322249738487072
all_defect_projections,modular_3sat,72,-0.28208951260010195,0.5736086868775995,0.07556756061483054
all_defect_projections,pigeonhole,5,-4.148983600296499,5.535666690807934,0.8999999999999998
all_defect_projections,planted_3sat,96,-0.19936296819667176,0.8066740984983246,0.37387665408248766
all_defect_projections,random_3sat,96,-0.09681714105142669,0.9015204858529209,0.35948304219903604
all_defect_projections,xor3_cnf,54,-0.1717353100080865,0.620664844845005,0.05008767248608677
all_defect_projections,ALL_LFO,395,-1.0122514369989846,1.3886734998310482,-0.09953604905211567
mean_only,graph_coloring,72,-15.497106224613933,3.1612503486790944,0.3121406751463404
mean_only,modular_3sat,72,-0.4489110015999982,0.6097859322015843,0.14245284626092675
mean_only,pigeonhole,5,-3.642330476355971,5.256264429238335,0.22360679774997894
mean_only,planted_3sat,96,-0.12597683233584478,0.7816053476340004,0.26892084418618906
mean_only,random_3sat,96,-0.15578464931158287,0.925437186181538,0.3331422788748323
mean_only,xor3_cnf,54,-1.3840572771979724,0.8853209288293372,0.0
mean_only,ALL_LFO,395,-1.8203823325282706,1.6440424140491248,-0.07985415666626589
mean_plus_tail,graph_coloring,72,-1.7797123928629115,1.2976421280389436,0.13255297945561575
mean_plus_tail,modular_3sat,72,-0.8904173068941874,0.6965228818604404,0.10701652839410897
mean_plus_tail,pigeonhole,5,-3.7699458631965452,5.328020701259721,0.09999999999999999
mean_plus_tail,planted_3sat,96,-0.017007473186646305,0.7428221867481601,0.3480151113421836
mean_plus_tail,random_3sat,96,-0.13625304963313867,0.9175843892701078,0.3131318269545507
mean_plus_tail,xor3_cnf,54,-0.29320435458129124,0.6520425956235636,-0.19817416001617122
mean_plus_tail,ALL_LFO,395,-0.20162493473618093,1.0731081436368406,0.043678368053306854
mean_tail_cluster,graph_coloring,72,-1.8611499226772765,1.3165134865460382,0.13631540026985814
mean_tail_cluster,modular_3sat,72,-0.871338882257336,0.692999253204602,0.09405749565888484
mean_tail_cluster,pigeonhole,5,-3.733565495386064,5.30766340894919,0.9999999999999999
mean_tail_cluster,planted_3sat,96,-0.03600825014483666,0.7497291583324479,0.38092363622441694
mean_tail_cluster,random_3sat,96,-0.14305655607822132,0.920327384873178,0.31876125461813315
mean_tail_cluster,xor3_cnf,54,-0.3024562061369156,0.6543708626471312,-0.32476319356371974
mean_tail_cluster,ALL_LFO,395,-0.21154388457262474,1.077528087825408,0.038994853800522505
mean_tail_cluster_scale,graph_coloring,72,-8.710297184692664,2.425332384184775,0.07322249738487072
mean_tail_cluster_scale,modular_3sat,72,-0.28208951260010195,0.5736086868775995,0.07556756061483054
mean_tail_cluster_scale,pigeonhole,5,-4.148983600296499,5.535666690807934,0.8999999999999998
mean_tail_cluster_scale,planted_3sat,96,-0.19936296819667176,0.8066740984983246,0.37387665408248766
mean_tail_cluster_scale,random_3sat,96,-0.09681714105142669,0.9015204858529209,0.35948304219903604
mean_tail_cluster_scale,xor3_cnf,54,-0.1717353100080865,0.620664844845005,0.05008767248608677
mean_tail_cluster_scale,ALL_LFO,395,-1.0122514369989846,1.3886734998310482,-0.09953604905211567
