dataset_id,family,source_name,source_url,license_or_terms,local_path,sha256,download_tls_mode,archive_sha256,notes
uf20-91_uf20-01,satlib_random_3sat_uf20,SATLIB,https://www.cs.ubc.ca/~hoos/SATLIB/Benchmarks/SAT/RND3SAT/uf20-91.tar.gz,SATLIB public benchmark archive; terms are not stated as an explicit software/data license on the benchmark page. Use for reproducible research with attribution; check original terms before redistributing raw CNFs.,data_external/satlib/uf20-91/uf20-01.cnf,bbb43578ee4f0634de44a7632b6df4ee6b9204f1c82e77660616b0891b00eb24,tls_verification_disabled_opt_in,be2835295e8500bb28f0314eba70bd0deaff1250b187260f7b6d0772bdf111a5,"Uniform random 3-SAT, 20 variables, 91 clauses; SATLIB lists 1000 satisfiable instances. Expected status: sat."
uf20-91_uf20-010,satlib_random_3sat_uf20,SATLIB,https://www.cs.ubc.ca/~hoos/SATLIB/Benchmarks/SAT/RND3SAT/uf20-91.tar.gz,SATLIB public benchmark archive; terms are not stated as an explicit software/data license on the benchmark page. Use for reproducible research with attribution; check original terms before redistributing raw CNFs.,data_external/satlib/uf20-91/uf20-010.cnf,63eaf772326a657b653d9c80e8df3715a298d621392cff0dfff281cc5486e35a,tls_verification_disabled_opt_in,be2835295e8500bb28f0314eba70bd0deaff1250b187260f7b6d0772bdf111a5,"Uniform random 3-SAT, 20 variables, 91 clauses; SATLIB lists 1000 satisfiable instances. Expected status: sat."
uf20-91_uf20-0100,satlib_random_3sat_uf20,SATLIB,https://www.cs.ubc.ca/~hoos/SATLIB/Benchmarks/SAT/RND3SAT/uf20-91.tar.gz,SATLIB public benchmark archive; terms are not stated as an explicit software/data license on the benchmark page. Use for reproducible research with attribution; check original terms before redistributing raw CNFs.,data_external/satlib/uf20-91/uf20-0100.cnf,a41cdfef7f617306139249d0dd80e3dd42f8d71ff635b8d139f425999884a4d3,tls_verification_disabled_opt_in,be2835295e8500bb28f0314eba70bd0deaff1250b187260f7b6d0772bdf111a5,"Uniform random 3-SAT, 20 variables, 91 clauses; SATLIB lists 1000 satisfiable instances. Expected status: sat."
uf20-91_uf20-01000,satlib_random_3sat_uf20,SATLIB,https://www.cs.ubc.ca/~hoos/SATLIB/Benchmarks/SAT/RND3SAT/uf20-91.tar.gz,SATLIB public benchmark archive; terms are not stated as an explicit software/data license on the benchmark page. Use for reproducible research with attribution; check original terms before redistributing raw CNFs.,data_external/satlib/uf20-91/uf20-01000.cnf,10fde5a52f77b0ef88d6381a6ea99399da1f59cf8e9249b5ed9f921b0db5096d,tls_verification_disabled_opt_in,be2835295e8500bb28f0314eba70bd0deaff1250b187260f7b6d0772bdf111a5,"Uniform random 3-SAT, 20 variables, 91 clauses; SATLIB lists 1000 satisfiable instances. Expected status: sat."
uf20-91_uf20-0101,satlib_random_3sat_uf20,SATLIB,https://www.cs.ubc.ca/~hoos/SATLIB/Benchmarks/SAT/RND3SAT/uf20-91.tar.gz,SATLIB public benchmark archive; terms are not stated as an explicit software/data license on the benchmark page. Use for reproducible research with attribution; check original terms before redistributing raw CNFs.,data_external/satlib/uf20-91/uf20-0101.cnf,bbe6caaab1c55a06baad6572beea01d508351f125a0b063364d761e4597f24f4,tls_verification_disabled_opt_in,be2835295e8500bb28f0314eba70bd0deaff1250b187260f7b6d0772bdf111a5,"Uniform random 3-SAT, 20 variables, 91 clauses; SATLIB lists 1000 satisfiable instances. Expected status: sat."
uf20-91_uf20-0102,satlib_random_3sat_uf20,SATLIB,https://www.cs.ubc.ca/~hoos/SATLIB/Benchmarks/SAT/RND3SAT/uf20-91.tar.gz,SATLIB public benchmark archive; terms are not stated as an explicit software/data license on the benchmark page. Use for reproducible research with attribution; check original terms before redistributing raw CNFs.,data_external/satlib/uf20-91/uf20-0102.cnf,7ab7912ddef3b044318081513ab41853d6771be29df3367e16983d6e216aafcd,tls_verification_disabled_opt_in,be2835295e8500bb28f0314eba70bd0deaff1250b187260f7b6d0772bdf111a5,"Uniform random 3-SAT, 20 variables, 91 clauses; SATLIB lists 1000 satisfiable instances. Expected status: sat."
uf20-91_uf20-0103,satlib_random_3sat_uf20,SATLIB,https://www.cs.ubc.ca/~hoos/SATLIB/Benchmarks/SAT/RND3SAT/uf20-91.tar.gz,SATLIB public benchmark archive; terms are not stated as an explicit software/data license on the benchmark page. Use for reproducible research with attribution; check original terms before redistributing raw CNFs.,data_external/satlib/uf20-91/uf20-0103.cnf,2a3799c78e80ca53b40032b5bd1decb871ac56ac8ba61ab0a9dbb9ef14ef9975,tls_verification_disabled_opt_in,be2835295e8500bb28f0314eba70bd0deaff1250b187260f7b6d0772bdf111a5,"Uniform random 3-SAT, 20 variables, 91 clauses; SATLIB lists 1000 satisfiable instances. Expected status: sat."
uf20-91_uf20-0104,satlib_random_3sat_uf20,SATLIB,https://www.cs.ubc.ca/~hoos/SATLIB/Benchmarks/SAT/RND3SAT/uf20-91.tar.gz,SATLIB public benchmark archive; terms are not stated as an explicit software/data license on the benchmark page. Use for reproducible research with attribution; check original terms before redistributing raw CNFs.,data_external/satlib/uf20-91/uf20-0104.cnf,5b2d871945a5fc53a50d1285490ca87366f5e0ad9de311b314a2afe5fa24ad16,tls_verification_disabled_opt_in,be2835295e8500bb28f0314eba70bd0deaff1250b187260f7b6d0772bdf111a5,"Uniform random 3-SAT, 20 variables, 91 clauses; SATLIB lists 1000 satisfiable instances. Expected status: sat."
uf20-91_uf20-0105,satlib_random_3sat_uf20,SATLIB,https://www.cs.ubc.ca/~hoos/SATLIB/Benchmarks/SAT/RND3SAT/uf20-91.tar.gz,SATLIB public benchmark archive; terms are not stated as an explicit software/data license on the benchmark page. Use for reproducible research with attribution; check original terms before redistributing raw CNFs.,data_external/satlib/uf20-91/uf20-0105.cnf,a2b31bd39bb420d3530fe68508732ffc0c17c637016e7a67b80a65f64137bbdc,tls_verification_disabled_opt_in,be2835295e8500bb28f0314eba70bd0deaff1250b187260f7b6d0772bdf111a5,"Uniform random 3-SAT, 20 variables, 91 clauses; SATLIB lists 1000 satisfiable instances. Expected status: sat."
uf20-91_uf20-0106,satlib_random_3sat_uf20,SATLIB,https://www.cs.ubc.ca/~hoos/SATLIB/Benchmarks/SAT/RND3SAT/uf20-91.tar.gz,SATLIB public benchmark archive; terms are not stated as an explicit software/data license on the benchmark page. Use for reproducible research with attribution; check original terms before redistributing raw CNFs.,data_external/satlib/uf20-91/uf20-0106.cnf,f86bb1fde01686641183f66c12f02fab6d72552da97e2a16f41b433bb8f2c3bc,tls_verification_disabled_opt_in,be2835295e8500bb28f0314eba70bd0deaff1250b187260f7b6d0772bdf111a5,"Uniform random 3-SAT, 20 variables, 91 clauses; SATLIB lists 1000 satisfiable instances. Expected status: sat."
uf20-91_uf20-0107,satlib_random_3sat_uf20,SATLIB,https://www.cs.ubc.ca/~hoos/SATLIB/Benchmarks/SAT/RND3SAT/uf20-91.tar.gz,SATLIB public benchmark archive; terms are not stated as an explicit software/data license on the benchmark page. Use for reproducible research with attribution; check original terms before redistributing raw CNFs.,data_external/satlib/uf20-91/uf20-0107.cnf,bc85fac0a752afaf1c4f9df6c41f170ef838897f7e10647edeb859df84818c7e,tls_verification_disabled_opt_in,be2835295e8500bb28f0314eba70bd0deaff1250b187260f7b6d0772bdf111a5,"Uniform random 3-SAT, 20 variables, 91 clauses; SATLIB lists 1000 satisfiable instances. Expected status: sat."
uf20-91_uf20-0108,satlib_random_3sat_uf20,SATLIB,https://www.cs.ubc.ca/~hoos/SATLIB/Benchmarks/SAT/RND3SAT/uf20-91.tar.gz,SATLIB public benchmark archive; terms are not stated as an explicit software/data license on the benchmark page. Use for reproducible research with attribution; check original terms before redistributing raw CNFs.,data_external/satlib/uf20-91/uf20-0108.cnf,e844d568356850b96c085ca95e7552c902c9ad4142a2edebf437cbe77f33c9fb,tls_verification_disabled_opt_in,be2835295e8500bb28f0314eba70bd0deaff1250b187260f7b6d0772bdf111a5,"Uniform random 3-SAT, 20 variables, 91 clauses; SATLIB lists 1000 satisfiable instances. Expected status: sat."
uf20-91_uf20-0109,satlib_random_3sat_uf20,SATLIB,https://www.cs.ubc.ca/~hoos/SATLIB/Benchmarks/SAT/RND3SAT/uf20-91.tar.gz,SATLIB public benchmark archive; terms are not stated as an explicit software/data license on the benchmark page. Use for reproducible research with attribution; check original terms before redistributing raw CNFs.,data_external/satlib/uf20-91/uf20-0109.cnf,a25c703ec26701a8bf918f61dafdc6fe26ecf4020ffa2b3c7217a025fb891006,tls_verification_disabled_opt_in,be2835295e8500bb28f0314eba70bd0deaff1250b187260f7b6d0772bdf111a5,"Uniform random 3-SAT, 20 variables, 91 clauses; SATLIB lists 1000 satisfiable instances. Expected status: sat."
uf20-91_uf20-011,satlib_random_3sat_uf20,SATLIB,https://www.cs.ubc.ca/~hoos/SATLIB/Benchmarks/SAT/RND3SAT/uf20-91.tar.gz,SATLIB public benchmark archive; terms are not stated as an explicit software/data license on the benchmark page. Use for reproducible research with attribution; check original terms before redistributing raw CNFs.,data_external/satlib/uf20-91/uf20-011.cnf,7af06adc7f264914e65f9913c37c08278320ecab5b99c8653f49f3cff4931fa9,tls_verification_disabled_opt_in,be2835295e8500bb28f0314eba70bd0deaff1250b187260f7b6d0772bdf111a5,"Uniform random 3-SAT, 20 variables, 91 clauses; SATLIB lists 1000 satisfiable instances. Expected status: sat."
uf20-91_uf20-0110,satlib_random_3sat_uf20,SATLIB,https://www.cs.ubc.ca/~hoos/SATLIB/Benchmarks/SAT/RND3SAT/uf20-91.tar.gz,SATLIB public benchmark archive; terms are not stated as an explicit software/data license on the benchmark page. Use for reproducible research with attribution; check original terms before redistributing raw CNFs.,data_external/satlib/uf20-91/uf20-0110.cnf,eb1f2c832a83538a36f71ca7eca433e8d448aa143bafc848d50d1e07dfc5b848,tls_verification_disabled_opt_in,be2835295e8500bb28f0314eba70bd0deaff1250b187260f7b6d0772bdf111a5,"Uniform random 3-SAT, 20 variables, 91 clauses; SATLIB lists 1000 satisfiable instances. Expected status: sat."
uf20-91_uf20-0111,satlib_random_3sat_uf20,SATLIB,https://www.cs.ubc.ca/~hoos/SATLIB/Benchmarks/SAT/RND3SAT/uf20-91.tar.gz,SATLIB public benchmark archive; terms are not stated as an explicit software/data license on the benchmark page. Use for reproducible research with attribution; check original terms before redistributing raw CNFs.,data_external/satlib/uf20-91/uf20-0111.cnf,8135ea4741468c559935e5d87acc48d5be8a9547373bea5294587f94c2396c70,tls_verification_disabled_opt_in,be2835295e8500bb28f0314eba70bd0deaff1250b187260f7b6d0772bdf111a5,"Uniform random 3-SAT, 20 variables, 91 clauses; SATLIB lists 1000 satisfiable instances. Expected status: sat."
uf20-91_uf20-0112,satlib_random_3sat_uf20,SATLIB,https://www.cs.ubc.ca/~hoos/SATLIB/Benchmarks/SAT/RND3SAT/uf20-91.tar.gz,SATLIB public benchmark archive; terms are not stated as an explicit software/data license on the benchmark page. Use for reproducible research with attribution; check original terms before redistributing raw CNFs.,data_external/satlib/uf20-91/uf20-0112.cnf,87ccf633b25e410f444716d9bbbceeac34a9a89b1eef6e5011f73926e0be3a3e,tls_verification_disabled_opt_in,be2835295e8500bb28f0314eba70bd0deaff1250b187260f7b6d0772bdf111a5,"Uniform random 3-SAT, 20 variables, 91 clauses; SATLIB lists 1000 satisfiable instances. Expected status: sat."
uf20-91_uf20-0113,satlib_random_3sat_uf20,SATLIB,https://www.cs.ubc.ca/~hoos/SATLIB/Benchmarks/SAT/RND3SAT/uf20-91.tar.gz,SATLIB public benchmark archive; terms are not stated as an explicit software/data license on the benchmark page. Use for reproducible research with attribution; check original terms before redistributing raw CNFs.,data_external/satlib/uf20-91/uf20-0113.cnf,17e2b715ced43aeffb4b302bab911b71eacc79fe3eaa2f02c21b5657f849ec39,tls_verification_disabled_opt_in,be2835295e8500bb28f0314eba70bd0deaff1250b187260f7b6d0772bdf111a5,"Uniform random 3-SAT, 20 variables, 91 clauses; SATLIB lists 1000 satisfiable instances. Expected status: sat."
uf20-91_uf20-0114,satlib_random_3sat_uf20,SATLIB,https://www.cs.ubc.ca/~hoos/SATLIB/Benchmarks/SAT/RND3SAT/uf20-91.tar.gz,SATLIB public benchmark archive; terms are not stated as an explicit software/data license on the benchmark page. Use for reproducible research with attribution; check original terms before redistributing raw CNFs.,data_external/satlib/uf20-91/uf20-0114.cnf,df84dcd31fb95e6944865a824c019b2bb069d63f6f6f51935f8424d85c89ccc4,tls_verification_disabled_opt_in,be2835295e8500bb28f0314eba70bd0deaff1250b187260f7b6d0772bdf111a5,"Uniform random 3-SAT, 20 variables, 91 clauses; SATLIB lists 1000 satisfiable instances. Expected status: sat."
uf20-91_uf20-0115,satlib_random_3sat_uf20,SATLIB,https://www.cs.ubc.ca/~hoos/SATLIB/Benchmarks/SAT/RND3SAT/uf20-91.tar.gz,SATLIB public benchmark archive; terms are not stated as an explicit software/data license on the benchmark page. Use for reproducible research with attribution; check original terms before redistributing raw CNFs.,data_external/satlib/uf20-91/uf20-0115.cnf,0076ee8306fc5e80245f2252a0a8068ad035c8e535be97e442582794630c4707,tls_verification_disabled_opt_in,be2835295e8500bb28f0314eba70bd0deaff1250b187260f7b6d0772bdf111a5,"Uniform random 3-SAT, 20 variables, 91 clauses; SATLIB lists 1000 satisfiable instances. Expected status: sat."
uuf50-218_uuf50-01,satlib_random_3sat_uuf50,SATLIB,https://www.cs.ubc.ca/~hoos/SATLIB/Benchmarks/SAT/RND3SAT/uuf50-218.tar.gz,SATLIB public benchmark archive; terms are not stated as an explicit software/data license on the benchmark page. Use for reproducible research with attribution; check original terms before redistributing raw CNFs.,data_external/satlib/uuf50-218/uuf50-01.cnf,d95207c572bc997a7f83240c0cd39e9ec82cc2c8fb20bf95e551bc9870484966,tls_verification_disabled_opt_in,24cc9f492673e0f975fecc56b3a4d8ac21c385cc46205d83b7491a787f43e13d,"Uniform random 3-SAT, 50 variables, 218 clauses; SATLIB lists 1000 unsatisfiable instances. Expected status: unsat."
uuf50-218_uuf50-010,satlib_random_3sat_uuf50,SATLIB,https://www.cs.ubc.ca/~hoos/SATLIB/Benchmarks/SAT/RND3SAT/uuf50-218.tar.gz,SATLIB public benchmark archive; terms are not stated as an explicit software/data license on the benchmark page. Use for reproducible research with attribution; check original terms before redistributing raw CNFs.,data_external/satlib/uuf50-218/uuf50-010.cnf,e0e69e8076800ea1b705b38dbfa4ce377cb200107f8f97d5c8f074a0ddb43332,tls_verification_disabled_opt_in,24cc9f492673e0f975fecc56b3a4d8ac21c385cc46205d83b7491a787f43e13d,"Uniform random 3-SAT, 50 variables, 218 clauses; SATLIB lists 1000 unsatisfiable instances. Expected status: unsat."
uuf50-218_uuf50-0100,satlib_random_3sat_uuf50,SATLIB,https://www.cs.ubc.ca/~hoos/SATLIB/Benchmarks/SAT/RND3SAT/uuf50-218.tar.gz,SATLIB public benchmark archive; terms are not stated as an explicit software/data license on the benchmark page. Use for reproducible research with attribution; check original terms before redistributing raw CNFs.,data_external/satlib/uuf50-218/uuf50-0100.cnf,158c337446c0f04a916d3b222f6edb1626e0a9048027a80f5069b15061cf4d42,tls_verification_disabled_opt_in,24cc9f492673e0f975fecc56b3a4d8ac21c385cc46205d83b7491a787f43e13d,"Uniform random 3-SAT, 50 variables, 218 clauses; SATLIB lists 1000 unsatisfiable instances. Expected status: unsat."
uuf50-218_uuf50-01000,satlib_random_3sat_uuf50,SATLIB,https://www.cs.ubc.ca/~hoos/SATLIB/Benchmarks/SAT/RND3SAT/uuf50-218.tar.gz,SATLIB public benchmark archive; terms are not stated as an explicit software/data license on the benchmark page. Use for reproducible research with attribution; check original terms before redistributing raw CNFs.,data_external/satlib/uuf50-218/uuf50-01000.cnf,dcca9dae0f5e4a20148278c3e6fd92ad9a6f2e034dbfb8eae8f26814152a076b,tls_verification_disabled_opt_in,24cc9f492673e0f975fecc56b3a4d8ac21c385cc46205d83b7491a787f43e13d,"Uniform random 3-SAT, 50 variables, 218 clauses; SATLIB lists 1000 unsatisfiable instances. Expected status: unsat."
uuf50-218_uuf50-0101,satlib_random_3sat_uuf50,SATLIB,https://www.cs.ubc.ca/~hoos/SATLIB/Benchmarks/SAT/RND3SAT/uuf50-218.tar.gz,SATLIB public benchmark archive; terms are not stated as an explicit software/data license on the benchmark page. Use for reproducible research with attribution; check original terms before redistributing raw CNFs.,data_external/satlib/uuf50-218/uuf50-0101.cnf,2652bd92c417c976e0abc7bf606429d9f07754e08480f96d93ace8338fd7d3ea,tls_verification_disabled_opt_in,24cc9f492673e0f975fecc56b3a4d8ac21c385cc46205d83b7491a787f43e13d,"Uniform random 3-SAT, 50 variables, 218 clauses; SATLIB lists 1000 unsatisfiable instances. Expected status: unsat."
uuf50-218_uuf50-0102,satlib_random_3sat_uuf50,SATLIB,https://www.cs.ubc.ca/~hoos/SATLIB/Benchmarks/SAT/RND3SAT/uuf50-218.tar.gz,SATLIB public benchmark archive; terms are not stated as an explicit software/data license on the benchmark page. Use for reproducible research with attribution; check original terms before redistributing raw CNFs.,data_external/satlib/uuf50-218/uuf50-0102.cnf,08f953b5f71799acbeb73d7727c23149044657a5fa25e897e9a376ed9e1afaad,tls_verification_disabled_opt_in,24cc9f492673e0f975fecc56b3a4d8ac21c385cc46205d83b7491a787f43e13d,"Uniform random 3-SAT, 50 variables, 218 clauses; SATLIB lists 1000 unsatisfiable instances. Expected status: unsat."
uuf50-218_uuf50-0103,satlib_random_3sat_uuf50,SATLIB,https://www.cs.ubc.ca/~hoos/SATLIB/Benchmarks/SAT/RND3SAT/uuf50-218.tar.gz,SATLIB public benchmark archive; terms are not stated as an explicit software/data license on the benchmark page. Use for reproducible research with attribution; check original terms before redistributing raw CNFs.,data_external/satlib/uuf50-218/uuf50-0103.cnf,86c274309a8ae5637349b53e04aa467c9e2ce3a3f2198bc8bb7b9deb14c0ec39,tls_verification_disabled_opt_in,24cc9f492673e0f975fecc56b3a4d8ac21c385cc46205d83b7491a787f43e13d,"Uniform random 3-SAT, 50 variables, 218 clauses; SATLIB lists 1000 unsatisfiable instances. Expected status: unsat."
uuf50-218_uuf50-0104,satlib_random_3sat_uuf50,SATLIB,https://www.cs.ubc.ca/~hoos/SATLIB/Benchmarks/SAT/RND3SAT/uuf50-218.tar.gz,SATLIB public benchmark archive; terms are not stated as an explicit software/data license on the benchmark page. Use for reproducible research with attribution; check original terms before redistributing raw CNFs.,data_external/satlib/uuf50-218/uuf50-0104.cnf,69e1f58b7528f7431356a80c1a5bbec94f1a6ff19a186440003011792de58c13,tls_verification_disabled_opt_in,24cc9f492673e0f975fecc56b3a4d8ac21c385cc46205d83b7491a787f43e13d,"Uniform random 3-SAT, 50 variables, 218 clauses; SATLIB lists 1000 unsatisfiable instances. Expected status: unsat."
uuf50-218_uuf50-0105,satlib_random_3sat_uuf50,SATLIB,https://www.cs.ubc.ca/~hoos/SATLIB/Benchmarks/SAT/RND3SAT/uuf50-218.tar.gz,SATLIB public benchmark archive; terms are not stated as an explicit software/data license on the benchmark page. Use for reproducible research with attribution; check original terms before redistributing raw CNFs.,data_external/satlib/uuf50-218/uuf50-0105.cnf,b84093da9789d6e1a42787847dafacb62a8a8bd5f394573ec4e766d093207ca6,tls_verification_disabled_opt_in,24cc9f492673e0f975fecc56b3a4d8ac21c385cc46205d83b7491a787f43e13d,"Uniform random 3-SAT, 50 variables, 218 clauses; SATLIB lists 1000 unsatisfiable instances. Expected status: unsat."
uuf50-218_uuf50-0106,satlib_random_3sat_uuf50,SATLIB,https://www.cs.ubc.ca/~hoos/SATLIB/Benchmarks/SAT/RND3SAT/uuf50-218.tar.gz,SATLIB public benchmark archive; terms are not stated as an explicit software/data license on the benchmark page. Use for reproducible research with attribution; check original terms before redistributing raw CNFs.,data_external/satlib/uuf50-218/uuf50-0106.cnf,9acf84e12f4d7d2433131a23308646df7ceb82b8c1b2dc10ce3c1b91d552e284,tls_verification_disabled_opt_in,24cc9f492673e0f975fecc56b3a4d8ac21c385cc46205d83b7491a787f43e13d,"Uniform random 3-SAT, 50 variables, 218 clauses; SATLIB lists 1000 unsatisfiable instances. Expected status: unsat."
uuf50-218_uuf50-0107,satlib_random_3sat_uuf50,SATLIB,https://www.cs.ubc.ca/~hoos/SATLIB/Benchmarks/SAT/RND3SAT/uuf50-218.tar.gz,SATLIB public benchmark archive; terms are not stated as an explicit software/data license on the benchmark page. Use for reproducible research with attribution; check original terms before redistributing raw CNFs.,data_external/satlib/uuf50-218/uuf50-0107.cnf,7e44b0e51cd8913819444f578e0a778ec7fa313c653d0e40d12e4d6105f12aa4,tls_verification_disabled_opt_in,24cc9f492673e0f975fecc56b3a4d8ac21c385cc46205d83b7491a787f43e13d,"Uniform random 3-SAT, 50 variables, 218 clauses; SATLIB lists 1000 unsatisfiable instances. Expected status: unsat."
uuf50-218_uuf50-0108,satlib_random_3sat_uuf50,SATLIB,https://www.cs.ubc.ca/~hoos/SATLIB/Benchmarks/SAT/RND3SAT/uuf50-218.tar.gz,SATLIB public benchmark archive; terms are not stated as an explicit software/data license on the benchmark page. Use for reproducible research with attribution; check original terms before redistributing raw CNFs.,data_external/satlib/uuf50-218/uuf50-0108.cnf,242b5b63e4e552be7533ed30faaba8946b4d45dfd94a4bf2192bc81f04c5fb50,tls_verification_disabled_opt_in,24cc9f492673e0f975fecc56b3a4d8ac21c385cc46205d83b7491a787f43e13d,"Uniform random 3-SAT, 50 variables, 218 clauses; SATLIB lists 1000 unsatisfiable instances. Expected status: unsat."
uuf50-218_uuf50-0109,satlib_random_3sat_uuf50,SATLIB,https://www.cs.ubc.ca/~hoos/SATLIB/Benchmarks/SAT/RND3SAT/uuf50-218.tar.gz,SATLIB public benchmark archive; terms are not stated as an explicit software/data license on the benchmark page. Use for reproducible research with attribution; check original terms before redistributing raw CNFs.,data_external/satlib/uuf50-218/uuf50-0109.cnf,ec32aa306883a6177e33412f4abfef04ab11ce4a4b105cd1e44dc31109777f88,tls_verification_disabled_opt_in,24cc9f492673e0f975fecc56b3a4d8ac21c385cc46205d83b7491a787f43e13d,"Uniform random 3-SAT, 50 variables, 218 clauses; SATLIB lists 1000 unsatisfiable instances. Expected status: unsat."
uuf50-218_uuf50-011,satlib_random_3sat_uuf50,SATLIB,https://www.cs.ubc.ca/~hoos/SATLIB/Benchmarks/SAT/RND3SAT/uuf50-218.tar.gz,SATLIB public benchmark archive; terms are not stated as an explicit software/data license on the benchmark page. Use for reproducible research with attribution; check original terms before redistributing raw CNFs.,data_external/satlib/uuf50-218/uuf50-011.cnf,1d670f7bc7925c4db08be1de44982a3eefa81e710fd70bdd600e8c75696a9ac1,tls_verification_disabled_opt_in,24cc9f492673e0f975fecc56b3a4d8ac21c385cc46205d83b7491a787f43e13d,"Uniform random 3-SAT, 50 variables, 218 clauses; SATLIB lists 1000 unsatisfiable instances. Expected status: unsat."
uuf50-218_uuf50-0110,satlib_random_3sat_uuf50,SATLIB,https://www.cs.ubc.ca/~hoos/SATLIB/Benchmarks/SAT/RND3SAT/uuf50-218.tar.gz,SATLIB public benchmark archive; terms are not stated as an explicit software/data license on the benchmark page. Use for reproducible research with attribution; check original terms before redistributing raw CNFs.,data_external/satlib/uuf50-218/uuf50-0110.cnf,d6938611aeea2a38bfdc5bc01a9b5cf460d3518a998871f2e684ca3577b3de26,tls_verification_disabled_opt_in,24cc9f492673e0f975fecc56b3a4d8ac21c385cc46205d83b7491a787f43e13d,"Uniform random 3-SAT, 50 variables, 218 clauses; SATLIB lists 1000 unsatisfiable instances. Expected status: unsat."
uuf50-218_uuf50-0111,satlib_random_3sat_uuf50,SATLIB,https://www.cs.ubc.ca/~hoos/SATLIB/Benchmarks/SAT/RND3SAT/uuf50-218.tar.gz,SATLIB public benchmark archive; terms are not stated as an explicit software/data license on the benchmark page. Use for reproducible research with attribution; check original terms before redistributing raw CNFs.,data_external/satlib/uuf50-218/uuf50-0111.cnf,f2278bab376d0f02f92ef85fa6b6a19f2680e4232ac8d657b061c9422b770a51,tls_verification_disabled_opt_in,24cc9f492673e0f975fecc56b3a4d8ac21c385cc46205d83b7491a787f43e13d,"Uniform random 3-SAT, 50 variables, 218 clauses; SATLIB lists 1000 unsatisfiable instances. Expected status: unsat."
uuf50-218_uuf50-0112,satlib_random_3sat_uuf50,SATLIB,https://www.cs.ubc.ca/~hoos/SATLIB/Benchmarks/SAT/RND3SAT/uuf50-218.tar.gz,SATLIB public benchmark archive; terms are not stated as an explicit software/data license on the benchmark page. Use for reproducible research with attribution; check original terms before redistributing raw CNFs.,data_external/satlib/uuf50-218/uuf50-0112.cnf,1cb29af197d8d2fa14ea34433ef20d54c88fc6fba16979a0a9a41b4bfc03905e,tls_verification_disabled_opt_in,24cc9f492673e0f975fecc56b3a4d8ac21c385cc46205d83b7491a787f43e13d,"Uniform random 3-SAT, 50 variables, 218 clauses; SATLIB lists 1000 unsatisfiable instances. Expected status: unsat."
uuf50-218_uuf50-0113,satlib_random_3sat_uuf50,SATLIB,https://www.cs.ubc.ca/~hoos/SATLIB/Benchmarks/SAT/RND3SAT/uuf50-218.tar.gz,SATLIB public benchmark archive; terms are not stated as an explicit software/data license on the benchmark page. Use for reproducible research with attribution; check original terms before redistributing raw CNFs.,data_external/satlib/uuf50-218/uuf50-0113.cnf,dbd8cbf620634d6ac8b4b70f16a4608c336c0977877fc0bd08e073672da1874b,tls_verification_disabled_opt_in,24cc9f492673e0f975fecc56b3a4d8ac21c385cc46205d83b7491a787f43e13d,"Uniform random 3-SAT, 50 variables, 218 clauses; SATLIB lists 1000 unsatisfiable instances. Expected status: unsat."
uuf50-218_uuf50-0114,satlib_random_3sat_uuf50,SATLIB,https://www.cs.ubc.ca/~hoos/SATLIB/Benchmarks/SAT/RND3SAT/uuf50-218.tar.gz,SATLIB public benchmark archive; terms are not stated as an explicit software/data license on the benchmark page. Use for reproducible research with attribution; check original terms before redistributing raw CNFs.,data_external/satlib/uuf50-218/uuf50-0114.cnf,861e4b3b011eb3b9720dcc437870b77631d7ffee80ee17594f9fb5504e4333c7,tls_verification_disabled_opt_in,24cc9f492673e0f975fecc56b3a4d8ac21c385cc46205d83b7491a787f43e13d,"Uniform random 3-SAT, 50 variables, 218 clauses; SATLIB lists 1000 unsatisfiable instances. Expected status: unsat."
uuf50-218_uuf50-0115,satlib_random_3sat_uuf50,SATLIB,https://www.cs.ubc.ca/~hoos/SATLIB/Benchmarks/SAT/RND3SAT/uuf50-218.tar.gz,SATLIB public benchmark archive; terms are not stated as an explicit software/data license on the benchmark page. Use for reproducible research with attribution; check original terms before redistributing raw CNFs.,data_external/satlib/uuf50-218/uuf50-0115.cnf,dfe5c2b9e6db1aed4ca4ffea2fccfcc98d81c6922339e1c2a0478d93eeeff3a4,tls_verification_disabled_opt_in,24cc9f492673e0f975fecc56b3a4d8ac21c385cc46205d83b7491a787f43e13d,"Uniform random 3-SAT, 50 variables, 218 clauses; SATLIB lists 1000 unsatisfiable instances. Expected status: unsat."
flat30-60_flat30-1,satlib_graph_coloring_flat30,SATLIB,https://www.cs.ubc.ca/~hoos/SATLIB/Benchmarks/SAT/GCP/flat30-60.tar.gz,SATLIB public benchmark archive; terms are not stated as an explicit software/data license on the benchmark page. Use for reproducible research with attribution; check original terms before redistributing raw CNFs.,data_external/satlib/flat30-60/flat30-1.cnf,f673671312ec4f751464303ccee09a7dcd7f8d28439797ed4e456b1ac29dfb4f,tls_verification_disabled_opt_in,00c7d36343683e259c202089607e413dbc1da6f68a27f2cf92bf43c391a95ac9,SAT-encoded flat graph-colouring instances; SATLIB lists 100 satisfiable instances. Expected status: sat.
flat30-60_flat30-10,satlib_graph_coloring_flat30,SATLIB,https://www.cs.ubc.ca/~hoos/SATLIB/Benchmarks/SAT/GCP/flat30-60.tar.gz,SATLIB public benchmark archive; terms are not stated as an explicit software/data license on the benchmark page. Use for reproducible research with attribution; check original terms before redistributing raw CNFs.,data_external/satlib/flat30-60/flat30-10.cnf,ef87318440a9047f538b82854684a23ee198d6cc5424657f172da095b9b43f12,tls_verification_disabled_opt_in,00c7d36343683e259c202089607e413dbc1da6f68a27f2cf92bf43c391a95ac9,SAT-encoded flat graph-colouring instances; SATLIB lists 100 satisfiable instances. Expected status: sat.
flat30-60_flat30-100,satlib_graph_coloring_flat30,SATLIB,https://www.cs.ubc.ca/~hoos/SATLIB/Benchmarks/SAT/GCP/flat30-60.tar.gz,SATLIB public benchmark archive; terms are not stated as an explicit software/data license on the benchmark page. Use for reproducible research with attribution; check original terms before redistributing raw CNFs.,data_external/satlib/flat30-60/flat30-100.cnf,353e74c48523d35be1cf4c042b4ab89e4c9346d55999e9dde4ce147dca523507,tls_verification_disabled_opt_in,00c7d36343683e259c202089607e413dbc1da6f68a27f2cf92bf43c391a95ac9,SAT-encoded flat graph-colouring instances; SATLIB lists 100 satisfiable instances. Expected status: sat.
flat30-60_flat30-11,satlib_graph_coloring_flat30,SATLIB,https://www.cs.ubc.ca/~hoos/SATLIB/Benchmarks/SAT/GCP/flat30-60.tar.gz,SATLIB public benchmark archive; terms are not stated as an explicit software/data license on the benchmark page. Use for reproducible research with attribution; check original terms before redistributing raw CNFs.,data_external/satlib/flat30-60/flat30-11.cnf,ad507ced6a763334f72661fc8f53a5e73a71e77cff82ca13a0c21e43db0a1322,tls_verification_disabled_opt_in,00c7d36343683e259c202089607e413dbc1da6f68a27f2cf92bf43c391a95ac9,SAT-encoded flat graph-colouring instances; SATLIB lists 100 satisfiable instances. Expected status: sat.
flat30-60_flat30-12,satlib_graph_coloring_flat30,SATLIB,https://www.cs.ubc.ca/~hoos/SATLIB/Benchmarks/SAT/GCP/flat30-60.tar.gz,SATLIB public benchmark archive; terms are not stated as an explicit software/data license on the benchmark page. Use for reproducible research with attribution; check original terms before redistributing raw CNFs.,data_external/satlib/flat30-60/flat30-12.cnf,d19c2e9e5aaffe6a704fa2dda827e847c54fbec31ada75739011662a877be3c4,tls_verification_disabled_opt_in,00c7d36343683e259c202089607e413dbc1da6f68a27f2cf92bf43c391a95ac9,SAT-encoded flat graph-colouring instances; SATLIB lists 100 satisfiable instances. Expected status: sat.
flat30-60_flat30-13,satlib_graph_coloring_flat30,SATLIB,https://www.cs.ubc.ca/~hoos/SATLIB/Benchmarks/SAT/GCP/flat30-60.tar.gz,SATLIB public benchmark archive; terms are not stated as an explicit software/data license on the benchmark page. Use for reproducible research with attribution; check original terms before redistributing raw CNFs.,data_external/satlib/flat30-60/flat30-13.cnf,7efb441427c05ba1ec4949f96f22ee9f5aa84f9027f8a3aeb098e028dfd22bcd,tls_verification_disabled_opt_in,00c7d36343683e259c202089607e413dbc1da6f68a27f2cf92bf43c391a95ac9,SAT-encoded flat graph-colouring instances; SATLIB lists 100 satisfiable instances. Expected status: sat.
flat30-60_flat30-14,satlib_graph_coloring_flat30,SATLIB,https://www.cs.ubc.ca/~hoos/SATLIB/Benchmarks/SAT/GCP/flat30-60.tar.gz,SATLIB public benchmark archive; terms are not stated as an explicit software/data license on the benchmark page. Use for reproducible research with attribution; check original terms before redistributing raw CNFs.,data_external/satlib/flat30-60/flat30-14.cnf,4cd8f9759e36ec977db59f152137e767ea9ed896d33c7ea8fe9d9e3d1f688470,tls_verification_disabled_opt_in,00c7d36343683e259c202089607e413dbc1da6f68a27f2cf92bf43c391a95ac9,SAT-encoded flat graph-colouring instances; SATLIB lists 100 satisfiable instances. Expected status: sat.
flat30-60_flat30-15,satlib_graph_coloring_flat30,SATLIB,https://www.cs.ubc.ca/~hoos/SATLIB/Benchmarks/SAT/GCP/flat30-60.tar.gz,SATLIB public benchmark archive; terms are not stated as an explicit software/data license on the benchmark page. Use for reproducible research with attribution; check original terms before redistributing raw CNFs.,data_external/satlib/flat30-60/flat30-15.cnf,050d568ea9a2b5ce8ec4c8a707a53fcd113eab7af2478f3d0b711f9ca87aba9a,tls_verification_disabled_opt_in,00c7d36343683e259c202089607e413dbc1da6f68a27f2cf92bf43c391a95ac9,SAT-encoded flat graph-colouring instances; SATLIB lists 100 satisfiable instances. Expected status: sat.
flat30-60_flat30-16,satlib_graph_coloring_flat30,SATLIB,https://www.cs.ubc.ca/~hoos/SATLIB/Benchmarks/SAT/GCP/flat30-60.tar.gz,SATLIB public benchmark archive; terms are not stated as an explicit software/data license on the benchmark page. Use for reproducible research with attribution; check original terms before redistributing raw CNFs.,data_external/satlib/flat30-60/flat30-16.cnf,132958d728ef3090dae07f1df67e423899aee28825f67cf77a31e9a8c605598e,tls_verification_disabled_opt_in,00c7d36343683e259c202089607e413dbc1da6f68a27f2cf92bf43c391a95ac9,SAT-encoded flat graph-colouring instances; SATLIB lists 100 satisfiable instances. Expected status: sat.
flat30-60_flat30-17,satlib_graph_coloring_flat30,SATLIB,https://www.cs.ubc.ca/~hoos/SATLIB/Benchmarks/SAT/GCP/flat30-60.tar.gz,SATLIB public benchmark archive; terms are not stated as an explicit software/data license on the benchmark page. Use for reproducible research with attribution; check original terms before redistributing raw CNFs.,data_external/satlib/flat30-60/flat30-17.cnf,e032ac140916d7981ecf5e74a9571a315bfbb1ebc8aeae30b5819ef8acd6d27e,tls_verification_disabled_opt_in,00c7d36343683e259c202089607e413dbc1da6f68a27f2cf92bf43c391a95ac9,SAT-encoded flat graph-colouring instances; SATLIB lists 100 satisfiable instances. Expected status: sat.
flat30-60_flat30-18,satlib_graph_coloring_flat30,SATLIB,https://www.cs.ubc.ca/~hoos/SATLIB/Benchmarks/SAT/GCP/flat30-60.tar.gz,SATLIB public benchmark archive; terms are not stated as an explicit software/data license on the benchmark page. Use for reproducible research with attribution; check original terms before redistributing raw CNFs.,data_external/satlib/flat30-60/flat30-18.cnf,48e1cc7fd866a5a87148469d65f4b05111adf09f24bd092202ba7c3a4b0d3a90,tls_verification_disabled_opt_in,00c7d36343683e259c202089607e413dbc1da6f68a27f2cf92bf43c391a95ac9,SAT-encoded flat graph-colouring instances; SATLIB lists 100 satisfiable instances. Expected status: sat.
flat30-60_flat30-19,satlib_graph_coloring_flat30,SATLIB,https://www.cs.ubc.ca/~hoos/SATLIB/Benchmarks/SAT/GCP/flat30-60.tar.gz,SATLIB public benchmark archive; terms are not stated as an explicit software/data license on the benchmark page. Use for reproducible research with attribution; check original terms before redistributing raw CNFs.,data_external/satlib/flat30-60/flat30-19.cnf,b0dfea30e71c2fdf16ddd6c4dba4b8ab29aadc4b50e581d8c277f4943b252787,tls_verification_disabled_opt_in,00c7d36343683e259c202089607e413dbc1da6f68a27f2cf92bf43c391a95ac9,SAT-encoded flat graph-colouring instances; SATLIB lists 100 satisfiable instances. Expected status: sat.
flat30-60_flat30-2,satlib_graph_coloring_flat30,SATLIB,https://www.cs.ubc.ca/~hoos/SATLIB/Benchmarks/SAT/GCP/flat30-60.tar.gz,SATLIB public benchmark archive; terms are not stated as an explicit software/data license on the benchmark page. Use for reproducible research with attribution; check original terms before redistributing raw CNFs.,data_external/satlib/flat30-60/flat30-2.cnf,2b3c957f2e7a4224aa53b02ccd3a30cabaf8fff6c6bd18fbd79e7ff6e925aaa0,tls_verification_disabled_opt_in,00c7d36343683e259c202089607e413dbc1da6f68a27f2cf92bf43c391a95ac9,SAT-encoded flat graph-colouring instances; SATLIB lists 100 satisfiable instances. Expected status: sat.
flat30-60_flat30-20,satlib_graph_coloring_flat30,SATLIB,https://www.cs.ubc.ca/~hoos/SATLIB/Benchmarks/SAT/GCP/flat30-60.tar.gz,SATLIB public benchmark archive; terms are not stated as an explicit software/data license on the benchmark page. Use for reproducible research with attribution; check original terms before redistributing raw CNFs.,data_external/satlib/flat30-60/flat30-20.cnf,412ac7b98e8eaf7bdbf452c72285cf377a317f09daceb56b9ec6c1e95a53f273,tls_verification_disabled_opt_in,00c7d36343683e259c202089607e413dbc1da6f68a27f2cf92bf43c391a95ac9,SAT-encoded flat graph-colouring instances; SATLIB lists 100 satisfiable instances. Expected status: sat.
flat30-60_flat30-21,satlib_graph_coloring_flat30,SATLIB,https://www.cs.ubc.ca/~hoos/SATLIB/Benchmarks/SAT/GCP/flat30-60.tar.gz,SATLIB public benchmark archive; terms are not stated as an explicit software/data license on the benchmark page. Use for reproducible research with attribution; check original terms before redistributing raw CNFs.,data_external/satlib/flat30-60/flat30-21.cnf,7d87ef5de573db534e1137ac2f9780df3b52d477d6314eac30623a979a744a1b,tls_verification_disabled_opt_in,00c7d36343683e259c202089607e413dbc1da6f68a27f2cf92bf43c391a95ac9,SAT-encoded flat graph-colouring instances; SATLIB lists 100 satisfiable instances. Expected status: sat.
flat30-60_flat30-22,satlib_graph_coloring_flat30,SATLIB,https://www.cs.ubc.ca/~hoos/SATLIB/Benchmarks/SAT/GCP/flat30-60.tar.gz,SATLIB public benchmark archive; terms are not stated as an explicit software/data license on the benchmark page. Use for reproducible research with attribution; check original terms before redistributing raw CNFs.,data_external/satlib/flat30-60/flat30-22.cnf,c321675f4f78944dfadb10bbaff5eeadca12eeee4cb808ce049045de5efb9cdb,tls_verification_disabled_opt_in,00c7d36343683e259c202089607e413dbc1da6f68a27f2cf92bf43c391a95ac9,SAT-encoded flat graph-colouring instances; SATLIB lists 100 satisfiable instances. Expected status: sat.
flat30-60_flat30-23,satlib_graph_coloring_flat30,SATLIB,https://www.cs.ubc.ca/~hoos/SATLIB/Benchmarks/SAT/GCP/flat30-60.tar.gz,SATLIB public benchmark archive; terms are not stated as an explicit software/data license on the benchmark page. Use for reproducible research with attribution; check original terms before redistributing raw CNFs.,data_external/satlib/flat30-60/flat30-23.cnf,5abef3734a51e8cb763dc03b804e2de21c4b39b7d2bf9b94ef66e21569e792db,tls_verification_disabled_opt_in,00c7d36343683e259c202089607e413dbc1da6f68a27f2cf92bf43c391a95ac9,SAT-encoded flat graph-colouring instances; SATLIB lists 100 satisfiable instances. Expected status: sat.
flat30-60_flat30-24,satlib_graph_coloring_flat30,SATLIB,https://www.cs.ubc.ca/~hoos/SATLIB/Benchmarks/SAT/GCP/flat30-60.tar.gz,SATLIB public benchmark archive; terms are not stated as an explicit software/data license on the benchmark page. Use for reproducible research with attribution; check original terms before redistributing raw CNFs.,data_external/satlib/flat30-60/flat30-24.cnf,1a674709cca3d674611c7b9e671aed641a1bd6276ad90b92b77a80c2d69d6b68,tls_verification_disabled_opt_in,00c7d36343683e259c202089607e413dbc1da6f68a27f2cf92bf43c391a95ac9,SAT-encoded flat graph-colouring instances; SATLIB lists 100 satisfiable instances. Expected status: sat.
flat30-60_flat30-25,satlib_graph_coloring_flat30,SATLIB,https://www.cs.ubc.ca/~hoos/SATLIB/Benchmarks/SAT/GCP/flat30-60.tar.gz,SATLIB public benchmark archive; terms are not stated as an explicit software/data license on the benchmark page. Use for reproducible research with attribution; check original terms before redistributing raw CNFs.,data_external/satlib/flat30-60/flat30-25.cnf,ce37d291b007435c2c15ee4adf69254608479fef051cabfa43ded314d350c599,tls_verification_disabled_opt_in,00c7d36343683e259c202089607e413dbc1da6f68a27f2cf92bf43c391a95ac9,SAT-encoded flat graph-colouring instances; SATLIB lists 100 satisfiable instances. Expected status: sat.
flat30-60_flat30-26,satlib_graph_coloring_flat30,SATLIB,https://www.cs.ubc.ca/~hoos/SATLIB/Benchmarks/SAT/GCP/flat30-60.tar.gz,SATLIB public benchmark archive; terms are not stated as an explicit software/data license on the benchmark page. Use for reproducible research with attribution; check original terms before redistributing raw CNFs.,data_external/satlib/flat30-60/flat30-26.cnf,49ca62493e27be1d30c41d98534c88625095487d5cf2d646b194064c7d67b248,tls_verification_disabled_opt_in,00c7d36343683e259c202089607e413dbc1da6f68a27f2cf92bf43c391a95ac9,SAT-encoded flat graph-colouring instances; SATLIB lists 100 satisfiable instances. Expected status: sat.
aim_aim-100-1_6-no-1,satlib_dimacs_aim,SATLIB,https://www.cs.ubc.ca/~hoos/SATLIB/Benchmarks/SAT/DIMACS/AIM/aim.tar.gz,SATLIB public benchmark archive; terms are not stated as an explicit software/data license on the benchmark page. Use for reproducible research with attribution; check original terms before redistributing raw CNFs.,data_external/satlib/aim/aim-100-1_6-no-1.cnf,42058adae7534bb0613399393b369724c172055a0056a433ddc82cd6512545e2,tls_verification_disabled_opt_in,7e4e0076fdd840ed7bcc80c475509ed7726608b010cd3f181d503fe337473c85,DIMACS AIM artificial random 3-SAT family mirrored by SATLIB. Expected status: mixed.
aim_aim-100-1_6-no-2,satlib_dimacs_aim,SATLIB,https://www.cs.ubc.ca/~hoos/SATLIB/Benchmarks/SAT/DIMACS/AIM/aim.tar.gz,SATLIB public benchmark archive; terms are not stated as an explicit software/data license on the benchmark page. Use for reproducible research with attribution; check original terms before redistributing raw CNFs.,data_external/satlib/aim/aim-100-1_6-no-2.cnf,c7a787035bfb27d7b15dbb05ad2fbd558fb1fb58a6106980c16719c3d925dac9,tls_verification_disabled_opt_in,7e4e0076fdd840ed7bcc80c475509ed7726608b010cd3f181d503fe337473c85,DIMACS AIM artificial random 3-SAT family mirrored by SATLIB. Expected status: mixed.
aim_aim-100-1_6-no-3,satlib_dimacs_aim,SATLIB,https://www.cs.ubc.ca/~hoos/SATLIB/Benchmarks/SAT/DIMACS/AIM/aim.tar.gz,SATLIB public benchmark archive; terms are not stated as an explicit software/data license on the benchmark page. Use for reproducible research with attribution; check original terms before redistributing raw CNFs.,data_external/satlib/aim/aim-100-1_6-no-3.cnf,6b68655073b4516a75f8ac0158955bc5e83d177f67707b9186eb677b16145c83,tls_verification_disabled_opt_in,7e4e0076fdd840ed7bcc80c475509ed7726608b010cd3f181d503fe337473c85,DIMACS AIM artificial random 3-SAT family mirrored by SATLIB. Expected status: mixed.
aim_aim-100-1_6-no-4,satlib_dimacs_aim,SATLIB,https://www.cs.ubc.ca/~hoos/SATLIB/Benchmarks/SAT/DIMACS/AIM/aim.tar.gz,SATLIB public benchmark archive; terms are not stated as an explicit software/data license on the benchmark page. Use for reproducible research with attribution; check original terms before redistributing raw CNFs.,data_external/satlib/aim/aim-100-1_6-no-4.cnf,3d4f79f02573f3122d3114d2a2d0a557667e01c0942eb2e8103790c1a0790079,tls_verification_disabled_opt_in,7e4e0076fdd840ed7bcc80c475509ed7726608b010cd3f181d503fe337473c85,DIMACS AIM artificial random 3-SAT family mirrored by SATLIB. Expected status: mixed.
aim_aim-100-1_6-yes1-1,satlib_dimacs_aim,SATLIB,https://www.cs.ubc.ca/~hoos/SATLIB/Benchmarks/SAT/DIMACS/AIM/aim.tar.gz,SATLIB public benchmark archive; terms are not stated as an explicit software/data license on the benchmark page. Use for reproducible research with attribution; check original terms before redistributing raw CNFs.,data_external/satlib/aim/aim-100-1_6-yes1-1.cnf,74560a84735393495e1665fb2999f6b7948fb7f12b11c23e530aedccbf8cbbec,tls_verification_disabled_opt_in,7e4e0076fdd840ed7bcc80c475509ed7726608b010cd3f181d503fe337473c85,DIMACS AIM artificial random 3-SAT family mirrored by SATLIB. Expected status: mixed.
aim_aim-100-1_6-yes1-2,satlib_dimacs_aim,SATLIB,https://www.cs.ubc.ca/~hoos/SATLIB/Benchmarks/SAT/DIMACS/AIM/aim.tar.gz,SATLIB public benchmark archive; terms are not stated as an explicit software/data license on the benchmark page. Use for reproducible research with attribution; check original terms before redistributing raw CNFs.,data_external/satlib/aim/aim-100-1_6-yes1-2.cnf,36724f19cc67f2ed90154dc6f863eddae69f3c9b7c19677fa367f55359e9c859,tls_verification_disabled_opt_in,7e4e0076fdd840ed7bcc80c475509ed7726608b010cd3f181d503fe337473c85,DIMACS AIM artificial random 3-SAT family mirrored by SATLIB. Expected status: mixed.
aim_aim-100-1_6-yes1-3,satlib_dimacs_aim,SATLIB,https://www.cs.ubc.ca/~hoos/SATLIB/Benchmarks/SAT/DIMACS/AIM/aim.tar.gz,SATLIB public benchmark archive; terms are not stated as an explicit software/data license on the benchmark page. Use for reproducible research with attribution; check original terms before redistributing raw CNFs.,data_external/satlib/aim/aim-100-1_6-yes1-3.cnf,de0aff20107169ba4d169c7eec5d592eeabd4b0121f69472595f4fc87176b52c,tls_verification_disabled_opt_in,7e4e0076fdd840ed7bcc80c475509ed7726608b010cd3f181d503fe337473c85,DIMACS AIM artificial random 3-SAT family mirrored by SATLIB. Expected status: mixed.
aim_aim-100-1_6-yes1-4,satlib_dimacs_aim,SATLIB,https://www.cs.ubc.ca/~hoos/SATLIB/Benchmarks/SAT/DIMACS/AIM/aim.tar.gz,SATLIB public benchmark archive; terms are not stated as an explicit software/data license on the benchmark page. Use for reproducible research with attribution; check original terms before redistributing raw CNFs.,data_external/satlib/aim/aim-100-1_6-yes1-4.cnf,9769c011731f00bd7b8e9fc30e84b6434a863653889531cbf97ccc1af6fa7a7b,tls_verification_disabled_opt_in,7e4e0076fdd840ed7bcc80c475509ed7726608b010cd3f181d503fe337473c85,DIMACS AIM artificial random 3-SAT family mirrored by SATLIB. Expected status: mixed.
aim_aim-100-2_0-no-1,satlib_dimacs_aim,SATLIB,https://www.cs.ubc.ca/~hoos/SATLIB/Benchmarks/SAT/DIMACS/AIM/aim.tar.gz,SATLIB public benchmark archive; terms are not stated as an explicit software/data license on the benchmark page. Use for reproducible research with attribution; check original terms before redistributing raw CNFs.,data_external/satlib/aim/aim-100-2_0-no-1.cnf,b603147fd98006d1cadc57821296bb760744fec03a1b7ddc88bd4a2b4333fb36,tls_verification_disabled_opt_in,7e4e0076fdd840ed7bcc80c475509ed7726608b010cd3f181d503fe337473c85,DIMACS AIM artificial random 3-SAT family mirrored by SATLIB. Expected status: mixed.
aim_aim-100-2_0-no-2,satlib_dimacs_aim,SATLIB,https://www.cs.ubc.ca/~hoos/SATLIB/Benchmarks/SAT/DIMACS/AIM/aim.tar.gz,SATLIB public benchmark archive; terms are not stated as an explicit software/data license on the benchmark page. Use for reproducible research with attribution; check original terms before redistributing raw CNFs.,data_external/satlib/aim/aim-100-2_0-no-2.cnf,6abe060edf22b2639c408ad891266cf7c33135d796105b1c31e8023638ee6cd4,tls_verification_disabled_opt_in,7e4e0076fdd840ed7bcc80c475509ed7726608b010cd3f181d503fe337473c85,DIMACS AIM artificial random 3-SAT family mirrored by SATLIB. Expected status: mixed.
aim_aim-100-2_0-no-3,satlib_dimacs_aim,SATLIB,https://www.cs.ubc.ca/~hoos/SATLIB/Benchmarks/SAT/DIMACS/AIM/aim.tar.gz,SATLIB public benchmark archive; terms are not stated as an explicit software/data license on the benchmark page. Use for reproducible research with attribution; check original terms before redistributing raw CNFs.,data_external/satlib/aim/aim-100-2_0-no-3.cnf,b1e0c7b2e42f7c04cda89803ebfa492c6e2572faf0814bc042ffb4ae489a9c60,tls_verification_disabled_opt_in,7e4e0076fdd840ed7bcc80c475509ed7726608b010cd3f181d503fe337473c85,DIMACS AIM artificial random 3-SAT family mirrored by SATLIB. Expected status: mixed.
aim_aim-100-2_0-no-4,satlib_dimacs_aim,SATLIB,https://www.cs.ubc.ca/~hoos/SATLIB/Benchmarks/SAT/DIMACS/AIM/aim.tar.gz,SATLIB public benchmark archive; terms are not stated as an explicit software/data license on the benchmark page. Use for reproducible research with attribution; check original terms before redistributing raw CNFs.,data_external/satlib/aim/aim-100-2_0-no-4.cnf,a2882a6249cede130072501fae59c0e74a975401a44d07a1f225de1daa8d127e,tls_verification_disabled_opt_in,7e4e0076fdd840ed7bcc80c475509ed7726608b010cd3f181d503fe337473c85,DIMACS AIM artificial random 3-SAT family mirrored by SATLIB. Expected status: mixed.
aim_aim-100-2_0-yes1-1,satlib_dimacs_aim,SATLIB,https://www.cs.ubc.ca/~hoos/SATLIB/Benchmarks/SAT/DIMACS/AIM/aim.tar.gz,SATLIB public benchmark archive; terms are not stated as an explicit software/data license on the benchmark page. Use for reproducible research with attribution; check original terms before redistributing raw CNFs.,data_external/satlib/aim/aim-100-2_0-yes1-1.cnf,c2d8d8d1a0723ed0502b185b757a068b4df088e059bd51e39a0837579fe15114,tls_verification_disabled_opt_in,7e4e0076fdd840ed7bcc80c475509ed7726608b010cd3f181d503fe337473c85,DIMACS AIM artificial random 3-SAT family mirrored by SATLIB. Expected status: mixed.
aim_aim-100-2_0-yes1-2,satlib_dimacs_aim,SATLIB,https://www.cs.ubc.ca/~hoos/SATLIB/Benchmarks/SAT/DIMACS/AIM/aim.tar.gz,SATLIB public benchmark archive; terms are not stated as an explicit software/data license on the benchmark page. Use for reproducible research with attribution; check original terms before redistributing raw CNFs.,data_external/satlib/aim/aim-100-2_0-yes1-2.cnf,b9009d68e6cb4ce01bd92de354c7cd28176f9adc464a75b8b69b3e563ca86c1c,tls_verification_disabled_opt_in,7e4e0076fdd840ed7bcc80c475509ed7726608b010cd3f181d503fe337473c85,DIMACS AIM artificial random 3-SAT family mirrored by SATLIB. Expected status: mixed.
aim_aim-100-2_0-yes1-3,satlib_dimacs_aim,SATLIB,https://www.cs.ubc.ca/~hoos/SATLIB/Benchmarks/SAT/DIMACS/AIM/aim.tar.gz,SATLIB public benchmark archive; terms are not stated as an explicit software/data license on the benchmark page. Use for reproducible research with attribution; check original terms before redistributing raw CNFs.,data_external/satlib/aim/aim-100-2_0-yes1-3.cnf,282e53bfa4375709700f3cc12be8c63ccf0a88cc53cacdb614690c5a937927f6,tls_verification_disabled_opt_in,7e4e0076fdd840ed7bcc80c475509ed7726608b010cd3f181d503fe337473c85,DIMACS AIM artificial random 3-SAT family mirrored by SATLIB. Expected status: mixed.
aim_aim-100-2_0-yes1-4,satlib_dimacs_aim,SATLIB,https://www.cs.ubc.ca/~hoos/SATLIB/Benchmarks/SAT/DIMACS/AIM/aim.tar.gz,SATLIB public benchmark archive; terms are not stated as an explicit software/data license on the benchmark page. Use for reproducible research with attribution; check original terms before redistributing raw CNFs.,data_external/satlib/aim/aim-100-2_0-yes1-4.cnf,0fae4e8ba360cc4508546b7230fdec14f859eb7de47b6a84ce82fea90f0b1b81,tls_verification_disabled_opt_in,7e4e0076fdd840ed7bcc80c475509ed7726608b010cd3f181d503fe337473c85,DIMACS AIM artificial random 3-SAT family mirrored by SATLIB. Expected status: mixed.
aim_aim-100-3_4-yes1-1,satlib_dimacs_aim,SATLIB,https://www.cs.ubc.ca/~hoos/SATLIB/Benchmarks/SAT/DIMACS/AIM/aim.tar.gz,SATLIB public benchmark archive; terms are not stated as an explicit software/data license on the benchmark page. Use for reproducible research with attribution; check original terms before redistributing raw CNFs.,data_external/satlib/aim/aim-100-3_4-yes1-1.cnf,28bed18fc63fc15ddd8d7d6de295d5dd50933346e901594d8fc0429bf50a0b9c,tls_verification_disabled_opt_in,7e4e0076fdd840ed7bcc80c475509ed7726608b010cd3f181d503fe337473c85,DIMACS AIM artificial random 3-SAT family mirrored by SATLIB. Expected status: mixed.
aim_aim-100-3_4-yes1-2,satlib_dimacs_aim,SATLIB,https://www.cs.ubc.ca/~hoos/SATLIB/Benchmarks/SAT/DIMACS/AIM/aim.tar.gz,SATLIB public benchmark archive; terms are not stated as an explicit software/data license on the benchmark page. Use for reproducible research with attribution; check original terms before redistributing raw CNFs.,data_external/satlib/aim/aim-100-3_4-yes1-2.cnf,0709c8a6a342e86c07f73b650bc504a93571a0641598a49c8392e9692419d314,tls_verification_disabled_opt_in,7e4e0076fdd840ed7bcc80c475509ed7726608b010cd3f181d503fe337473c85,DIMACS AIM artificial random 3-SAT family mirrored by SATLIB. Expected status: mixed.
aim_aim-100-3_4-yes1-3,satlib_dimacs_aim,SATLIB,https://www.cs.ubc.ca/~hoos/SATLIB/Benchmarks/SAT/DIMACS/AIM/aim.tar.gz,SATLIB public benchmark archive; terms are not stated as an explicit software/data license on the benchmark page. Use for reproducible research with attribution; check original terms before redistributing raw CNFs.,data_external/satlib/aim/aim-100-3_4-yes1-3.cnf,3d630d367acf82e488b54bd0c880553c2284e8cc836164675a8a7efc77dcad64,tls_verification_disabled_opt_in,7e4e0076fdd840ed7bcc80c475509ed7726608b010cd3f181d503fe337473c85,DIMACS AIM artificial random 3-SAT family mirrored by SATLIB. Expected status: mixed.
aim_aim-100-3_4-yes1-4,satlib_dimacs_aim,SATLIB,https://www.cs.ubc.ca/~hoos/SATLIB/Benchmarks/SAT/DIMACS/AIM/aim.tar.gz,SATLIB public benchmark archive; terms are not stated as an explicit software/data license on the benchmark page. Use for reproducible research with attribution; check original terms before redistributing raw CNFs.,data_external/satlib/aim/aim-100-3_4-yes1-4.cnf,81b521bad4394bbac016f323d5ea18e2795d370f335f3f9000661e15d9f61ffd,tls_verification_disabled_opt_in,7e4e0076fdd840ed7bcc80c475509ed7726608b010cd3f181d503fe337473c85,DIMACS AIM artificial random 3-SAT family mirrored by SATLIB. Expected status: mixed.
dubois_dubois100,satlib_dimacs_dubois,SATLIB,https://www.cs.ubc.ca/~hoos/SATLIB/Benchmarks/SAT/DIMACS/DUBOIS/dubois.tar.gz,SATLIB public benchmark archive; terms are not stated as an explicit software/data license on the benchmark page. Use for reproducible research with attribution; check original terms before redistributing raw CNFs.,data_external/satlib/dubois/dubois100.cnf,c3c45967ab3a1ee3cc8cd09454bcbc95e33539ad6af29f3c08c4fcefd13d0964,tls_verification_disabled_opt_in,c0ffe431d4b3fc69226f5f5e0444068d5619642f18f8e4f8c8023c24c9ef263c,DIMACS Dubois randomly generated unsatisfiable instances mirrored by SATLIB. Expected status: unsat.
dubois_dubois20,satlib_dimacs_dubois,SATLIB,https://www.cs.ubc.ca/~hoos/SATLIB/Benchmarks/SAT/DIMACS/DUBOIS/dubois.tar.gz,SATLIB public benchmark archive; terms are not stated as an explicit software/data license on the benchmark page. Use for reproducible research with attribution; check original terms before redistributing raw CNFs.,data_external/satlib/dubois/dubois20.cnf,82059aba0e5773644b386eb6bcbe53680655390cb041873a3cb3e93f7bd896a7,tls_verification_disabled_opt_in,c0ffe431d4b3fc69226f5f5e0444068d5619642f18f8e4f8c8023c24c9ef263c,DIMACS Dubois randomly generated unsatisfiable instances mirrored by SATLIB. Expected status: unsat.
dubois_dubois21,satlib_dimacs_dubois,SATLIB,https://www.cs.ubc.ca/~hoos/SATLIB/Benchmarks/SAT/DIMACS/DUBOIS/dubois.tar.gz,SATLIB public benchmark archive; terms are not stated as an explicit software/data license on the benchmark page. Use for reproducible research with attribution; check original terms before redistributing raw CNFs.,data_external/satlib/dubois/dubois21.cnf,6989eedd78392551b0a2b4fe97de968bdb190c3806b32cbc9171f0747eb0f3d3,tls_verification_disabled_opt_in,c0ffe431d4b3fc69226f5f5e0444068d5619642f18f8e4f8c8023c24c9ef263c,DIMACS Dubois randomly generated unsatisfiable instances mirrored by SATLIB. Expected status: unsat.
dubois_dubois22,satlib_dimacs_dubois,SATLIB,https://www.cs.ubc.ca/~hoos/SATLIB/Benchmarks/SAT/DIMACS/DUBOIS/dubois.tar.gz,SATLIB public benchmark archive; terms are not stated as an explicit software/data license on the benchmark page. Use for reproducible research with attribution; check original terms before redistributing raw CNFs.,data_external/satlib/dubois/dubois22.cnf,ced29f39ae3ceb0d56bbe5d6f68a1d0b58560a171677234bd5f9a04a2444aee9,tls_verification_disabled_opt_in,c0ffe431d4b3fc69226f5f5e0444068d5619642f18f8e4f8c8023c24c9ef263c,DIMACS Dubois randomly generated unsatisfiable instances mirrored by SATLIB. Expected status: unsat.
dubois_dubois23,satlib_dimacs_dubois,SATLIB,https://www.cs.ubc.ca/~hoos/SATLIB/Benchmarks/SAT/DIMACS/DUBOIS/dubois.tar.gz,SATLIB public benchmark archive; terms are not stated as an explicit software/data license on the benchmark page. Use for reproducible research with attribution; check original terms before redistributing raw CNFs.,data_external/satlib/dubois/dubois23.cnf,8e40b75d1c8e4ec86aa6538d871cbfe6435c6b50f8128f9e7cb9b727a2b905cb,tls_verification_disabled_opt_in,c0ffe431d4b3fc69226f5f5e0444068d5619642f18f8e4f8c8023c24c9ef263c,DIMACS Dubois randomly generated unsatisfiable instances mirrored by SATLIB. Expected status: unsat.
dubois_dubois24,satlib_dimacs_dubois,SATLIB,https://www.cs.ubc.ca/~hoos/SATLIB/Benchmarks/SAT/DIMACS/DUBOIS/dubois.tar.gz,SATLIB public benchmark archive; terms are not stated as an explicit software/data license on the benchmark page. Use for reproducible research with attribution; check original terms before redistributing raw CNFs.,data_external/satlib/dubois/dubois24.cnf,b85663a68ec76c176d1f8678cb8406216c5e539a976e741012b5adc7ad70aaca,tls_verification_disabled_opt_in,c0ffe431d4b3fc69226f5f5e0444068d5619642f18f8e4f8c8023c24c9ef263c,DIMACS Dubois randomly generated unsatisfiable instances mirrored by SATLIB. Expected status: unsat.
dubois_dubois25,satlib_dimacs_dubois,SATLIB,https://www.cs.ubc.ca/~hoos/SATLIB/Benchmarks/SAT/DIMACS/DUBOIS/dubois.tar.gz,SATLIB public benchmark archive; terms are not stated as an explicit software/data license on the benchmark page. Use for reproducible research with attribution; check original terms before redistributing raw CNFs.,data_external/satlib/dubois/dubois25.cnf,82ded7ea789cb2aca4110512730ad9eb1e0261f91cc6caf02d227d3b2f812e0c,tls_verification_disabled_opt_in,c0ffe431d4b3fc69226f5f5e0444068d5619642f18f8e4f8c8023c24c9ef263c,DIMACS Dubois randomly generated unsatisfiable instances mirrored by SATLIB. Expected status: unsat.
dubois_dubois26,satlib_dimacs_dubois,SATLIB,https://www.cs.ubc.ca/~hoos/SATLIB/Benchmarks/SAT/DIMACS/DUBOIS/dubois.tar.gz,SATLIB public benchmark archive; terms are not stated as an explicit software/data license on the benchmark page. Use for reproducible research with attribution; check original terms before redistributing raw CNFs.,data_external/satlib/dubois/dubois26.cnf,c00826a01ddc332f7886017e2e2af31114c92ae97cd8e420cbe3fe543e4ed60c,tls_verification_disabled_opt_in,c0ffe431d4b3fc69226f5f5e0444068d5619642f18f8e4f8c8023c24c9ef263c,DIMACS Dubois randomly generated unsatisfiable instances mirrored by SATLIB. Expected status: unsat.
dubois_dubois27,satlib_dimacs_dubois,SATLIB,https://www.cs.ubc.ca/~hoos/SATLIB/Benchmarks/SAT/DIMACS/DUBOIS/dubois.tar.gz,SATLIB public benchmark archive; terms are not stated as an explicit software/data license on the benchmark page. Use for reproducible research with attribution; check original terms before redistributing raw CNFs.,data_external/satlib/dubois/dubois27.cnf,4fbcf8ecca5cc8bf5822599c86c63227b08460e35a876bb0230c2439cbc81a80,tls_verification_disabled_opt_in,c0ffe431d4b3fc69226f5f5e0444068d5619642f18f8e4f8c8023c24c9ef263c,DIMACS Dubois randomly generated unsatisfiable instances mirrored by SATLIB. Expected status: unsat.
dubois_dubois28,satlib_dimacs_dubois,SATLIB,https://www.cs.ubc.ca/~hoos/SATLIB/Benchmarks/SAT/DIMACS/DUBOIS/dubois.tar.gz,SATLIB public benchmark archive; terms are not stated as an explicit software/data license on the benchmark page. Use for reproducible research with attribution; check original terms before redistributing raw CNFs.,data_external/satlib/dubois/dubois28.cnf,f2da676017587d0d900a504b465da30624867ae7e879f93fedf329af50cf9a71,tls_verification_disabled_opt_in,c0ffe431d4b3fc69226f5f5e0444068d5619642f18f8e4f8c8023c24c9ef263c,DIMACS Dubois randomly generated unsatisfiable instances mirrored by SATLIB. Expected status: unsat.
dubois_dubois29,satlib_dimacs_dubois,SATLIB,https://www.cs.ubc.ca/~hoos/SATLIB/Benchmarks/SAT/DIMACS/DUBOIS/dubois.tar.gz,SATLIB public benchmark archive; terms are not stated as an explicit software/data license on the benchmark page. Use for reproducible research with attribution; check original terms before redistributing raw CNFs.,data_external/satlib/dubois/dubois29.cnf,e84e30ebcb47fca67551bab6e26f5f4e4e5a04bb1924008b24081ea441d24883,tls_verification_disabled_opt_in,c0ffe431d4b3fc69226f5f5e0444068d5619642f18f8e4f8c8023c24c9ef263c,DIMACS Dubois randomly generated unsatisfiable instances mirrored by SATLIB. Expected status: unsat.
dubois_dubois30,satlib_dimacs_dubois,SATLIB,https://www.cs.ubc.ca/~hoos/SATLIB/Benchmarks/SAT/DIMACS/DUBOIS/dubois.tar.gz,SATLIB public benchmark archive; terms are not stated as an explicit software/data license on the benchmark page. Use for reproducible research with attribution; check original terms before redistributing raw CNFs.,data_external/satlib/dubois/dubois30.cnf,5ab95e48051afa9d7410d52fb07ead3e8a4ec97243d9f9c3f36aa0ebe78d4059,tls_verification_disabled_opt_in,c0ffe431d4b3fc69226f5f5e0444068d5619642f18f8e4f8c8023c24c9ef263c,DIMACS Dubois randomly generated unsatisfiable instances mirrored by SATLIB. Expected status: unsat.
dubois_dubois50,satlib_dimacs_dubois,SATLIB,https://www.cs.ubc.ca/~hoos/SATLIB/Benchmarks/SAT/DIMACS/DUBOIS/dubois.tar.gz,SATLIB public benchmark archive; terms are not stated as an explicit software/data license on the benchmark page. Use for reproducible research with attribution; check original terms before redistributing raw CNFs.,data_external/satlib/dubois/dubois50.cnf,417ea88d5df96c7e6da2250cbe6da7effd012d7de0b0e037ee086254e4e2fc59,tls_verification_disabled_opt_in,c0ffe431d4b3fc69226f5f5e0444068d5619642f18f8e4f8c8023c24c9ef263c,DIMACS Dubois randomly generated unsatisfiable instances mirrored by SATLIB. Expected status: unsat.
pigeon-hole_hole10,satlib_dimacs_pigeonhole,SATLIB,https://www.cs.ubc.ca/~hoos/SATLIB/Benchmarks/SAT/DIMACS/PHOLE/pigeon-hole.tar.gz,SATLIB public benchmark archive; terms are not stated as an explicit software/data license on the benchmark page. Use for reproducible research with attribution; check original terms before redistributing raw CNFs.,data_external/satlib/pigeon-hole/hole10.cnf,a8c786ce602fd368158c216bdf58882a3aa1b9cd844f78eb24487fc12711c56f,tls_verification_disabled_opt_in,092c4682d1a9d25451e8661af0afa3635943173b07164db495f4f0e11e806ee0,DIMACS pigeon-hole instances mirrored by SATLIB. Expected status: unsat.
pigeon-hole_hole6,satlib_dimacs_pigeonhole,SATLIB,https://www.cs.ubc.ca/~hoos/SATLIB/Benchmarks/SAT/DIMACS/PHOLE/pigeon-hole.tar.gz,SATLIB public benchmark archive; terms are not stated as an explicit software/data license on the benchmark page. Use for reproducible research with attribution; check original terms before redistributing raw CNFs.,data_external/satlib/pigeon-hole/hole6.cnf,1c2da59d23617fa81637a8a56c359002eaaa807a27d70fb684645f84e2361fd7,tls_verification_disabled_opt_in,092c4682d1a9d25451e8661af0afa3635943173b07164db495f4f0e11e806ee0,DIMACS pigeon-hole instances mirrored by SATLIB. Expected status: unsat.
pigeon-hole_hole7,satlib_dimacs_pigeonhole,SATLIB,https://www.cs.ubc.ca/~hoos/SATLIB/Benchmarks/SAT/DIMACS/PHOLE/pigeon-hole.tar.gz,SATLIB public benchmark archive; terms are not stated as an explicit software/data license on the benchmark page. Use for reproducible research with attribution; check original terms before redistributing raw CNFs.,data_external/satlib/pigeon-hole/hole7.cnf,225791cbb02429d71bae87f331460d456ee11fecc384a6af049813f42e6319ab,tls_verification_disabled_opt_in,092c4682d1a9d25451e8661af0afa3635943173b07164db495f4f0e11e806ee0,DIMACS pigeon-hole instances mirrored by SATLIB. Expected status: unsat.
pigeon-hole_hole8,satlib_dimacs_pigeonhole,SATLIB,https://www.cs.ubc.ca/~hoos/SATLIB/Benchmarks/SAT/DIMACS/PHOLE/pigeon-hole.tar.gz,SATLIB public benchmark archive; terms are not stated as an explicit software/data license on the benchmark page. Use for reproducible research with attribution; check original terms before redistributing raw CNFs.,data_external/satlib/pigeon-hole/hole8.cnf,e63ad9adca73c42dab2f89a3cec77dbf7800d595f72ce740b32004431e1bfd84,tls_verification_disabled_opt_in,092c4682d1a9d25451e8661af0afa3635943173b07164db495f4f0e11e806ee0,DIMACS pigeon-hole instances mirrored by SATLIB. Expected status: unsat.
pigeon-hole_hole9,satlib_dimacs_pigeonhole,SATLIB,https://www.cs.ubc.ca/~hoos/SATLIB/Benchmarks/SAT/DIMACS/PHOLE/pigeon-hole.tar.gz,SATLIB public benchmark archive; terms are not stated as an explicit software/data license on the benchmark page. Use for reproducible research with attribution; check original terms before redistributing raw CNFs.,data_external/satlib/pigeon-hole/hole9.cnf,e5821911954338bdf496866bdbdf2bab123cbc09dd8e6d19a38277f393bc30c6,tls_verification_disabled_opt_in,092c4682d1a9d25451e8661af0afa3635943173b07164db495f4f0e11e806ee0,DIMACS pigeon-hole instances mirrored by SATLIB. Expected status: unsat.
